machine_id,air_temperature_k,process_temperature_k,rotational_speed_rpm,torque_nm,tool_wear_min,temp_diff_k,mechanical_power_w,type_H,type_L,type_M,machine_failure
1,298.1,308.6,1551,42.8,0,10.5,6951.5905601573495,False,False,True,0
2,298.2,308.7,1408,46.3,3,10.5,6826.722724152667,False,True,False,0
3,298.1,308.5,1498,49.4,5,10.399999999999977,7749.387542560966,False,True,False,0
4,298.2,308.6,1433,39.5,7,10.400000000000034,5927.504658915662,False,True,False,0
5,298.2,308.7,1408,40.0,9,10.5,5897.816608339238,False,True,False,0
6,298.1,308.6,1425,41.9,11,10.5,6252.554778807085,False,False,True,0
7,298.1,308.6,1558,42.4,14,10.5,6917.703247400628,False,True,False,0
8,298.1,308.6,1527,40.2,16,10.5,6428.264055922363,False,True,False,0
9,298.3,308.7,1667,28.6,18,10.399999999999977,4992.6399890359235,False,False,True,0
10,298.5,309.0,1741,28.0,21,10.5,5104.878622573175,False,False,True,0
11,298.4,308.9,1782,23.9,24,10.5,4459.993426595285,True,False,False,0
12,298.6,309.1,1423,44.3,29,10.5,6601.4181710127195,True,False,False,0
13,298.6,309.1,1339,51.1,34,10.5,7165.229332576969,False,False,True,0
14,298.6,309.2,1742,30.0,37,10.599999999999966,5472.6544025534195,False,False,True,0
15,298.6,309.2,2035,19.6,40,10.599999999999966,4176.85215270275,False,True,False,0
16,298.6,309.2,1542,48.4,42,10.599999999999966,7815.528539894543,False,True,False,0
17,298.6,309.2,1311,46.6,44,10.599999999999966,6397.602111623326,False,False,True,0
18,298.7,309.2,1410,45.6,47,10.5,6733.061375173645,False,False,True,0
19,298.8,309.2,1306,54.5,50,10.399999999999977,7453.6380101520235,True,False,False,0
20,298.9,309.3,1632,32.5,55,10.400000000000034,5554.335811546754,False,False,True,0
21,298.9,309.3,1375,42.7,58,10.400000000000034,6148.358622463024,True,False,False,0
22,298.8,309.3,1450,44.8,63,10.5,6802.595292573098,False,True,False,0
23,298.9,309.3,1581,30.7,65,10.400000000000034,5082.75133831639,False,False,True,0
24,299.0,309.4,1758,25.7,68,10.399999999999977,4731.3013681593,False,True,False,0
25,299.0,309.4,1561,37.3,70,10.399999999999977,6097.339157768725,False,False,True,0
26,299.0,309.5,1861,23.3,73,10.5,4540.784717670103,False,True,False,0
27,299.1,309.5,1512,39.0,75,10.399999999999977,6175.114519896097,False,True,False,0
28,299.1,309.4,1811,24.6,77,10.299999999999955,4665.327922433915,True,False,False,0
29,299.1,309.4,1439,44.2,82,10.299999999999955,6660.574360679816,False,True,False,0
30,299.0,309.4,1693,30.1,84,10.399999999999977,5336.445417069278,False,True,False,0
31,299.1,309.5,1339,48.2,86,10.399999999999977,6758.592051471817,False,False,True,0
32,299.0,309.4,1798,25.5,89,10.399999999999977,4801.296052481281,False,True,False,0
33,299.0,309.4,1419,48.3,91,10.399999999999977,7177.251160464705,False,True,False,0
34,298.9,309.3,1665,32.5,93,10.400000000000034,5666.647748912589,False,True,False,0
35,298.8,309.1,1559,34.7,95,10.300000000000011,5665.0560086347705,False,False,True,0
36,298.8,309.2,1452,48.6,98,10.399999999999977,7389.779903480055,False,False,True,0
37,298.9,309.2,1581,36.7,101,10.300000000000011,6076.122935381483,False,False,True,0
38,298.8,309.1,1439,39.2,104,10.300000000000011,5907.115722593864,False,True,False,0
39,298.9,309.2,1379,50.7,106,10.300000000000011,7321.513095117549,True,False,False,0
40,298.8,309.1,1350,52.5,111,10.300000000000011,7422.012644105886,False,True,False,0
41,298.8,309.1,1362,45.4,113,10.300000000000011,6475.3251138731375,False,True,False,0
42,298.8,309.1,1368,50.8,115,10.300000000000011,7277.436550187683,False,True,False,0
43,298.8,309.1,1368,49.1,117,10.300000000000011,7033.900287681403,False,False,True,0
44,298.8,309.2,1372,48.5,120,10.399999999999977,6968.2619451724,True,False,False,0
45,298.8,309.1,1472,47.5,125,10.300000000000011,7322.005277966611,False,False,True,0
46,298.8,309.1,1489,49.1,128,10.300000000000011,7656.050824822814,False,True,False,0
47,298.7,309.0,1843,25.8,130,10.300000000000011,4979.36152408675,False,False,True,0
48,298.8,309.1,1418,46.3,133,10.300000000000011,6875.20797077307,False,True,False,0
49,298.8,309.2,1425,53.9,135,10.399999999999977,8043.262591353267,True,False,False,0
50,298.9,309.2,1412,44.1,140,10.300000000000011,6520.815375497118,False,False,True,0
51,298.9,309.1,2861,4.6,143,10.200000000000045,1378.1748092277942,False,True,False,1
52,298.9,309.1,1383,54.9,145,10.200000000000045,7951.02543104387,False,True,False,0
53,298.8,309.0,1497,43.8,147,10.199999999999989,6866.327735538923,True,False,False,0
54,298.7,309.0,1565,35.1,152,10.300000000000011,5752.41322835559,False,True,False,0
55,298.7,309.0,1691,30.1,154,10.300000000000011,5330.141287811075,False,True,False,0
56,298.8,309.1,1512,40.7,156,10.300000000000011,6444.286178455671,False,True,False,0
57,298.8,309.1,1477,42.4,158,10.300000000000011,6558.053720417668,False,True,False,0
58,298.8,309.1,1513,40.3,160,10.300000000000011,6385.171876690622,False,True,False,0
59,298.8,309.0,1661,29.5,162,10.199999999999989,5131.215640985769,False,False,True,0
60,298.8,309.1,1378,54.4,165,10.300000000000011,7850.127946986078,False,True,False,0
61,298.8,309.1,1393,52.6,167,10.300000000000011,7673.004953176687,False,True,False,0
62,298.8,309.0,1592,38.2,169,10.199999999999989,6368.469075749037,False,False,True,0
63,298.8,309.0,1829,22.9,172,10.199999999999989,4386.092695407341,False,True,False,0
64,298.9,309.0,1812,25.9,174,10.100000000000023,4914.581883569728,False,False,True,0
65,299.0,309.1,1523,38.6,177,10.100000000000023,6156.244020023535,False,True,False,0
66,299.0,309.1,1394,45.1,179,10.100000000000023,6583.668172519938,False,True,False,0
67,298.9,308.9,1679,28.7,181,10.0,5046.162255877581,False,False,True,0
68,298.8,308.9,1466,44.1,184,10.099999999999966,6770.195000339076,True,False,False,0
69,298.8,308.9,1527,32.4,189,10.099999999999966,5180.988940594142,False,True,False,0
70,298.9,309.0,1410,65.7,191,10.100000000000023,9700.923955019922,False,True,False,1
71,298.9,309.0,1924,22.6,193,10.100000000000023,4553.466280015094,False,False,True,0
72,298.9,309.1,1452,45.5,196,10.200000000000045,6918.415341735442,False,True,False,0
73,298.9,309.1,1369,44.4,198,10.200000000000045,6365.243707291351,False,True,False,0
74,299.0,309.1,1592,35.0,200,10.100000000000023,5834.984755267442,False,True,False,0
75,298.9,309.0,1601,32.3,202,10.100000000000023,5415.299392674381,False,True,False,0
76,298.8,308.9,1379,46.7,204,10.099999999999966,6743.878925877505,False,True,False,0
77,298.8,308.9,1461,47.9,206,10.099999999999966,7328.487430808517,False,True,False,0
78,298.8,308.9,1455,41.3,208,10.099999999999966,6292.767164773034,False,True,False,1
79,298.8,308.9,1398,51.5,0,10.099999999999966,7539.508209350144,False,True,False,0
80,298.8,308.9,1402,37.9,2,10.099999999999966,5564.367964087217,False,True,False,0
81,298.8,308.8,1445,49.9,4,10.0,7550.870302780627,True,False,False,0
82,298.9,308.9,1450,47.5,9,10.0,7212.573133866566,False,True,False,0
83,298.9,308.9,1453,40.8,11,10.0,6208.038410905718,False,True,False,0
84,299.0,309.0,1469,40.1,13,10.0,6168.716142858286,False,True,False,0
85,298.9,308.9,1422,47.6,15,10.0,7088.187008735435,False,True,False,0
86,299.0,309.0,1804,26.8,17,10.0,5062.906944721215,False,False,True,0
87,299.0,309.0,1436,43.9,20,10.0,6601.5752506454,True,False,False,0
88,299.0,309.0,1544,31.8,25,10.0,5141.656200571199,False,True,False,0
89,299.0,309.0,1419,45.2,27,10.0,6716.599429668834,False,False,True,0
90,298.9,308.9,1487,39.5,30,10.0,6150.871896585896,False,False,True,0
91,298.9,308.9,1753,25.8,33,10.0,4736.2022526989,False,True,False,0
92,298.9,308.9,1830,24.9,35,10.0,4771.765081537536,False,True,False,0
93,298.9,308.9,1727,27.1,37,10.0,4901.062563183781,False,False,True,0
94,299.1,309.0,1450,43.0,40,9.899999999999977,6529.276731710786,False,True,False,0
95,299.0,308.9,1622,31.9,42,9.899999999999977,5418.388625450411,False,True,False,0
96,299.0,309.0,1351,52.2,44,10.0,7385.067514499669,False,False,True,0
97,299.0,309.0,1575,35.3,47,10.0,5822.156585265283,False,False,True,0
98,298.9,308.9,1750,29.9,50,10.0,5479.461186636197,False,False,True,0
99,298.9,308.8,1529,32.7,53,9.900000000000034,5235.809732399285,False,True,False,0
100,298.8,308.8,1523,44.4,55,10.0,7081.275504897537,False,True,False,0
101,298.8,308.9,1852,25.0,57,10.099999999999966,4848.524662040247,False,True,False,0
102,298.8,308.8,1991,20.7,59,10.0,4315.888571575121,False,True,False,0
103,298.8,308.8,1555,40.6,61,10.0,6611.27229996948,False,True,False,0
104,298.8,308.8,1441,40.5,63,10.0,6111.4972686609035,False,False,True,0
105,298.8,308.7,1450,43.4,66,9.899999999999977,6590.014189680189,False,True,False,0
106,298.8,308.7,1591,31.1,68,9.899999999999977,5181.543955296278,False,True,False,0
107,298.8,308.7,1445,48.5,70,9.899999999999977,7339.022238173556,False,True,False,0
108,298.8,308.8,1497,46.8,72,10.0,7336.624155781315,False,False,True,0
109,298.9,308.8,1621,32.7,75,9.900000000000034,5550.84864370127,True,False,False,0
110,298.9,308.7,1572,34.1,80,9.800000000000011,5613.523417140386,False,True,False,0
111,298.8,308.6,1872,22.5,82,9.800000000000011,4410.79608564007,False,True,False,0
112,298.7,308.6,1499,43.5,84,9.900000000000034,6828.408712210095,True,False,False,0
113,298.8,308.7,1498,39.5,89,9.899999999999977,6196.372630185388,False,False,True,0
114,298.8,308.6,1486,41.9,92,9.800000000000011,6520.208000917424,False,False,True,0
115,298.8,308.6,1680,29.4,95,9.800000000000011,5172.318144870235,False,True,False,0
116,298.8,308.6,1431,45.7,97,9.800000000000011,6848.326409633854,False,True,False,0
117,298.9,308.7,1564,34.1,99,9.800000000000011,5584.955867943742,False,True,False,0
118,298.8,308.6,1599,33.0,101,9.800000000000011,5525.747318399087,False,True,False,0
119,298.8,308.6,1707,28.1,103,9.800000000000011,5023.0610778981845,False,False,True,0
120,298.7,308.5,1467,40.7,106,9.800000000000011,6252.491946954014,False,True,False,0
121,298.9,308.7,1433,44.7,108,9.800000000000011,6707.834386165319,False,True,False,0
122,298.9,308.7,1558,41.2,110,9.800000000000011,6721.919193228913,False,True,False,0
123,299.0,308.8,1310,50.7,112,9.800000000000011,6955.171975782443,False,True,False,0
124,298.9,308.7,1546,43.4,114,9.800000000000011,7026.318577410739,False,True,False,0
125,298.9,308.7,1727,29.4,116,9.800000000000011,5317.0199024945805,False,True,False,0
126,298.9,308.6,1560,32.2,118,9.700000000000045,5260.282739170751,False,True,False,0
127,299.0,308.6,1329,60.5,120,9.600000000000023,8419.939550518684,False,True,False,0
128,298.9,308.6,1413,46.5,122,9.700000000000045,6880.559150259685,False,True,False,0
129,299.0,308.6,1587,38.6,124,9.600000000000023,6414.943703071142,False,True,False,0
130,298.9,308.5,1559,34.3,126,9.600000000000023,5599.75276934215,False,True,False,0
131,298.8,308.4,1473,41.1,128,9.599999999999966,6339.765390870739,False,True,False,0
132,298.8,308.4,1737,27.7,130,9.599999999999966,5038.580545606917,False,True,False,0
133,298.7,308.4,1441,43.2,132,9.699999999999989,6518.930419904965,False,False,True,0
134,298.7,308.4,1430,49.6,135,9.699999999999989,7427.562791127228,False,False,True,0
135,298.8,308.4,1369,53.0,138,9.599999999999966,7598.151272217154,False,True,False,0
136,298.8,308.5,1711,28.5,140,9.699999999999989,5106.501778777529,False,False,True,0
137,298.7,308.5,1420,45.7,143,9.800000000000011,6795.683788735201,True,False,False,0
138,298.7,308.6,1297,55.3,148,9.900000000000034,7510.930188177988,False,True,False,0
139,298.8,308.6,1449,49.4,150,9.800000000000011,7495.902903318317,True,False,False,0
140,298.8,308.6,1268,55.8,155,9.800000000000011,7409.383441638454,False,True,False,0
141,298.8,308.6,1511,36.1,157,9.800000000000011,5712.158954487593,False,True,False,0
142,298.7,308.5,1544,35.2,159,9.800000000000011,5691.393027047365,False,True,False,0
143,298.6,308.4,1778,28.2,161,9.799999999999955,5250.606633797693,False,False,True,0
144,298.6,308.4,1407,50.5,164,9.799999999999955,7440.705120394745,True,False,False,0
145,298.6,308.4,1391,42.4,169,9.799999999999955,6176.203605349342,False,False,True,0
146,298.5,308.4,1513,33.6,172,9.899999999999977,5323.61724706712,False,True,False,0
147,298.5,308.4,1612,36.1,174,9.899999999999977,6093.977653629385,True,False,False,0
148,298.4,308.4,1515,40.1,179,10.0,6361.88220315201,False,True,False,0
149,298.3,308.3,1379,48.0,181,10.0,6931.610030880519,False,False,True,0
150,298.4,308.3,1473,39.9,184,9.900000000000034,6154.662751721227,False,True,False,0
151,298.4,308.3,1422,42.7,186,9.900000000000034,6358.520699012669,False,True,False,0
152,298.4,308.2,1463,37.6,188,9.800000000000011,5760.50806542634,False,False,True,0
153,298.4,308.2,1584,41.0,191,9.800000000000011,6800.919776491184,False,False,True,0
154,298.4,308.2,1850,27.0,194,9.800000000000011,5230.751768227005,False,True,False,0
155,298.4,308.2,1528,36.2,196,9.800000000000011,5792.426646786813,False,True,False,0
156,298.4,308.2,1987,19.8,198,9.800000000000011,4119.9474377707265,True,False,False,0
157,298.4,308.1,1495,46.0,203,9.700000000000045,7201.577559579002,False,False,True,0
158,298.4,308.2,1478,43.5,206,9.800000000000011,6732.747215908285,True,False,False,0
159,298.4,308.2,1499,40.0,211,9.800000000000011,6278.996516974799,False,False,True,0
160,298.4,308.2,1471,47.0,214,9.800000000000011,7240.009709707917,False,True,False,0
161,298.4,308.2,1282,60.7,216,9.800000000000011,8149.0190720486125,False,True,False,1
162,298.3,308.1,1412,52.3,218,9.800000000000011,7733.302588174585,False,True,False,1
163,298.3,308.1,1586,35.5,0,9.800000000000011,5896.036372502203,False,True,False,0
164,298.4,308.2,1468,43.8,2,9.800000000000011,6733.312702585931,False,False,True,0
165,298.5,308.3,1440,43.6,5,9.800000000000011,6574.725105432719,False,False,True,0
166,298.5,308.4,1733,26.0,8,9.899999999999977,4718.4627261816295,False,True,False,0
167,298.4,308.2,1612,32.6,10,9.800000000000011,5503.148795244265,True,False,False,0
168,298.4,308.3,1458,42.9,15,9.900000000000034,6550.032187175502,True,False,False,0
169,298.4,308.3,1433,62.3,20,9.900000000000034,9348.950386087232,False,True,False,1
170,298.4,308.3,1318,59.1,22,9.900000000000034,8157.019661339754,False,True,False,0
171,298.4,308.2,1610,35.0,24,9.800000000000011,5900.958200992828,False,False,True,0
172,298.2,308.1,1462,50.8,27,9.900000000000034,7777.494324835082,False,True,False,0
173,298.1,308.0,1924,20.8,29,9.899999999999977,4190.800824084688,False,False,True,0
174,298.2,308.0,1591,33.7,32,9.800000000000011,5614.727694324262,False,False,True,0
175,298.2,308.1,1306,58.3,35,9.900000000000034,7973.341210859871,False,True,False,0
176,298.2,308.1,1382,43.5,37,9.900000000000034,6295.437518528586,False,True,False,0
177,298.2,308.1,1618,34.7,39,9.900000000000034,5879.4487632912505,False,True,False,0
178,298.2,308.2,1988,21.4,41,10.0,4455.113486006709,False,True,False,0
179,298.2,308.2,1436,50.2,43,10.0,7548.953931261937,False,True,False,0
180,298.2,308.3,1304,49.8,45,10.100000000000023,6800.417121666609,False,True,False,0
181,298.2,308.3,1475,49.9,47,10.100000000000023,7707.635776194758,False,True,False,0
182,298.2,308.3,1824,24.2,49,10.100000000000023,4622.413766785878,True,False,False,0
183,298.1,308.2,1342,48.1,54,10.099999999999966,6759.681136925063,False,False,True,0
184,298.1,308.2,1485,40.7,57,10.099999999999966,6329.209639554677,False,True,False,0
185,298.2,308.2,1667,30.6,59,10.0,5341.775652604869,False,True,False,0
186,298.2,308.2,1446,38.2,61,10.0,5784.426057495671,False,True,False,0
187,298.1,308.3,1301,56.0,63,10.199999999999989,7629.462478997932,False,True,False,0
188,298.2,308.4,1379,43.1,65,10.199999999999989,6224.008173561467,False,True,False,0
189,298.3,308.5,1606,33.6,67,10.199999999999989,5650.845537865033,False,True,False,0
190,298.3,308.4,1539,43.4,69,10.099999999999966,6994.504715805386,False,False,True,0
191,298.2,308.4,1477,49.9,72,10.199999999999989,7718.086807755701,False,True,False,0
192,298.2,308.4,1666,34.6,74,10.199999999999989,6036.423676215621,False,True,False,0
193,298.2,308.4,1398,51.8,76,10.199999999999989,7583.427674647329,True,False,False,0
194,298.2,308.4,1678,34.6,81,10.199999999999989,6079.903318541303,True,False,False,0
195,298.2,308.5,2678,10.7,86,10.300000000000011,3000.7026950518025,False,False,True,1
196,298.3,308.5,1453,42.9,89,10.199999999999989,6527.569799702335,False,True,False,0
197,298.3,308.6,1432,49.5,91,10.300000000000011,7422.955121901963,True,False,False,0
198,298.4,308.6,1527,40.9,96,10.200000000000045,6540.199002169767,False,False,True,0
199,298.4,308.7,1588,35.0,99,10.300000000000011,5820.3239895506895,False,True,False,0
200,298.4,308.6,1433,47.1,101,10.200000000000045,7067.986567972853,False,True,False,0
201,298.4,308.6,1609,35.0,103,10.200000000000045,5897.293009563639,False,True,False,0
202,298.3,308.5,1575,41.2,105,10.199999999999989,6795.264909714723,False,True,False,0
203,298.4,308.5,1636,35.7,107,10.100000000000023,6116.178241714753,False,False,True,0
204,298.4,308.5,1490,37.9,110,10.100000000000023,5913.6292913623065,False,True,False,0
205,298.4,308.5,1741,32.8,112,10.100000000000023,5980.000672157146,False,True,False,0
206,298.5,308.6,1344,53.0,114,10.100000000000023,7459.397596683604,False,False,True,0
207,298.5,308.7,1609,35.3,117,10.199999999999989,5947.841235359899,False,True,False,0
208,298.4,308.7,1421,60.7,119,10.300000000000011,9032.571061919716,False,False,True,1
209,298.4,308.6,1591,36.7,122,10.200000000000045,6114.555085510398,False,True,False,0
210,298.4,308.6,1477,44.0,124,10.200000000000045,6805.527445716449,False,True,False,0
211,298.4,308.7,1523,36.1,126,10.300000000000011,5757.523552405431,False,True,False,0
212,298.5,308.7,1575,33.9,128,10.199999999999989,5591.249525226434,False,True,False,0
213,298.4,308.7,1344,52.9,130,10.300000000000011,7445.323261595521,True,False,False,0
214,298.4,308.7,1386,44.9,135,10.300000000000011,6516.856968753595,False,True,False,0
215,298.3,308.6,1589,37.1,137,10.300000000000011,6173.428531838671,False,False,True,0
216,298.3,308.6,1548,40.3,140,10.300000000000011,6532.879091286902,False,True,False,0
217,298.3,308.6,1499,38.3,142,10.300000000000011,6012.13916500337,False,True,False,0
218,298.3,308.5,1664,31.6,144,10.199999999999989,5506.416051603997,False,True,False,0
219,298.3,308.6,1447,38.1,146,10.300000000000011,5773.273403575427,False,True,False,0
220,298.3,308.5,1434,46.2,148,10.199999999999989,6937.767552481556,False,False,True,0
221,298.3,308.5,1416,52.7,151,10.199999999999989,7814.523230245394,False,True,False,0
222,298.4,308.5,1827,24.3,153,10.100000000000023,4649.148720267926,True,False,False,0
223,298.4,308.6,1304,45.0,158,10.200000000000045,6144.955230421635,False,True,False,0
224,298.4,308.6,1569,34.4,160,10.200000000000045,5652.102174926468,False,True,False,0
225,298.3,308.6,1584,29.3,162,10.300000000000011,4860.169498809554,False,True,False,0
226,298.3,308.5,1362,53.8,164,10.199999999999989,7673.40288824614,False,True,False,0
227,298.3,308.4,1329,49.2,166,10.099999999999966,6847.28968405817,False,True,False,0
228,298.3,308.5,1539,36.1,168,10.199999999999989,5818.009682962545,False,True,False,0
229,298.3,308.5,1629,37.1,170,10.199999999999989,6328.832648436246,False,False,True,0
230,298.3,308.5,1538,32.2,173,10.199999999999989,5186.099264643983,False,True,False,0
231,298.3,308.6,1570,34.8,175,10.300000000000011,5721.46854071773,False,True,False,0
232,298.3,308.4,1408,43.1,177,10.099999999999966,6354.897395485529,False,True,False,0
233,298.2,308.4,1424,47.6,179,10.199999999999989,7098.156329422827,False,True,False,0
234,298.2,308.4,1512,34.9,181,10.199999999999989,5525.935813958302,False,True,False,0
235,298.2,308.4,1478,42.9,183,10.199999999999989,6639.881737068171,False,True,False,0
236,298.1,308.3,1680,33.7,185,10.199999999999989,5928.8136558546585,False,False,True,0
237,298.1,308.3,1495,38.7,188,10.199999999999989,6058.718512080596,False,True,False,0
238,298.0,308.1,1552,36.6,190,10.100000000000023,5948.417194013058,False,False,True,0
239,297.9,308.1,1393,50.3,193,10.200000000000045,7337.493329748808,False,True,False,0
240,298.0,308.2,1611,30.6,195,10.199999999999989,5162.32788023182,False,True,False,0
241,298.0,308.1,1339,51.6,197,10.100000000000023,7235.339208629582,False,False,True,0
242,298.0,308.1,1777,24.3,200,10.100000000000023,4521.91421779754,False,True,False,0
243,298.0,308.2,1348,58.8,202,10.199999999999989,8300.33911819652,False,True,False,1
244,298.0,308.2,1442,44.1,204,10.199999999999989,6659.359611520428,False,True,False,0
245,298.0,308.2,1395,49.1,206,10.199999999999989,7172.727267043536,False,False,True,0
246,297.9,308.1,1627,31.4,209,10.200000000000045,5349.901905602153,False,False,True,0
247,297.9,308.1,1585,33.5,212,10.200000000000045,5560.3571974661345,False,True,False,0
248,298.0,308.2,1469,45.5,214,10.199999999999989,6999.416072320499,False,True,False,0
249,298.0,308.3,1362,56.8,216,10.300000000000011,8101.28780766507,False,True,False,1
250,298.0,308.3,1405,56.2,218,10.300000000000011,8268.776584003455,False,True,False,1
251,298.0,308.3,1662,32.7,0,10.300000000000011,5691.246419390197,False,True,False,0
252,298.0,308.2,1466,42.6,2,10.199999999999989,6539.916258830944,False,False,True,0
253,298.0,308.2,1620,35.8,5,10.199999999999989,6073.326917919787,False,True,False,0
254,298.0,308.2,1357,48.2,7,10.199999999999989,6849.446911013634,False,True,False,0
255,298.0,308.2,1514,37.9,9,10.199999999999989,6008.882380619149,False,True,False,0
256,298.0,308.2,1489,40.4,11,10.199999999999989,6299.479701076205,False,True,False,0
257,298.1,308.3,1331,63.0,13,10.199999999999989,8781.06562604883,False,True,False,0
258,298.0,308.0,1615,29.5,15,10.0,4989.110933288391,False,True,False,0
259,298.1,308.2,1482,37.9,17,10.099999999999966,5881.878261610025,False,True,False,0
260,298.1,308.2,1420,63.9,19,10.099999999999966,9502.061140047688,False,False,True,1
261,298.2,308.3,1522,49.1,22,10.100000000000023,7825.728244043198,False,False,True,0
262,298.1,308.2,1654,32.1,25,10.099999999999966,5559.927846470144,False,True,False,0
263,298.1,308.2,1736,26.8,27,10.099999999999966,4872.065662991147,False,False,True,0
264,298.0,308.1,1587,32.3,30,10.100000000000023,5367.945119409272,False,False,True,0
265,298.1,308.2,1390,47.5,33,10.099999999999966,6914.121831775536,False,True,False,0
266,298.0,308.1,1454,37.1,35,10.100000000000023,5648.9396383218545,False,True,False,0
267,298.0,308.1,1440,43.7,37,10.100000000000023,6589.80475016995,True,False,False,0
268,297.9,308.0,1954,21.1,42,10.100000000000023,4317.532671730501,False,True,False,0
269,297.9,308.0,1800,24.8,44,10.100000000000023,4674.689868541612,True,False,False,0
270,298.0,308.0,1524,37.0,49,10.0,5904.937551687375,False,True,False,0
271,298.0,308.0,1520,39.6,51,10.0,6303.291500162561,True,False,False,0
272,298.1,308.1,1452,40.8,56,10.0,6203.765844896836,False,False,True,0
273,298.1,308.1,1484,40.4,59,10.0,6278.326310542034,False,True,False,0
274,298.1,308.0,1426,46.0,61,9.899999999999977,6869.197056829202,False,True,False,0
275,298.1,308.0,1652,28.5,63,9.899999999999977,4930.415510543821,False,True,False,0
276,298.0,308.0,1401,54.7,65,10.0,8025.16701766859,False,True,False,0
277,298.0,307.9,1750,26.6,67,9.899999999999977,4874.704600820162,False,False,True,0
278,298.0,308.0,1479,50.7,70,10.0,7852.442253574224,True,False,False,0
279,298.0,308.0,1620,29.4,75,10.0,4987.5924968391555,False,False,True,0
280,298.0,308.1,1819,23.4,78,10.100000000000023,4457.35448876627,False,True,False,0
281,298.1,308.1,1456,43.7,80,10.0,6663.024802949616,False,False,True,0
282,298.1,308.0,1626,36.5,83,9.899999999999977,6215.012746596687,False,True,False,0
283,298.1,308.1,1390,49.8,85,10.0,7248.910888893089,False,False,True,0
284,298.2,308.2,1469,43.0,88,10.0,6614.832771643549,False,True,False,0
285,298.2,308.3,2051,19.2,90,10.100000000000023,4123.780180808106,False,True,False,0
286,298.2,308.3,1568,36.0,92,10.100000000000023,5911.2207369945545,False,True,False,0
287,298.2,308.3,1589,33.2,94,10.100000000000023,5524.4697373866275,False,True,False,0
288,298.2,308.3,1805,31.6,96,10.100000000000023,5973.005392515153,False,True,False,0
289,298.2,308.4,1385,42.2,98,10.199999999999989,6120.555527478755,True,False,False,0
290,298.1,308.4,1436,46.7,103,10.299999999999955,7022.632442030527,False,True,False,0
291,298.1,308.4,1438,45.6,105,10.299999999999955,6866.767558510426,False,True,False,0
292,298.0,308.3,1473,42.6,107,10.300000000000011,6571.143689807626,False,True,False,0
293,298.1,308.4,1335,40.2,109,10.299999999999955,5619.9950980067815,False,True,False,0
294,298.1,308.5,1392,44.8,111,10.399999999999977,6530.491480870174,True,False,False,0
295,298.1,308.5,1372,51.1,116,10.399999999999977,7341.81825563525,False,False,True,0
296,298.1,308.6,1716,30.7,119,10.5,5516.76236340982,False,False,True,0
297,298.0,308.5,1395,46.2,122,10.5,6749.083497706953,False,True,False,0
298,298.0,308.5,1713,25.3,124,10.5,4538.438995155423,False,True,False,0
299,297.9,308.5,2129,18.7,126,10.600000000000023,4169.13430675043,True,False,False,0
300,297.8,308.3,1567,35.6,131,10.5,5841.812483301244,False,False,True,0
301,297.8,308.4,1622,38.3,134,10.599999999999966,6505.463459396576,False,True,False,0
302,297.7,308.4,1740,27.1,136,10.699999999999989,4937.9553329124365,False,True,False,0
303,297.8,308.4,1512,35.1,138,10.599999999999966,5557.603067906488,True,False,False,0
304,297.8,308.4,1479,43.5,143,10.599999999999966,6737.30252525599,False,False,True,0
305,297.8,308.4,1737,27.5,146,10.599999999999966,5002.200902678348,False,True,False,0
306,297.8,308.4,2129,19.2,148,10.599999999999966,4280.608486075308,False,True,False,0
307,297.8,308.4,1374,47.1,150,10.599999999999966,6776.98084047083,False,True,False,0
308,297.8,308.4,1579,36.6,152,10.599999999999966,6051.9012560223055,False,False,True,0
309,297.9,308.5,1305,47.2,155,10.600000000000023,6450.3180363505635,False,True,False,0
310,297.9,308.5,1449,40.8,157,10.600000000000023,6190.94814687019,False,False,True,0
311,298.0,308.6,1526,41.8,160,10.600000000000023,6679.738075866713,True,False,False,0
312,298.0,308.6,1453,44.1,165,10.600000000000023,6710.159164728975,False,False,True,0
313,297.9,308.6,1468,36.0,168,10.700000000000045,5534.22961856378,False,True,False,0
314,298.0,308.6,1313,50.8,170,10.600000000000023,6984.849554383353,False,True,False,0
315,297.9,308.5,1300,53.0,172,10.600000000000023,7215.191127744558,False,False,True,0
316,297.9,308.4,1646,40.6,175,10.5,6998.1699072345755,False,True,False,0
317,297.8,308.4,1714,33.2,177,10.599999999999966,5959.056721133215,False,True,False,0
318,297.8,308.4,1685,28.4,179,10.599999999999966,5011.259161496198,False,True,False,0
319,297.8,308.4,1512,39.9,181,10.599999999999966,6317.617162662929,False,True,False,0
320,297.8,308.4,1612,32.1,183,10.599999999999966,5418.744672617819,False,True,False,0
321,297.8,308.4,1550,38.2,185,10.599999999999966,6200.456700635055,True,False,False,0
322,297.8,308.4,1518,32.5,190,10.599999999999966,5166.349118828414,False,True,False,0
323,297.8,308.5,1448,40.0,192,10.699999999999989,6065.368216530694,False,True,False,0
324,297.8,308.5,1561,46.3,194,10.699999999999989,7568.546997444824,False,True,False,0
325,297.8,308.5,1488,41.9,196,10.699999999999989,6528.983516396451,False,False,True,0
326,297.8,308.5,1699,27.8,199,10.699999999999989,4946.144417762795,False,True,False,0
327,297.7,308.5,1501,41.4,201,10.800000000000011,6507.432190792825,False,True,False,0
328,297.7,308.5,1373,56.7,203,10.800000000000011,8152.338688285906,False,True,False,1
329,297.6,308.4,1703,31.4,205,10.799999999999955,5599.80512921971,True,False,False,0
330,297.7,308.5,1720,29.9,210,10.800000000000011,5385.527566293862,True,False,False,0
331,297.6,308.4,1398,41.9,215,10.799999999999955,6134.085319840214,False,False,True,0
332,297.6,308.4,1391,51.9,218,10.799999999999955,7560.022809378085,False,False,True,0
333,297.6,308.3,1538,40.2,0,10.699999999999989,6474.571131636277,False,False,True,0
334,297.5,308.2,1647,31.3,3,10.699999999999989,5398.418568149093,False,True,False,0
335,297.5,308.1,1469,44.8,5,10.600000000000023,6891.732748130952,False,False,True,0
336,297.4,308.1,1749,25.9,8,10.700000000000045,4743.710659140979,False,True,False,0
337,297.6,308.2,1995,20.5,10,10.599999999999966,4282.776185006285,False,False,True,0
338,297.6,308.3,1742,27.7,13,10.699999999999989,5053.084231690991,False,True,False,0
339,297.5,308.2,1563,38.2,15,10.699999999999989,6252.460531027478,False,True,False,0
340,297.5,308.2,1713,32.2,17,10.699999999999989,5776.195084743265,False,False,True,0
341,297.4,308.1,1474,39.4,20,10.700000000000045,6081.662610427313,False,True,False,0
342,297.4,308.2,1530,32.6,22,10.800000000000011,5223.21194585839,False,False,True,0
343,297.4,308.2,1471,46.5,25,10.800000000000011,7162.988329817407,False,True,False,0
344,297.5,308.3,1388,48.6,27,10.800000000000011,7064.059577155866,False,True,False,0
345,297.5,308.2,2448,13.8,29,10.699999999999989,3537.684655354394,False,False,True,0
346,297.5,308.3,1585,32.9,32,10.800000000000011,5460.768710347338,False,True,False,0
347,297.5,308.3,1459,45.2,34,10.800000000000011,6905.932746925179,False,False,True,0
348,297.5,308.3,1544,40.8,37,10.800000000000011,6596.84191771399,False,True,False,0
349,297.6,308.3,1617,31.7,39,10.699999999999989,5367.819455703128,False,True,False,0
350,297.6,308.3,1595,34.3,41,10.699999999999989,5729.060722963905,False,True,False,0
351,297.6,308.3,1400,44.3,43,10.699999999999989,6494.719212521298,True,False,False,0
352,297.6,308.4,1611,31.0,48,10.799999999999955,5229.809290430929,False,False,True,0
353,297.6,308.4,1507,46.0,51,10.799999999999955,7259.3828644050545,False,False,True,0
354,297.5,308.3,1674,30.0,54,10.800000000000011,5259.026102109314,True,False,False,0
355,297.6,308.3,1658,34.3,59,10.699999999999989,5955.349641801979,False,True,False,0
356,297.6,308.3,1623,36.9,61,10.699999999999989,6271.529998434768,False,True,False,0
357,297.6,308.4,1398,48.9,63,10.799999999999955,7158.872843441204,False,False,True,0
358,297.6,308.4,1517,34.2,66,10.799999999999955,5433.007503265117,False,True,False,0
359,297.6,308.3,1467,36.7,68,10.699999999999989,5637.99642391185,False,False,True,0
360,297.6,308.3,1567,34.6,71,10.699999999999989,5677.716627028738,False,False,True,0
361,297.5,308.3,1521,38.2,74,10.800000000000011,6084.4481559134965,False,False,True,0
362,297.5,308.3,1596,36.8,77,10.800000000000011,6150.484433491953,False,True,False,0
363,297.6,308.3,1640,30.9,79,10.699999999999989,5306.778310443879,True,False,False,0
364,297.6,308.3,1438,47.8,84,10.699999999999989,7198.058975806981,False,True,False,0
365,297.6,308.4,1407,55.2,86,10.799999999999955,8133.206389025544,False,True,False,0
366,297.6,308.4,1353,57.5,88,10.799999999999955,8146.935148921731,False,True,False,0
367,297.6,308.5,1552,40.9,90,10.899999999999977,6647.274951779618,False,False,True,0
368,297.6,308.4,1569,38.3,93,10.799999999999955,6292.892828479178,False,False,True,0
369,297.5,308.4,1489,39.5,96,10.899999999999977,6159.144757240349,False,True,False,0
370,297.5,308.4,1587,36.1,98,10.899999999999977,5999.468074633892,True,False,False,0
371,297.5,308.3,1622,37.2,103,10.800000000000011,6318.622472312079,False,False,True,0
372,297.5,308.4,1604,38.1,106,10.899999999999977,6399.675562774695,False,True,False,0
373,297.4,308.3,1405,51.7,108,10.900000000000034,7606.6859322594055,False,False,True,0
374,297.4,308.3,1412,42.0,111,10.900000000000034,6210.300357616303,False,True,False,0
375,297.4,308.3,1431,43.0,113,10.900000000000034,6443.720691778024,False,True,False,0
376,297.4,308.2,1533,37.4,115,10.800000000000011,6004.023383981596,False,True,False,0
377,297.4,308.2,1401,51.9,117,10.800000000000011,7614.3723622851885,False,False,True,0
378,297.4,308.2,1424,53.9,120,10.800000000000011,8037.6181965523165,False,False,True,0
379,297.3,308.2,1754,29.4,123,10.899999999999977,5400.146444108566,False,True,False,0
380,297.3,308.2,1754,26.8,125,10.899999999999977,4922.582472860871,False,True,False,0
381,297.5,308.3,2564,12.8,127,10.800000000000011,3436.8185872231384,False,True,False,1
382,297.5,308.5,1546,40.4,129,11.0,6540.628353165757,False,True,False,0
383,297.5,308.5,1335,48.0,131,11.0,6710.441908067798,False,True,False,0
384,297.5,308.6,1842,27.0,133,11.100000000000023,5208.132301121159,False,False,True,0
385,297.5,308.5,1712,26.8,136,11.0,4804.709916498181,False,True,False,0
386,297.6,308.6,1414,45.4,138,11.0,6722.547511759631,False,False,True,0
387,297.6,308.7,1319,50.9,141,11.099999999999966,7030.580671444109,False,True,False,0
388,297.7,308.7,1249,60.4,143,11.0,7900.016438325084,False,True,False,0
389,297.6,308.7,1455,48.2,145,11.099999999999966,7344.101146296859,False,True,False,0
390,297.6,308.7,1408,54.8,147,11.099999999999966,8080.008753424756,False,False,True,0
391,297.6,308.7,1460,46.7,150,11.099999999999966,7140.002343568643,False,True,False,0
392,297.6,308.6,1491,38.1,152,11.0,5948.825601058024,False,True,False,0
393,297.6,308.5,1490,43.4,154,10.899999999999977,6771.807684567919,False,False,True,0
394,297.5,308.4,1350,52.2,157,10.899999999999977,7379.601143282423,False,False,True,0
395,297.5,308.4,1528,39.9,160,10.899999999999977,6384.470254331321,False,True,False,0
396,297.4,308.3,1571,37.7,162,10.900000000000034,6202.205520545554,False,True,False,0
397,297.4,308.3,1490,42.6,164,10.900000000000034,6646.981736465284,False,True,False,0
398,297.4,308.3,1774,28.9,166,10.900000000000034,5368.8352373277885,False,False,True,0
399,297.4,308.3,1502,43.6,169,10.900000000000034,6857.803547472184,True,False,False,0
400,297.4,308.4,1392,49.7,174,11.0,7244.763986590351,False,True,False,0
401,297.4,308.5,2100,16.9,176,11.100000000000023,3716.504109196725,False,True,False,0
402,297.5,308.5,1722,30.4,178,11.0,5481.953516808045,False,True,False,0
403,297.4,308.6,1678,32.3,180,11.200000000000045,5675.747895632487,False,True,False,0
404,297.3,308.6,1273,59.8,182,11.300000000000011,7971.833246386147,False,True,False,0
405,297.3,308.6,1297,45.9,184,11.300000000000011,6234.207877710121,False,True,False,0
406,297.3,308.5,1350,57.6,186,11.199999999999989,8143.008158104743,False,True,False,0
407,297.4,308.6,1439,51.9,188,11.200000000000045,7820.900663332181,False,True,False,0
408,297.4,308.5,1600,42.1,190,11.100000000000023,7053.922704860282,False,False,True,0
409,297.4,308.6,1434,44.4,193,11.200000000000045,6667.464920566689,False,False,True,0
410,297.4,308.6,1459,41.3,196,11.200000000000045,6310.066868318802,False,True,False,0
411,297.5,308.6,1472,44.9,198,11.100000000000023,6921.221831172649,False,False,True,0
412,297.5,308.7,1429,44.3,201,11.199999999999989,6629.252681923525,False,True,False,0
413,297.5,308.6,1388,48.2,203,11.100000000000023,7005.91916911343,False,True,False,0
414,297.4,308.4,1573,34.5,205,11.0,5682.984030711256,False,True,False,0
415,297.4,308.4,1588,32.5,207,11.0,5404.58656172564,False,True,False,0
416,297.5,308.4,1511,42.8,209,10.899999999999977,6772.310339392492,False,True,False,0
417,297.4,308.5,1495,37.8,211,11.100000000000023,5917.818081567092,False,True,False,0
418,297.4,308.4,1394,50.1,213,11.0,7313.564865703967,False,True,False,0
419,297.4,308.4,2151,17.7,0,11.0,3986.96382074427,False,True,False,0
420,297.3,308.3,1501,38.2,2,11.0,6004.442263002076,False,False,True,0
421,297.3,308.3,1301,39.6,5,11.0,5395.119895862823,False,False,True,0
422,297.3,308.3,1657,31.1,8,11.0,5396.491724654891,False,False,True,0
423,297.3,308.3,1333,55.2,11,11.0,7705.447133312758,False,True,False,0
424,297.3,308.3,1484,43.9,13,11.0,6822.240718633547,False,True,False,0
425,297.3,308.4,1430,45.7,15,11.099999999999966,6843.540716824886,False,True,False,0
426,297.3,308.4,1665,28.9,17,11.099999999999966,5038.957536725348,False,False,True,0
427,297.4,308.5,1501,44.9,20,11.100000000000023,7057.577424313958,False,True,False,0
428,297.5,308.5,1496,42.2,22,11.0,6611.083804410265,False,False,True,0
429,297.6,308.6,1595,36.9,25,11.0,6163.333547445135,False,False,True,0
430,297.5,308.6,1208,62.3,28,11.100000000000023,7881.041218697402,False,True,False,0
431,297.5,308.6,1596,37.1,30,11.100000000000023,6200.624252243247,False,True,False,0
432,297.5,308.5,1446,41.9,32,11.0,6344.697691336874,False,True,False,0
433,297.6,308.5,1466,39.7,34,10.899999999999977,6094.710691915223,False,False,True,0
434,297.6,308.5,1848,23.7,37,10.899999999999977,4586.473946828811,False,False,True,0
435,297.5,308.5,1484,44.7,40,11.0,6946.564011911607,False,False,True,0
436,297.4,308.3,1493,41.2,43,10.900000000000034,6441.479689018464,False,True,False,0
437,297.3,308.3,1504,36.3,45,11.0,5717.195974708849,False,True,False,0
438,297.3,308.3,1538,38.5,47,11.0,6200.770859900414,False,True,False,0
439,297.4,308.4,1341,52.2,49,11.0,7330.403802327207,False,True,False,0
440,297.4,308.3,1535,34.6,51,10.900000000000034,5561.77091416025,False,False,True,0
441,297.4,308.5,1389,39.2,54,11.100000000000023,5701.865002559331,False,True,False,0
442,297.5,308.5,1393,46.6,56,11.0,6797.7572398865705,True,False,False,0
443,297.4,308.5,1399,61.5,61,11.100000000000023,9009.930650862847,False,True,False,1
444,297.4,308.5,1469,45.1,63,11.100000000000023,6937.882744212187,True,False,False,0
445,297.4,308.4,1582,37.2,68,11.0,6162.7994766940255,False,True,False,0
446,297.5,308.6,1793,26.7,70,11.100000000000023,5013.259308818984,False,True,False,0
447,297.5,308.6,1452,39.0,72,11.100000000000023,5930.070292916093,False,True,False,0
448,297.6,308.7,1376,59.9,74,11.099999999999966,8631.253544374644,False,False,True,0
449,297.5,308.6,1552,44.9,77,11.100000000000023,7297.375191562467,False,True,False,0
450,297.6,308.7,1622,37.9,79,11.099999999999966,6437.52128227494,False,True,False,0
451,297.6,308.7,1419,41.7,81,11.099999999999966,6196.508765867044,False,False,True,0
452,297.5,308.6,1440,46.1,84,11.100000000000023,6951.716223863494,True,False,False,0
453,297.4,308.6,1643,31.0,89,11.200000000000045,5333.6912875096305,False,False,True,0
454,297.4,308.7,1510,36.2,92,11.300000000000011,5724.191254350843,False,True,False,0
455,297.4,308.7,1468,46.6,94,11.300000000000011,7163.752784029782,False,True,False,0
456,297.4,308.7,1429,57.4,96,11.300000000000011,8589.596025788043,False,True,False,0
457,297.3,308.7,1478,47.6,98,11.399999999999977,7367.3279879823995,True,False,False,0
458,297.4,308.6,1276,53.6,103,11.200000000000045,7162.161043751963,False,True,False,0
459,297.3,308.6,1486,42.6,105,11.300000000000011,6629.137490192894,False,True,False,0
460,297.4,308.6,1476,42.3,107,11.200000000000045,6538.156966944933,False,True,False,0
461,297.3,308.6,1431,42.0,109,11.300000000000011,6293.866722201791,True,False,False,0
462,297.4,308.7,1402,40.2,114,11.300000000000011,5902.047286446073,False,True,False,0
463,297.4,308.7,1433,43.4,116,11.300000000000011,6512.751954352903,False,True,False,0
464,297.4,308.7,2874,4.2,118,11.300000000000011,1264.0512200983892,False,True,False,1
465,297.3,308.6,1511,35.7,120,11.300000000000011,5648.866334493271,False,True,False,0
466,297.3,308.6,1456,42.9,122,11.300000000000011,6541.047232186236,False,False,True,0
467,297.2,308.5,1550,41.5,125,11.300000000000011,6736.098248072114,False,True,False,0
468,297.2,308.5,2182,16.5,127,11.300000000000011,3770.2253435731104,False,True,False,0
469,297.3,308.7,1619,31.6,129,11.399999999999977,5357.504559823841,False,True,False,0
470,297.3,308.8,1586,32.7,131,11.5,5430.996883966819,False,False,True,0
471,297.3,308.8,1499,44.2,134,11.5,6938.291151257154,True,False,False,0
472,297.3,308.8,1419,42.4,139,11.5,6300.526898627401,True,False,False,0
473,297.4,309.0,1497,41.8,144,11.600000000000023,6552.7967887106615,False,False,True,0
474,297.4,309.0,1520,37.0,147,11.600000000000023,5889.439027929665,False,False,True,0
475,297.4,309.1,1478,49.8,150,11.700000000000045,7707.834743729484,False,True,False,0
476,297.4,309.1,1380,41.1,152,11.700000000000045,5939.495070876863,False,True,False,0
477,297.4,309.0,1570,37.9,154,11.600000000000023,6231.139588885115,False,True,False,0
478,297.4,309.0,1468,41.4,156,11.600000000000023,6364.364061348346,True,False,False,0
479,297.4,309.0,1833,22.6,161,11.600000000000023,4338.0996316360015,False,True,False,0
480,297.4,308.9,1323,57.3,163,11.5,7938.584724135655,False,False,True,0
481,297.4,309.0,1583,32.0,166,11.600000000000023,5304.683915341485,False,True,False,0
482,297.3,309.0,1556,39.5,168,11.699999999999989,6436.285589164529,False,False,True,0
483,297.3,309.0,1548,37.4,171,11.699999999999989,6062.771166603726,False,True,False,0
484,297.4,309.0,1324,56.9,173,11.600000000000023,7889.125583792639,False,True,False,0
485,297.4,309.0,1568,33.7,175,11.600000000000023,5533.559412131014,False,True,False,0
486,297.4,309.0,1685,30.7,177,11.600000000000023,5417.10057246244,False,False,True,0
487,297.4,309.1,1582,35.9,180,11.700000000000045,5947.4328283149325,False,False,True,0
488,297.4,309.1,1463,35.0,183,11.700000000000045,5362.175060902178,False,False,True,0
489,297.4,309.2,1584,42.8,186,11.800000000000011,7099.496742288357,False,True,False,0
490,297.5,309.2,1347,55.8,188,11.699999999999989,7871.009066156938,False,False,True,0
491,297.4,309.2,1459,37.9,191,11.800000000000011,5790.5940510722185,False,True,False,0
492,297.4,309.2,1420,45.6,193,11.800000000000011,6780.813583508209,False,True,False,0
493,297.5,309.3,1404,43.5,195,11.800000000000011,6395.654324178101,False,True,False,0
494,297.5,309.3,1470,38.8,197,11.800000000000011,5972.795953004914,False,True,False,0
495,297.6,309.4,1326,49.8,199,11.799999999999955,6915.148085375709,False,True,False,0
496,297.5,309.3,1459,49.7,201,11.800000000000011,7593.470299163305,True,False,False,0
497,297.5,309.2,1530,40.0,206,11.699999999999989,6408.849013323178,False,False,True,0
498,297.4,309.0,1505,39.2,209,11.600000000000023,6178.046673039448,False,True,False,0
499,297.5,309.1,1611,30.2,211,11.600000000000023,5094.84647003271,False,True,False,0
500,297.5,309.1,1515,35.1,213,11.600000000000023,5568.630058120588,False,True,False,0
501,297.5,309.2,1804,27.4,215,11.699999999999989,5176.255607662734,False,False,True,0
502,297.6,309.3,1464,46.2,218,11.699999999999989,7082.909133077404,False,False,True,0
503,297.6,309.2,1390,43.3,221,11.599999999999966,6302.767901386962,False,True,False,0
504,297.6,309.2,1442,48.1,0,11.599999999999966,7263.383159050625,False,False,True,0
505,297.6,309.3,1529,41.9,3,11.699999999999989,6708.881583716515,False,False,True,0
506,297.6,309.3,1610,35.0,6,11.699999999999989,5900.958200992828,False,True,False,0
507,297.6,309.3,1543,34.3,8,11.699999999999989,5542.282567732481,False,True,False,0
508,297.8,309.4,1445,48.2,10,11.599999999999966,7293.626224329183,True,False,False,0
509,297.7,309.3,1893,24.6,15,11.600000000000023,4876.568612461292,False,True,False,0
510,297.6,309.3,1415,41.3,17,11.699999999999989,6119.770129315356,False,False,True,0
511,297.5,309.3,1564,37.5,20,11.800000000000011,6141.813637768045,False,True,False,0
512,297.5,309.3,1479,39.4,22,11.800000000000011,6102.292402185885,False,True,False,0
513,297.5,309.2,1426,44.8,24,11.699999999999989,6690.00061186844,False,True,False,0
514,297.4,309.2,1428,38.8,26,11.800000000000011,5802.144640061916,False,True,False,0
515,297.4,309.2,1620,33.2,28,11.800000000000011,5632.247309355782,False,True,False,0
516,297.5,309.2,1715,28.0,30,11.699999999999989,5028.642640846062,False,True,False,0
517,297.5,309.3,1732,29.9,32,11.800000000000011,5423.101014430796,False,True,False,0
518,297.5,309.4,1391,58.2,34,11.899999999999977,8477.7134394182,False,False,True,0
519,297.6,309.5,1924,20.6,37,11.899999999999977,4150.504662314644,False,True,False,0
520,297.7,309.5,2027,19.8,39,11.800000000000011,4202.8854838254965,False,False,True,0
521,297.6,309.5,1617,36.2,42,11.899999999999977,6129.812753831332,False,True,False,0
522,297.5,309.4,1497,35.8,44,11.899999999999977,5612.203948225878,False,True,False,0
523,297.5,309.5,1448,43.7,46,12.0,6626.414776559784,False,False,True,0
524,297.4,309.4,1401,45.9,49,12.0,6734.098100749329,False,True,False,0
525,297.4,309.4,1620,35.4,51,12.0,6005.468516602248,False,True,False,0
526,297.4,309.4,1466,45.5,53,12.0,6985.121825746665,False,True,False,0
527,297.6,309.5,1373,50.6,55,11.899999999999977,7275.279323232219,False,True,False,0
528,297.6,309.6,1592,35.8,57,12.0,5968.355835387841,False,False,True,0
529,297.5,309.5,1553,42.4,60,12.0,6895.502659315261,False,False,True,0
530,297.6,309.5,1569,36.2,63,11.899999999999977,5947.851707335411,False,True,False,0
531,297.6,309.5,1709,32.2,65,11.899999999999977,5762.707180283854,False,False,True,0
532,297.6,309.5,1549,34.9,68,11.899999999999977,5661.160433744319,False,True,False,0
533,297.5,309.4,1443,45.4,70,11.899999999999977,6860.421541350174,False,True,False,0
534,297.5,309.3,1675,29.8,72,11.800000000000011,5227.0865767978175,False,True,False,0
535,297.5,309.3,1623,33.4,74,11.800000000000011,5676.66942947754,False,True,False,0
536,297.4,309.3,1365,52.4,76,11.900000000000034,7490.185204688784,True,False,False,0
537,297.4,309.3,1759,24.8,81,11.900000000000034,4568.210821535942,False,True,False,0
538,297.4,309.3,1516,43.0,83,11.900000000000034,6826.47139674038,True,False,False,0
539,297.4,309.3,1499,36.8,88,11.900000000000034,5776.676795616815,False,False,True,0
540,297.4,309.3,1775,25.8,91,11.900000000000034,4795.641185704819,False,False,True,0
541,297.4,309.4,1473,45.5,94,12.0,7018.475067752277,False,True,False,0
542,297.4,309.4,1296,52.3,96,12.0,7097.988777814635,False,True,False,0
543,297.5,309.4,1803,24.7,98,11.899999999999977,4663.60004647444,False,True,False,0
544,297.5,309.3,1563,36.1,100,11.800000000000011,5908.738878798219,True,False,False,0
545,297.5,309.4,1831,26.6,105,11.899999999999977,5100.333785200982,False,False,True,0
546,297.6,309.4,1958,22.1,108,11.799999999999955,4531.412299586894,False,True,False,0
547,297.5,309.4,1809,24.3,110,11.899999999999977,4603.344299378588,False,True,False,0
548,297.5,309.4,1482,39.3,112,11.899999999999977,6099.150809532296,False,False,True,0
549,297.4,309.3,1332,53.2,115,11.900000000000034,7420.693175191379,False,True,False,0
550,297.4,309.2,1437,40.4,117,11.800000000000011,6079.484439520823,False,True,False,0
551,297.4,309.2,1698,29.4,119,11.800000000000011,5227.735839279559,False,True,False,0
552,297.4,309.2,1274,54.3,121,11.800000000000011,7244.324163618847,False,True,False,0
553,297.4,309.3,1622,35.0,123,11.900000000000034,5944.940498143085,False,False,True,0
554,297.4,309.3,1564,36.0,126,11.900000000000034,5896.141092257323,False,False,True,0
555,297.5,309.4,1368,45.3,129,11.899999999999977,6489.525112667363,True,False,False,0
556,297.4,309.4,1539,42.2,134,12.0,6801.108272050399,False,False,True,0
557,297.5,309.4,1357,50.1,137,11.899999999999977,7119.445855638653,False,True,False,0
558,297.5,309.4,1433,48.3,139,11.899999999999977,7248.062658876618,False,False,True,0
559,297.5,309.4,1650,34.6,142,11.899999999999977,5978.450819781376,False,True,False,0
560,297.5,309.4,1503,40.6,144,11.899999999999977,6390.187952960855,False,True,False,0
561,297.5,309.4,1318,58.2,146,11.899999999999977,8032.801087816814,False,True,False,0
562,297.5,309.4,1678,34.4,148,11.899999999999977,6044.759368723145,False,False,True,0
563,297.6,309.5,1574,30.9,151,11.899999999999977,5093.212841852844,False,True,False,0
564,297.7,309.6,1529,35.2,153,11.900000000000034,5636.100996344185,False,True,False,0
565,297.6,309.6,1669,32.1,155,12.0,5610.35040856026,True,False,False,0
566,297.7,309.7,1570,35.8,160,12.0,5885.878556255596,True,False,False,0
567,297.6,309.7,1541,33.7,165,12.099999999999966,5438.274906947636,False,False,True,0
568,297.7,309.7,1680,30.2,168,12.0,5313.061495751058,False,False,True,0
569,297.8,309.7,1935,22.1,171,11.899999999999977,4478.18324805957,False,True,False,0
570,297.7,309.6,1596,35.2,173,11.900000000000034,5883.07206681839,False,False,True,0
571,297.7,309.7,1498,41.0,176,12.0,6431.677919939263,False,True,False,0
572,297.8,309.8,1676,29.0,178,12.0,5089.798977835943,False,False,True,0
573,297.8,309.9,1351,49.0,181,12.099999999999966,6932.343069166357,False,True,False,0
574,297.9,309.9,1472,45.0,183,12.0,6936.636579126263,False,True,False,0
575,297.9,310.0,1439,41.7,185,12.100000000000023,6283.8450416368405,False,False,True,0
576,297.9,309.9,1410,55.4,188,12.0,8180.078951417103,False,False,True,0
577,297.7,309.7,1440,51.1,191,12.0,7705.698460725044,True,False,False,0
578,297.7,309.7,1591,37.7,196,12.0,6281.164215905777,False,True,False,0
579,297.8,309.8,1533,36.8,198,12.0,5907.7021532225335,False,True,False,0
580,297.8,309.7,1700,31.3,200,11.899999999999977,5572.138169917096,False,False,True,0
581,297.8,309.8,1798,25.5,203,12.0,4801.296052481281,False,False,True,0
582,297.8,309.7,1394,42.9,206,11.899999999999977,6262.513627518965,False,True,False,0
583,297.8,309.7,1341,49.2,208,11.899999999999977,6909.116227480816,False,True,False,0
584,297.7,309.6,1697,32.2,210,11.900000000000034,5722.2434669056165,True,False,False,0
585,297.6,309.6,1419,48.2,215,12.0,7162.391427213226,True,False,False,0
586,297.6,309.5,2001,20.5,220,11.899999999999977,4295.656714886003,False,True,False,0
587,297.6,309.6,1501,49.8,222,12.0,7827.780751243544,False,True,False,1
588,297.6,309.5,1623,33.1,224,11.899999999999977,5625.681380709779,True,False,False,0
589,297.6,309.4,1628,33.4,229,11.799999999999955,5694.157628582523,False,True,False,0
590,297.6,309.4,1491,40.2,231,11.799999999999955,6276.7136263131915,False,True,False,0
591,297.5,309.4,1517,36.7,233,11.899999999999977,5830.157174556426,False,True,False,0
592,297.5,309.3,1525,41.7,235,11.800000000000011,6659.3910274469645,True,False,False,0
593,297.5,309.5,1668,27.9,240,12.0,4873.36418795463,True,False,False,0
594,297.5,309.6,1312,50.7,0,12.100000000000023,6965.790558951577,False,True,False,0
595,297.6,309.6,1278,50.4,2,12.0,6745.125090963429,True,False,False,0
596,297.6,309.6,1330,53.1,7,12.0,7395.623265815731,False,False,True,0
597,297.6,309.6,1530,37.3,10,12.0,5976.251704923862,False,False,True,0
598,297.6,309.6,1428,46.6,13,12.0,6968.555160486735,True,False,False,0
599,297.7,309.6,1480,47.9,18,11.900000000000034,7423.79287994292,False,True,False,0
600,297.7,309.7,1616,31.1,20,12.0,5262.963564901814,True,False,False,0
601,297.8,309.7,1547,37.3,25,11.899999999999977,6042.654501645239,False,True,False,0
602,297.9,309.7,2194,16.8,27,11.800000000000011,3859.8863979065636,False,True,False,0
603,297.9,309.8,2000,21.3,29,11.900000000000034,4461.061568097506,False,True,False,0
604,297.9,309.8,1336,71.6,31,11.900000000000034,10017.240447334365,False,True,False,1
605,297.9,309.9,1542,33.8,33,12.0,5457.951748934619,False,True,False,0
606,297.9,309.8,1693,29.9,35,11.900000000000034,5300.987307985761,False,False,True,0
607,297.9,309.8,1461,50.5,38,11.900000000000034,7726.275892606057,False,True,False,0
608,298.0,309.9,1565,33.9,40,11.899999999999977,5555.749528240869,False,False,True,0
609,298.0,309.9,1403,47.7,43,11.899999999999977,7008.1706438485035,False,True,False,0
610,298.1,309.9,1629,32.5,45,11.799999999999955,5544.125635422587,False,True,False,0
611,298.1,310.0,1534,33.7,47,11.899999999999977,5413.571516714907,False,True,False,0
612,298.1,310.0,1553,40.9,49,11.899999999999977,6651.557989764013,False,True,False,0
613,298.1,309.9,1563,32.8,51,11.799999999999955,5368.6048538665245,False,True,False,0
614,298.1,309.9,1634,30.0,53,11.799999999999955,5133.362395965722,False,True,False,0
615,298.0,309.9,1445,45.2,55,11.899999999999977,6839.666085885458,False,False,True,0
616,298.1,309.9,1642,30.4,58,11.799999999999955,5227.2750723570325,False,True,False,0
617,298.1,309.9,1686,29.1,60,11.799999999999955,5137.82345753382,True,False,False,0
618,298.1,310.0,1393,43.1,65,11.899999999999977,6287.196073800669,False,False,True,0
619,298.2,310.0,1433,44.2,68,11.800000000000011,6632.802681622083,True,False,False,0
620,298.3,310.0,1507,44.7,73,11.699999999999989,7054.22639215013,False,True,False,0
621,298.3,310.1,1389,49.6,75,11.800000000000011,7214.6046971158885,False,False,True,0
622,298.3,310.1,1408,45.3,78,11.800000000000011,6679.277308944186,False,True,False,0
623,298.4,310.2,1725,32.0,80,11.800000000000011,5780.530482605219,False,False,True,0
624,298.4,310.1,1926,23.7,83,11.700000000000045,4780.058886143013,False,True,False,0
625,298.3,310.1,1509,37.6,85,11.800000000000011,5941.631353881304,True,False,False,0
626,298.3,310.1,1545,36.3,90,11.800000000000011,5873.050386253438,False,True,False,0
627,298.4,310.1,1533,35.2,92,11.700000000000045,5650.845537865033,False,True,False,0
628,298.4,310.1,1455,42.2,94,11.700000000000045,6429.89768410223,False,True,False,0
629,298.4,310.1,1335,57.8,96,11.700000000000045,8080.4904642983065,False,False,True,0
630,298.3,310.1,1523,45.9,99,11.800000000000011,7320.5077854684,False,True,False,0
631,298.3,310.0,1460,47.6,101,11.699999999999989,7277.604101795875,False,True,False,0
632,298.4,310.0,1554,37.3,103,11.600000000000023,6069.996829706983,False,True,False,0
633,298.3,310.0,1419,47.1,105,11.699999999999989,6998.934361446949,True,False,False,0
634,298.3,310.0,1442,43.9,110,11.699999999999989,6629.1584341439175,False,True,False,0
635,298.3,309.9,1507,41.6,112,11.599999999999966,6565.007112157615,False,True,False,0
636,298.3,310.0,1858,23.9,114,11.699999999999989,4650.2063897946355,False,True,False,0
637,298.3,309.9,1463,43.9,116,11.599999999999966,6725.699576388732,False,True,False,0
638,298.2,309.7,1585,37.4,118,11.5,6207.682363738311,False,True,False,0
639,298.0,309.6,1536,37.3,120,11.600000000000023,5999.687986119643,False,True,False,0
640,298.0,309.6,1403,51.3,122,11.600000000000023,7537.0891830068795,False,True,False,0
641,297.9,309.6,1515,38.8,124,11.700000000000045,6155.636645443839,False,False,True,0
642,297.9,309.5,1390,47.9,127,11.600000000000023,6972.346015622067,False,True,False,0
643,297.8,309.4,1226,58.7,129,11.599999999999966,7536.282840892458,False,False,True,0
644,297.8,309.4,1495,36.5,132,11.599999999999966,5714.295237492034,False,False,True,0
645,297.7,309.4,1608,30.2,135,11.699999999999989,5085.358860218869,True,False,False,0
646,297.7,309.4,1392,44.1,140,11.699999999999989,6428.452551481579,False,True,False,0
647,297.7,309.4,1461,43.7,142,11.699999999999989,6685.906069443262,False,False,True,0
648,297.7,309.3,1559,36.9,145,11.600000000000023,6024.223824744179,False,True,False,0
649,297.7,309.3,1400,48.9,147,11.600000000000023,7169.114435491908,True,False,False,0
650,297.7,309.2,1732,28.8,152,11.5,5223.58893697682,False,False,True,0
651,297.6,309.2,1611,33.1,155,11.599999999999966,5584.08669397625,False,True,False,0
652,297.6,309.1,1503,38.9,157,11.5,6122.618506654611,False,True,False,0
653,297.7,309.2,1391,44.5,159,11.5,6482.100482029379,False,True,False,0
654,297.8,309.3,2015,20.1,161,11.5,4241.3071619789,False,True,False,0
655,297.8,309.2,1683,30.9,163,11.399999999999977,5445.91944907137,False,True,False,0
656,297.7,309.1,1435,38.8,165,11.400000000000034,5830.586525552416,False,True,False,0
657,297.7,309.1,1732,28.1,167,11.400000000000034,5096.626705869746,False,False,True,0
658,297.7,309.2,1365,58.6,170,11.5,8376.428492266465,False,True,False,0
659,297.7,309.1,1562,36.8,172,11.400000000000034,6019.459075886235,False,True,False,0
660,297.6,309.1,1449,49.1,174,11.5,7450.381225767803,False,True,False,0
661,297.7,309.2,1700,27.4,176,11.5,4877.846193473752,False,False,True,0
662,297.6,309.0,1427,45.6,179,11.399999999999977,6814.240129342405,False,False,True,0
663,297.6,308.9,1479,38.1,182,11.299999999999955,5900.947729017316,False,False,True,0
664,297.5,308.9,1469,44.0,185,11.399999999999977,6768.666091914329,False,True,False,0
665,297.5,308.9,1390,47.4,187,11.399999999999977,6899.565785813903,False,True,False,0
666,297.5,308.9,1729,28.1,189,11.399999999999977,5087.798830513158,False,True,False,0
667,297.5,309.0,1470,43.5,191,11.5,6696.304741126643,False,True,False,0
668,297.5,308.9,1459,48.5,193,11.399999999999977,7410.126951899804,False,True,False,0
669,297.5,308.9,1738,24.0,195,11.399999999999977,4368.070425551248,False,True,False,0
670,297.5,308.9,1471,37.7,197,11.399999999999977,5807.412043744436,True,False,False,0
671,297.6,309.0,1822,25.4,202,11.399999999999977,4846.30460323171,False,True,False,0
672,297.5,308.9,1554,34.8,204,11.399999999999977,5663.160581067104,False,True,False,0
673,297.6,308.9,1433,43.2,206,11.299999999999955,6482.73927253561,False,False,True,0
674,297.6,308.9,1449,47.7,209,11.299999999999955,7237.94673053206,False,True,False,0
675,297.8,309.0,1456,41.2,0,11.199999999999989,6281.844894314055,False,True,False,0
676,297.8,309.1,1424,45.5,2,11.300000000000011,6785.002373712996,False,False,True,0
677,297.9,309.2,1577,34.7,5,11.300000000000011,5730.46396768251,True,False,False,0
678,297.9,309.2,1478,39.7,10,11.300000000000011,6144.599183254229,False,True,False,0
679,297.8,309.2,1295,61.2,12,11.399999999999977,8299.459472253515,False,False,True,0
680,297.8,309.2,1372,47.3,15,11.399999999999977,6795.851340343392,False,True,False,0
681,297.8,309.1,1432,42.6,17,11.300000000000011,6388.240165515629,False,False,True,0
682,297.7,309.0,1656,33.2,20,11.300000000000011,5757.408360674799,False,False,True,0
683,297.8,309.0,1410,48.8,23,11.199999999999989,7205.556910273549,True,False,False,0
684,297.7,309.0,1874,24.4,28,11.300000000000011,4788.373634699515,False,True,False,0
685,297.7,309.0,1538,43.2,30,11.300000000000011,6957.748081758387,False,True,False,0
686,297.7,309.0,1636,29.7,32,11.300000000000011,5088.249125460172,False,False,True,0
687,297.7,309.0,1504,40.4,35,11.300000000000011,6362.9398726787185,False,False,True,0
688,297.7,309.0,1531,42.4,38,11.300000000000011,6797.820071739642,False,False,True,0
689,297.6,309.0,1735,26.4,41,11.399999999999977,4796.583663500896,True,False,False,0
690,297.6,309.0,1354,55.6,46,11.399999999999977,7883.554492820275,True,False,False,0
691,297.6,309.0,1413,40.2,51,11.399999999999977,5948.3543621599865,True,False,False,0
692,297.7,309.1,1563,39.3,56,11.400000000000034,6432.505206004708,False,True,False,0
693,297.7,309.1,1479,42.1,58,11.400000000000034,6520.4698003052235,False,True,False,0
694,297.7,309.1,1477,38.3,60,11.400000000000034,5923.902299339545,False,True,False,0
695,297.6,309.1,1394,50.0,62,11.5,7298.966931840286,False,True,False,0
696,297.6,309.0,1487,45.4,64,11.399999999999977,7069.609724177207,False,True,False,0
697,297.6,309.0,1815,25.3,66,11.399999999999977,4808.678795217216,False,False,True,0
698,297.6,308.8,1453,39.7,69,11.199999999999989,6040.664826297966,False,False,True,0
699,297.6,308.8,1539,40.2,72,11.199999999999989,6478.780865792087,False,True,False,0
700,297.5,308.7,1416,39.2,74,11.199999999999989,5812.700391377979,True,False,False,0
701,297.6,308.8,1683,31.6,79,11.199999999999989,5569.289792577842,False,False,True,0
702,297.7,308.8,1515,40.1,82,11.100000000000023,6361.88220315201,False,True,False,0
703,297.7,308.9,1531,48.3,84,11.199999999999989,7743.743147760017,False,False,True,0
704,297.7,308.9,1479,40.9,87,11.199999999999989,6334.61317891885,True,False,False,0
705,297.7,308.9,1516,33.7,92,11.199999999999989,5350.048513259322,False,True,False,0
706,297.7,309.0,1507,38.2,94,11.300000000000011,6028.444030875502,False,True,False,0
707,297.8,309.0,1434,43.3,96,11.199999999999989,6502.2799788409375,False,False,True,0
708,297.7,308.9,1838,27.3,99,11.199999999999989,5254.565040541216,False,True,False,0
709,297.6,308.8,1416,45.9,101,11.199999999999989,6806.197652149215,False,False,True,0
710,297.6,308.8,1357,49.7,104,11.199999999999989,7062.603972559703,False,False,True,0
711,297.5,308.7,1697,28.1,107,11.199999999999989,4993.63482670956,False,False,True,0
712,297.5,308.7,1443,46.2,110,11.199999999999989,6981.3100266603105,False,True,False,0
713,297.5,308.7,1453,37.6,112,11.199999999999989,5721.133437501348,False,True,False,0
714,297.4,308.6,1439,46.4,114,11.200000000000045,6992.096161437634,False,True,False,0
715,297.4,308.6,1609,36.2,116,11.200000000000045,6099.485912748679,False,True,False,0
716,297.4,308.6,1324,59.1,118,11.200000000000045,8194.153286505187,False,True,False,0
717,297.4,308.6,1420,45.8,120,11.200000000000045,6810.553993962192,True,False,False,0
718,297.4,308.7,1545,36.9,125,11.300000000000011,5970.125599249363,False,True,False,0
719,297.5,308.8,1477,39.0,127,11.300000000000011,6032.1720541577615,False,True,False,0
720,297.4,308.8,1447,58.1,129,11.400000000000034,8803.86311673838,False,True,False,0
721,297.4,308.9,1809,23.8,131,11.5,4508.625280872856,False,True,False,0
722,297.5,308.9,1696,30.9,133,11.399999999999977,5487.9853747029365,False,True,False,0
723,297.5,308.9,1427,44.7,135,11.399999999999977,6679.748547842226,False,True,False,0
724,297.4,308.9,1500,46.3,137,11.5,7272.786993060371,False,False,True,0
725,297.5,308.9,1390,44.6,140,11.399999999999977,6491.9964988881875,False,True,False,0
726,297.4,308.8,1640,34.2,142,11.400000000000034,5873.521625151478,False,True,False,0
727,297.4,308.8,1628,37.4,144,11.400000000000034,6376.0926739217475,False,False,True,0
728,297.3,308.6,1499,37.6,147,11.300000000000011,5902.256725956312,True,False,False,0
729,297.4,308.7,1425,50.3,152,11.300000000000011,7506.050247589413,False,False,True,0
730,297.3,308.6,1586,37.7,155,11.300000000000011,6261.424542065721,False,True,False,0
731,297.3,308.6,1471,50.7,157,11.300000000000011,7809.9679208976895,False,False,True,0
732,297.3,308.6,1431,53.0,160,11.300000000000011,7942.260387540356,False,False,True,0
733,297.2,308.6,1924,22.1,163,11.400000000000034,4452.725875589981,False,True,False,0
734,297.1,308.4,1421,42.0,165,11.299999999999955,6249.884425051534,False,False,True,0
735,297.0,308.4,1305,54.6,168,11.399999999999977,7461.596711541118,True,False,False,0
736,296.9,308.4,1557,32.4,173,11.5,5282.776542570452,False,True,False,0
737,296.9,308.3,1555,38.2,175,11.400000000000034,6220.45817386291,False,True,False,0
738,296.9,308.3,1474,39.2,177,11.400000000000034,6050.791226618037,True,False,False,0
739,296.8,308.3,1506,45.9,182,11.5,7238.794960548528,False,True,False,0
740,296.9,308.4,1390,41.8,184,11.5,6084.427211962471,False,True,False,0
741,296.9,308.4,1450,46.9,186,11.5,7121.466946912462,False,False,True,0
742,296.9,308.3,1513,38.8,189,11.400000000000034,6147.510392446554,False,True,False,0
743,296.8,308.2,1643,34.7,191,11.399999999999977,5970.293150857555,False,True,False,0
744,296.8,308.2,1361,53.8,193,11.399999999999977,7667.768965420703,False,True,False,0
745,296.7,308.1,1450,40.9,195,11.400000000000034,6210.4050773714225,False,True,False,0
746,296.7,308.0,1451,50.7,197,11.300000000000011,7703.782089206354,False,True,False,0
747,296.8,308.1,1289,62.0,199,11.300000000000011,8368.99338965297,False,True,False,1
748,296.8,308.1,1356,48.3,201,11.300000000000011,6858.599417611092,False,True,False,0
749,296.7,308.1,1528,46.3,203,11.400000000000034,7408.545683597497,True,False,False,0
750,296.6,308.0,1978,22.3,208,11.399999999999977,4619.125566475121,False,True,False,0
751,296.7,308.0,1535,36.8,210,11.300000000000011,5915.40952719934,False,True,False,0
752,296.8,308.1,1843,24.2,212,11.300000000000011,4670.563910189897,False,False,True,0
753,296.9,308.1,1422,48.7,215,11.200000000000045,7251.989649693607,False,True,False,0
754,296.8,308.0,1536,40.4,217,11.199999999999989,6498.321572097414,False,True,False,0
755,296.9,308.1,1483,44.3,219,11.200000000000045,6879.763280120775,False,False,True,0
756,296.8,308.1,1492,43.7,222,11.300000000000011,6827.769921703864,True,False,False,0
757,296.8,308.0,1584,40.4,227,11.199999999999989,6701.3941212254595,False,True,False,0
758,296.9,308.1,1555,33.7,229,11.200000000000045,5487.681687413091,False,True,False,0
759,296.8,308.0,1497,41.7,231,11.199999999999989,6537.120241369249,False,True,False,0
760,296.7,307.8,1537,36.3,233,11.100000000000023,5842.6397693666895,False,False,True,0
761,296.7,307.8,1505,39.4,236,11.100000000000023,6209.567319330466,False,True,False,0
762,296.7,307.8,1646,34.6,238,11.100000000000023,5963.957605672816,False,True,False,0
763,296.7,307.8,1286,60.5,0,11.100000000000023,8147.511107574889,False,False,True,0
764,296.7,307.8,1400,47.5,3,11.100000000000023,6963.863715457374,False,True,False,0
765,296.8,307.9,1337,56.5,5,11.099999999999966,7910.582661616659,False,True,False,0
766,296.9,308.0,1332,53.9,7,11.100000000000023,7518.333874864949,False,True,False,0
767,296.8,308.0,1561,38.3,9,11.199999999999989,6260.806695510514,False,True,False,0
768,296.9,308.0,1546,31.1,11,11.100000000000023,5034.988658006314,False,True,False,0
769,296.9,308.0,1713,29.3,13,11.100000000000023,5255.978757235332,False,True,False,0
770,296.9,308.0,1343,44.5,15,11.100000000000023,6258.419085093787,False,True,False,0
771,296.8,308.0,1391,54.4,17,11.199999999999989,7924.185757806702,False,True,False,0
772,296.8,308.0,1311,58.6,19,11.199999999999989,8045.053299165815,True,False,False,0
773,296.8,308.0,1453,51.0,24,11.199999999999989,7760.048013632148,True,False,False,0
774,296.8,308.0,1510,39.4,29,11.199999999999989,6230.197111089038,False,True,False,0
775,296.8,307.9,1448,48.8,31,11.099999999999966,7399.749224167445,False,True,False,0
776,296.7,307.8,1453,46.0,33,11.100000000000023,6999.258992687819,False,True,False,0
777,296.7,307.8,1468,39.2,35,11.100000000000023,6026.161140213893,False,True,False,0
778,296.7,307.8,1382,47.5,37,11.100000000000023,6874.328324830065,False,True,False,0
779,296.7,308.0,1580,32.2,39,11.300000000000011,5327.722261467811,False,True,False,0
780,296.8,308.0,1666,29.8,41,11.199999999999989,5199.000738474725,False,True,False,0
781,296.9,308.0,1409,50.7,43,11.100000000000023,7480.791842654551,False,False,True,0
782,296.8,308.0,1675,29.7,46,11.199999999999989,5209.546017815274,False,True,False,0
783,296.8,307.9,1698,30.8,48,11.099999999999966,5476.675641150015,False,True,False,0
784,296.7,307.9,1579,33.4,50,11.199999999999989,5522.773277353688,True,False,False,0
785,296.7,307.9,1743,27.9,55,11.199999999999989,5092.490275542518,False,True,False,0
786,296.9,308.0,1497,44.8,57,11.100000000000023,7023.093208953053,False,False,True,0
787,296.9,308.1,1741,28.8,60,11.200000000000045,5250.732297503837,False,True,False,0
788,296.9,308.1,1435,45.3,62,11.200000000000045,6807.360041431042,False,True,False,0
789,296.9,308.1,1440,46.3,64,11.200000000000045,6981.875513337956,False,False,True,0
790,296.9,308.0,1641,33.3,67,11.100000000000023,5722.442434440343,False,False,True,0
791,296.8,307.9,1420,45.4,70,11.099999999999966,6751.073173054226,False,True,False,0
792,296.8,307.9,1611,35.4,72,11.099999999999966,5972.104802621124,False,True,False,0
793,296.8,307.8,1373,42.9,74,11.0,6168.171600131664,False,True,False,0
794,296.8,307.9,1683,31.8,76,11.099999999999966,5604.538462151119,False,False,True,0
795,296.9,307.9,1547,32.6,79,11.0,5281.247634145706,True,False,False,0
796,296.9,307.8,1605,37.0,84,10.900000000000034,6218.782657780996,False,True,False,0
797,296.9,307.9,2010,18.9,86,11.0,3978.1987772407547,False,False,True,0
798,296.8,307.7,1565,40.1,89,10.899999999999977,6571.845312166928,False,True,False,0
799,296.9,307.8,1828,24.6,91,10.900000000000034,4709.121724024956,False,False,True,0
800,297.0,307.8,1579,34.1,94,10.800000000000011,5638.5200226874485,False,False,True,0
801,297.0,307.9,1882,24.2,97,10.899999999999977,4769.3984150718325,False,False,True,0
802,296.9,307.8,1285,52.1,100,10.900000000000034,7010.830525628542,False,True,False,0
803,296.9,307.8,1571,35.0,102,10.900000000000034,5758.015735254492,False,True,False,0
804,296.9,307.8,1549,37.8,104,10.900000000000034,6131.572045717342,True,False,False,0
805,296.9,307.8,1544,37.6,109,10.900000000000034,6079.442551618776,False,False,True,0
806,297.0,307.9,1412,47.4,112,10.899999999999977,7008.767546452685,False,False,True,0
807,297.0,307.9,1422,53.0,115,10.899999999999977,7892.309064348278,False,False,True,0
808,297.0,307.7,1867,22.8,118,10.699999999999989,4457.668648031629,False,True,False,0
809,296.9,307.7,1424,43.3,120,10.800000000000011,6456.936324874125,False,True,False,0
810,296.9,307.6,1452,45.7,122,10.700000000000045,6948.825958622192,False,True,False,0
811,296.9,307.7,1550,39.7,124,10.800000000000011,6443.930131288264,False,True,False,0
812,296.8,307.6,1588,37.6,126,10.800000000000011,6252.690914488741,False,True,False,0
813,296.8,307.6,1338,44.4,128,10.800000000000011,6221.107436344651,False,True,False,0
814,296.8,307.6,1513,40.0,130,10.800000000000011,6337.639579841809,False,True,False,0
815,296.8,307.5,1470,45.9,132,10.699999999999989,7065.756037188803,False,False,True,0
816,296.8,307.5,1516,36.7,135,10.699999999999989,5826.313959543535,False,False,True,0
817,296.8,307.6,1434,48.3,138,10.800000000000011,7253.120623048899,False,True,False,0
818,296.8,307.6,1368,52.0,140,10.800000000000011,7449.344500192117,False,True,False,0
819,296.8,307.6,1304,48.7,142,10.800000000000011,6650.20710492297,False,True,False,0
820,296.8,307.6,1398,46.7,144,10.800000000000011,6836.79676459518,False,True,False,0
821,296.7,307.6,1516,37.4,146,10.900000000000034,5937.442563676517,False,True,False,0
822,296.7,307.6,1474,41.7,148,10.900000000000034,6436.683524233984,False,True,False,0
823,296.7,307.6,1547,34.7,150,10.900000000000034,5621.450702602944,False,False,True,0
824,296.6,307.5,1482,39.9,153,10.899999999999977,6192.267615784697,False,False,True,0
825,296.6,307.4,1436,42.8,156,10.799999999999955,6436.159925458384,False,True,False,0
826,296.6,307.3,1474,40.0,158,10.699999999999989,6174.27676185514,False,True,False,0
827,296.5,307.2,1481,38.2,160,10.699999999999989,5924.436370090656,False,True,False,0
828,296.5,307.3,1501,42.1,162,10.800000000000011,6617.461237497052,False,True,False,0
829,296.5,307.3,1566,37.2,164,10.800000000000011,6100.470278446804,False,True,False,0
830,296.5,307.3,1579,34.5,166,10.800000000000011,5704.661020021025,False,True,False,0
831,296.6,307.4,1631,35.0,168,10.799999999999955,5977.927221005778,False,True,False,0
832,296.6,307.4,1544,42.3,170,10.799999999999955,6839.372870571123,False,False,True,0
833,296.6,307.4,1521,38.6,173,10.799999999999955,6148.159654928297,False,True,False,0
834,296.6,307.4,1616,28.0,175,10.799999999999955,4738.359479654365,False,True,False,0
835,296.6,307.4,1333,50.2,177,10.799999999999955,7007.489965440225,True,False,False,0
836,296.7,307.4,1533,32.5,182,10.699999999999989,5217.399999449249,False,False,True,0
837,296.6,307.4,1368,45.1,185,10.799999999999955,6460.873787666625,False,True,False,0
838,296.6,307.4,1465,47.8,187,10.799999999999955,7333.210291764414,False,True,False,0
839,296.6,307.4,1406,41.5,189,10.799999999999955,6110.2929914770275,True,False,False,0
840,296.5,307.4,1565,43.5,194,10.899999999999977,7129.059129158638,False,False,True,0
841,296.6,307.5,1582,37.9,197,10.899999999999977,6278.766133513536,False,True,False,0
842,296.6,307.5,1439,45.5,199,10.899999999999977,6856.4736065821635,False,True,False,0
843,296.6,307.5,1566,35.0,201,10.899999999999977,5739.689778108552,False,False,True,0
844,296.6,307.5,1485,42.7,204,10.899999999999977,6640.227312260066,False,True,False,0
845,296.5,307.5,1566,35.1,206,11.0,5756.0888917602915,False,True,False,0
846,296.3,307.3,1439,41.5,208,11.0,6253.706696113401,False,True,False,0
847,296.4,307.4,1416,50.0,210,11.0,7414.158662471911,False,False,True,0
848,296.4,307.4,2833,5.6,213,11.0,1661.3579710223783,False,True,False,1
849,296.3,307.4,1465,47.1,215,11.099999999999966,7225.820182889203,False,True,False,0
850,296.4,307.4,1586,35.5,0,11.0,5896.036372502203,True,False,False,0
851,296.3,307.3,1567,31.4,5,11.0,5152.609886956715,False,True,False,0
852,296.2,307.2,1389,48.6,7,11.0,7069.148957254682,False,False,True,0
853,296.3,307.3,1368,49.5,10,11.0,7091.2029376828805,False,False,True,0
854,296.3,307.3,1444,49.0,13,11.0,7409.550993246647,False,True,False,0
855,296.3,307.3,1498,41.6,15,11.0,6525.800035840814,False,False,True,0
856,296.1,307.2,1615,30.8,18,11.099999999999966,5208.970059162116,False,True,False,0
857,296.1,307.1,1898,22.7,20,11.0,4511.808761428493,False,True,False,0
858,296.1,307.1,1350,53.3,22,11.0,7535.109979635118,False,False,True,0
859,296.2,307.0,1516,37.6,25,10.800000000000011,5969.193593428798,False,False,True,0
860,296.2,307.0,1542,40.6,28,10.800000000000011,6556.001213217324,True,False,False,0
861,296.1,306.9,1541,32.6,33,10.799999999999955,5260.7644500443,True,False,False,0
862,296.1,306.9,1951,23.3,38,10.799999999999955,4760.38204415603,False,False,True,0
863,296.1,306.8,1645,31.0,41,10.699999999999989,5340.18391232705,True,False,False,0
864,296.0,306.7,1416,44.2,46,10.699999999999989,6554.11625762517,False,True,False,0
865,296.0,306.7,2044,22.3,48,10.699999999999989,4773.252102060236,False,False,True,0
866,295.9,306.6,1414,50.2,51,10.700000000000045,7433.301433707786,False,True,False,0
867,295.9,306.6,1678,26.7,53,10.700000000000045,4691.717300724068,False,True,False,0
868,295.9,306.5,1594,33.2,55,10.600000000000023,5541.853216736491,True,False,False,0
869,295.8,306.5,1514,37.7,60,10.699999999999989,5977.173238768916,False,False,True,0
870,295.8,306.5,1358,49.2,63,10.699999999999989,6996.7038306629,False,True,False,0
871,295.8,306.4,1325,56.2,65,10.599999999999966,7797.956564985465,False,True,False,0
872,295.8,306.4,1339,53.2,67,10.599999999999966,7459.69081199794,False,True,False,0
873,295.8,306.4,1335,51.7,69,10.599999999999966,7227.705138481358,False,False,True,0
874,295.9,306.4,1892,21.7,72,10.5,4299.416154094799,False,True,False,0
875,295.9,306.4,1575,28.5,74,10.5,4700.608007933728,False,True,False,0
876,295.8,306.3,1444,45.5,76,10.5,6880.297350871886,False,False,True,0
877,295.7,306.3,1915,22.4,79,10.600000000000023,4492.058615612926,False,True,False,0
878,295.6,306.2,1584,33.6,81,10.599999999999966,5573.43669488058,False,False,True,0
879,295.7,306.3,1685,34.9,84,10.600000000000023,6158.202279444272,False,False,True,0
880,295.8,306.3,1337,54.6,87,10.5,7644.5630676861865,False,True,False,0
881,295.8,306.3,1235,76.2,89,10.5,9854.861995045821,False,False,True,1
882,295.7,306.2,1464,46.2,92,10.5,7082.909133077404,False,True,False,0
883,295.7,306.2,1739,25.9,94,10.5,4716.588242564988,False,False,True,0
884,295.7,306.3,1490,34.3,97,10.600000000000023,5351.912524900451,False,True,False,0
885,295.8,306.4,1356,48.0,99,10.599999999999966,6815.999421228415,False,True,False,0
886,295.7,306.2,1397,52.0,101,10.5,7607.261890912564,False,True,False,0
887,295.7,306.2,1458,40.6,103,10.5,6198.864960357237,False,True,False,0
888,295.7,306.2,2161,16.5,105,10.5,3733.9399484241485,True,False,False,0
889,295.6,306.1,1651,28.1,110,10.5,4858.274071241888,False,False,True,0
890,295.6,306.1,1389,46.2,113,10.5,6720.0551815877825,False,True,False,0
891,295.6,306.0,1370,52.4,115,10.399999999999977,7517.621780530135,False,True,False,0
892,295.7,306.1,1408,47.9,117,10.400000000000034,7062.635388486237,False,True,False,0
893,295.7,306.1,1343,54.4,119,10.400000000000034,7650.741533238246,False,True,False,0
894,295.7,306.2,1423,42.5,121,10.5,6333.188990249224,False,False,True,0
895,295.6,306.2,1426,48.6,124,10.599999999999966,7257.456020910853,False,True,False,0
896,295.6,306.2,1435,51.6,126,10.599999999999966,7754.078987590327,False,False,True,0
897,295.5,306.1,1573,35.1,129,10.600000000000023,5781.818535593191,False,True,False,0
898,295.6,306.2,1612,31.2,131,10.599999999999966,5266.8172518902165,False,True,False,0
899,295.6,306.2,1446,49.9,133,10.599999999999966,7556.095818561098,False,True,False,0
900,295.6,306.2,1329,55.3,135,10.599999999999966,7696.2422668377385,True,False,False,0
901,295.6,306.2,1569,35.1,140,10.599999999999966,5767.1158819743905,False,True,False,0
902,295.6,306.1,1256,62.3,142,10.5,8194.195174407234,True,False,False,0
903,295.6,306.1,1383,48.7,147,10.5,7053.095418794837,False,True,False,0
904,295.7,306.2,2270,14.6,149,10.5,3470.622124175764,False,True,False,1
905,295.7,306.2,1458,49.8,151,10.5,7603.533867630304,True,False,False,0
906,295.6,306.1,1474,41.2,156,10.5,6359.505064710795,False,True,False,0
907,295.6,306.1,1462,49.2,158,10.5,7532.533873659176,False,False,True,0
908,295.6,306.1,1669,29.0,161,10.5,5068.540867546652,False,False,True,0
909,295.5,306.1,1822,24.3,164,10.600000000000023,4636.425270020888,False,False,True,0
910,295.5,306.0,1456,39.2,167,10.5,5976.900967405605,False,True,False,0
911,295.5,306.0,1546,35.9,169,10.5,5812.093016798284,False,True,False,0
912,295.6,306.1,1490,42.7,171,10.5,6662.5849799781145,False,False,True,0
913,295.6,306.0,1569,40.4,174,10.399999999999977,6637.933949622945,False,True,False,0
914,295.5,306.0,1621,29.5,176,10.5,5007.64632994457,False,True,False,0
915,295.4,305.9,1518,40.6,178,10.5,6453.962283828728,False,False,True,0
916,295.4,305.8,1526,38.2,181,10.400000000000034,6104.449629141351,False,False,True,0
917,295.3,305.8,1589,36.2,184,10.5,6023.668810042045,False,False,True,0
918,295.3,305.7,1475,51.0,187,10.399999999999977,7877.543578876406,False,True,False,0
919,295.3,305.7,1473,38.5,189,10.399999999999977,5938.709672713465,False,False,True,0
920,295.4,305.8,1407,50.7,192,10.400000000000034,7470.173259485418,False,True,False,0
921,295.5,305.9,1518,44.1,194,10.399999999999977,7010.33834277948,False,False,True,0
922,295.5,305.9,1593,37.2,197,10.399999999999977,6205.65080048899,True,False,False,0
923,295.5,305.9,1380,52.4,202,10.399999999999977,7572.494932212837,False,False,True,0
924,295.5,306.0,1423,45.3,205,10.5,6750.4343825479955,False,False,True,0
925,295.5,306.0,1800,27.6,208,10.5,5202.477434344697,False,True,False,0
926,295.6,306.1,1623,30.9,210,10.5,5251.769023079521,True,False,False,0
927,295.6,306.1,1372,55.6,215,10.5,7988.358023744029,False,True,False,1
928,295.6,306.0,1396,52.4,0,10.399999999999977,7660.291974905159,True,False,False,0
929,295.6,306.0,1949,21.9,5,10.399999999999977,4469.763779747949,False,True,False,0
930,295.6,306.0,1419,51.1,7,10.399999999999977,7593.323691506138,False,True,False,0
931,295.5,305.9,1453,47.3,9,10.399999999999977,7197.064138133344,False,False,True,0
932,295.5,305.9,1542,36.2,12,10.399999999999977,5845.498618681456,False,True,False,0
933,295.6,306.0,1363,50.0,14,10.399999999999977,7136.651311404813,False,True,False,0
934,295.5,306.0,1597,37.2,16,10.5,6221.233100050796,False,True,False,0
935,295.5,306.0,1326,50.8,18,10.5,7054.006480664378,False,False,True,0
936,295.5,306.0,1641,36.6,21,10.5,6289.531324339838,False,False,True,0
937,295.6,306.1,1418,46.2,24,10.5,6860.3587094971035,False,False,True,0
938,295.6,306.2,1263,61.8,27,10.599999999999966,8173.732934256851,False,True,False,0
939,295.6,306.2,1823,25.8,29,10.599999999999966,4925.326130445006,False,True,False,0
940,295.5,306.1,1488,40.7,31,10.600000000000023,6341.995921654788,False,True,False,0
941,295.6,306.2,1443,48.9,33,10.599999999999966,7389.308664582016,False,True,False,0
942,295.6,306.2,1650,28.2,35,10.599999999999966,4872.610205717769,False,True,False,0
943,295.7,306.3,1462,44.3,37,10.600000000000023,6782.342491932956,False,False,True,0
944,295.6,306.2,1477,45.0,40,10.599999999999966,6960.1985240281865,False,False,True,0
945,295.7,306.3,1712,28.5,43,10.600000000000023,5109.486291798439,False,False,True,0
946,295.7,306.3,1347,50.4,46,10.600000000000023,7109.298511367559,False,False,True,0
947,295.6,306.2,1287,54.8,49,10.599999999999966,7385.633001177315,False,True,False,0
948,295.6,306.2,1428,44.5,51,10.599999999999966,6654.5215588339,False,True,False,0
949,295.6,306.3,1426,45.5,53,10.699999999999989,6794.531871428884,False,False,True,0
950,295.6,306.3,1636,32.7,56,10.699999999999989,5602.213683587463,False,True,False,0
951,295.6,306.2,1424,42.5,58,10.599999999999966,6337.639579841809,False,True,False,0
952,295.6,306.3,1509,35.8,60,10.699999999999989,5657.191555025283,True,False,False,0
953,295.5,306.2,1448,48.9,65,10.699999999999989,7414.912644708773,False,True,False,0
954,295.5,306.1,1650,32.8,67,10.600000000000023,5667.433147075986,False,True,False,0
955,295.6,306.2,1414,42.5,69,10.599999999999966,6293.133683915954,True,False,False,0
956,295.6,306.3,1911,20.9,74,10.699999999999989,4182.496547503699,False,True,False,0
957,295.6,306.2,1632,32.2,76,10.599999999999966,5503.065019440169,True,False,False,0
958,295.7,306.4,1387,40.1,81,10.699999999999989,5824.376644073821,False,False,True,0
959,295.8,306.4,1399,47.6,84,10.599999999999966,6973.539820830432,False,True,False,0
960,295.8,306.5,1505,35.2,86,10.699999999999989,5547.633747219096,False,True,False,0
961,295.8,306.5,1534,37.9,88,10.699999999999989,6088.259954999851,False,True,False,0
962,295.8,306.5,1493,40.5,90,10.699999999999989,6332.037072942907,False,True,False,0
963,295.8,306.6,1480,43.2,92,10.800000000000011,6695.362263330568,False,False,True,0
964,295.8,306.6,1621,31.6,95,10.800000000000011,5364.122848347404,False,True,False,0
965,295.7,306.5,1737,26.2,97,10.800000000000011,4765.733223642645,False,True,False,0
966,295.8,306.6,1508,46.5,99,10.800000000000011,7343.158668500782,False,True,False,0
967,295.8,306.5,1641,32.2,101,10.699999999999989,5533.412804473846,False,False,True,0
968,295.9,306.6,1532,38.6,104,10.700000000000045,6192.6236629521045,False,False,True,0
969,295.9,306.7,1547,40.9,107,10.800000000000011,6625.859761857648,False,True,False,0
970,295.9,306.6,1412,41.0,109,10.700000000000045,6062.436063387343,False,True,False,0
971,295.8,306.5,1568,35.1,111,10.699999999999989,5763.440218569691,False,True,False,0
972,295.9,306.6,1557,41.1,113,10.700000000000045,6701.2998734458515,False,True,False,0
973,295.8,306.6,1644,35.2,115,10.800000000000011,6060.006565068567,False,True,False,0
974,295.9,306.6,1679,30.4,117,10.700000000000045,5345.063852915626,False,True,False,0
975,296.0,306.6,1511,35.2,119,10.600000000000023,5569.750559500369,False,True,False,0
976,296.0,306.6,1628,36.8,121,10.600000000000023,6273.8024171208635,False,False,True,0
977,296.0,306.6,1392,51.3,124,10.600000000000023,7477.995825192855,False,False,True,0
978,296.0,306.7,1917,21.0,127,10.699999999999989,4215.703181852144,False,True,False,0
979,296.2,306.8,1526,42.3,129,10.600000000000023,6759.639249023014,False,False,True,0
980,296.2,306.8,1389,53.3,132,10.600000000000023,7752.790934602355,False,True,False,0
981,296.1,306.7,1409,42.8,134,10.599999999999966,6315.145776442106,False,True,False,0
982,296.2,306.8,1655,31.1,136,10.600000000000023,5389.978155886448,False,True,False,0
983,296.2,306.9,1516,39.1,138,10.699999999999989,6207.326316570904,False,True,False,0
984,296.2,306.9,1526,34.9,140,10.699999999999989,5577.101886309768,False,True,False,0
985,296.3,307.1,1419,48.6,142,10.800000000000011,7221.830360219145,False,True,False,0
986,296.4,307.2,1748,25.3,144,10.800000000000011,4631.168338313882,False,True,False,0
987,296.4,307.1,1638,32.5,146,10.700000000000045,5574.756163795088,True,False,False,0
988,296.3,307.1,1534,33.8,151,10.800000000000011,5429.6355271502625,False,False,True,0
989,296.3,307.1,1774,25.9,154,10.800000000000011,4811.516700580959,True,False,False,0
990,296.2,307.0,2119,18.3,159,10.800000000000011,4060.791248103631,False,False,True,0
991,296.2,307.0,1414,48.3,162,10.800000000000011,7151.961339603307,False,True,False,0
992,296.1,307.0,1523,42.0,164,10.899999999999977,6698.503855984157,False,False,True,0
993,296.1,307.1,1651,35.7,167,11.0,6172.25567058133,False,True,False,0
994,296.1,307.1,1485,36.0,169,11.0,5598.318108697011,False,False,True,0
995,296.2,307.2,1168,63.4,172,11.0,7754.623530316949,False,False,True,0
996,296.3,307.3,1566,35.8,175,11.0,5870.882687322461,False,True,False,0
997,296.3,307.2,1286,51.1,177,10.899999999999977,6881.616819786394,False,False,True,0
998,296.3,307.2,1446,45.9,180,10.899999999999977,6950.396754948985,False,False,True,0
999,296.4,307.2,2071,19.4,183,10.800000000000011,4207.367489344618,False,False,True,0
1000,296.3,307.1,1560,33.2,186,10.800000000000011,5423.64555715742,False,True,False,0
1001,296.3,307.1,1654,29.6,188,10.800000000000011,5126.911659050351,False,True,False,0
1002,296.3,307.1,1662,32.9,190,10.800000000000011,5726.055265991971,False,True,False,0
1003,296.3,307.2,1646,35.0,192,10.899999999999977,6032.905092443599,False,True,False,0
1004,296.2,307.1,1444,46.7,194,10.900000000000034,7061.755742543232,False,True,False,0
1005,296.3,307.2,1424,42.0,196,10.899999999999977,6263.079114196611,True,False,False,0
1006,296.2,307.2,1382,52.0,201,11.0,7525.580481919229,False,True,False,0
1007,296.2,307.1,1413,53.4,203,10.900000000000034,7901.545346749832,False,True,False,0
1008,296.2,307.2,1633,31.1,0,11.0,5318.328899433577,False,False,True,0
1009,296.2,307.1,1441,41.7,3,10.900000000000034,6292.57866921382,False,True,False,0
1010,296.2,307.2,1385,44.0,5,11.0,6381.621876992066,False,False,True,0
1011,296.2,307.2,1552,34.8,8,11.0,5655.872086110776,False,False,True,0
1012,296.2,307.3,1451,42.8,11,11.100000000000023,6503.390008245206,False,False,True,0
1013,296.1,307.1,1433,38.5,14,11.0,5777.4412498291895,False,False,True,0
1014,296.1,307.2,1619,29.7,17,11.099999999999966,5035.376121100256,False,False,True,0
1015,296.2,307.2,1445,41.8,20,11.0,6325.177928982569,False,True,False,0
1016,296.2,307.2,1356,43.6,22,11.0,6191.199474282476,False,True,False,0
1017,296.3,307.2,1319,68.3,24,10.899999999999977,9433.961883293372,False,False,True,1
1018,296.3,307.2,1637,31.6,27,10.899999999999977,5417.069156535905,False,True,False,0
1019,296.3,307.2,1291,58.6,29,10.899999999999977,7922.321746165573,False,True,False,0
1020,296.3,307.3,1398,52.7,31,11.0,7715.186070538886,False,True,False,0
1021,296.3,307.3,1372,57.7,33,11.0,8290.076582194795,False,True,False,0
1022,296.3,307.2,1454,42.5,35,10.899999999999977,6471.1572676193755,False,False,True,0
1023,296.2,307.2,1515,36.5,38,11.0,5790.740658729386,False,True,False,0
1024,296.2,307.3,1881,24.3,40,11.100000000000023,4786.561982935945,False,True,False,0
1025,296.2,307.3,1711,29.9,42,11.100000000000023,5357.347480191162,False,True,False,0
1026,296.2,307.3,1475,37.0,44,11.100000000000023,5715.080635655432,False,True,False,0
1027,296.4,307.4,1512,36.8,46,11.0,5826.774726466061,False,True,False,0
1028,296.3,307.4,1335,50.5,48,11.099999999999966,7059.9440907796625,False,False,True,0
1029,296.3,307.4,1472,39.9,51,11.099999999999966,6150.484433491953,False,True,False,0
1030,296.2,307.3,1477,35.2,53,11.100000000000023,5444.421956573159,False,False,True,0
1031,296.3,307.4,1760,28.4,56,11.099999999999966,5234.312239901074,False,True,False,0
1032,296.4,307.5,1549,36.1,58,11.100000000000023,5855.813514560743,False,True,False,0
1033,296.3,307.4,1648,34.0,60,11.099999999999966,5867.657318864776,False,True,False,0
1034,296.4,307.5,1556,38.0,62,11.100000000000023,6191.869680715243,True,False,False,0
1035,296.3,307.4,1958,19.1,67,11.099999999999966,3916.288458014012,False,False,True,0
1036,296.4,307.4,1403,48.4,70,11.0,7111.01591535152,False,True,False,0
1037,296.4,307.5,1684,31.4,72,11.100000000000023,5537.329323315321,False,False,True,0
1038,296.4,307.5,1596,35.1,75,11.100000000000023,5866.358793901293,True,False,False,0
1039,296.6,307.6,1498,41.1,80,11.0,6447.364939256189,False,True,False,0
1040,296.7,307.7,1524,36.8,82,11.0,5873.0189703269025,False,True,False,0
1041,296.7,307.7,1502,43.9,84,11.0,6904.990269129102,False,True,False,0
1042,296.6,307.6,1809,25.1,86,11.0,4754.89472898776,False,True,False,0
1043,296.6,307.6,1542,37.4,88,11.0,6039.272053554874,False,True,False,0
1044,296.5,307.6,1431,45.2,90,11.100000000000023,6773.3994248457375,False,True,False,0
1045,296.5,307.6,1512,43.6,92,11.100000000000023,6903.461360704355,False,True,False,0
1046,296.4,307.5,1403,52.8,94,11.100000000000023,7757.471907656203,True,False,False,0
1047,296.4,307.5,1331,47.8,99,11.100000000000023,6662.459316271969,False,True,False,0
1048,296.6,307.7,1474,52.6,101,11.099999999999966,8119.17394183951,False,False,True,0
1049,296.5,307.6,1607,33.5,104,11.100000000000023,5637.535656989324,False,True,False,0
1050,296.5,307.6,1415,44.2,106,11.100000000000023,6549.487644448882,False,True,False,0
1051,296.6,307.6,1671,28.8,108,11.0,5039.617271182603,False,True,False,0
1052,296.6,307.7,1556,37.7,110,11.099999999999966,6142.986499025386,False,True,False,0
1053,296.7,307.7,1927,23.9,112,11.0,4822.899737962466,False,True,False,0
1054,296.7,307.7,1597,32.1,114,11.0,5368.3221105277025,False,False,True,0
1055,296.8,307.8,1627,30.5,117,11.0,5196.560768180437,True,False,False,0
1056,296.8,307.8,1480,39.4,122,11.0,6106.4183605376,False,True,False,0
1057,296.8,307.8,1565,39.5,124,11.0,6473.513462109568,False,True,False,0
1058,296.8,307.8,1573,36.4,126,11.0,5995.959962837383,False,True,False,0
1059,296.7,307.8,1605,31.3,128,11.100000000000023,5260.753978068788,False,True,False,0
1060,296.7,307.9,1874,21.3,130,11.199999999999989,4180.014689307363,False,False,True,0
1061,296.7,307.9,1424,53.8,133,11.199999999999989,8022.706103423278,True,False,False,0
1062,296.7,307.9,1420,50.1,138,11.199999999999989,7449.972818722835,False,True,False,0
1063,296.8,307.9,1372,49.0,140,11.099999999999966,7040.099697184487,False,True,False,0
1064,296.8,307.8,1664,32.8,142,11.0,5715.520458626934,False,False,True,0
1065,296.8,307.9,1409,44.3,145,11.099999999999966,6536.470978887507,False,False,True,0
1066,296.8,307.9,1718,25.2,148,11.099999999999966,4533.695190248502,False,True,False,0
1067,296.9,307.8,1544,40.3,150,10.900000000000034,6515.998266761613,False,False,True,0
1068,296.9,307.8,1466,45.7,153,10.900000000000034,7015.825657947749,False,True,False,0
1069,296.8,307.8,1394,47.7,155,11.0,6963.214452975632,False,True,False,0
1070,296.9,307.8,1840,24.6,157,10.900000000000034,4740.03499573628,False,False,True,0
1071,296.9,307.8,1477,37.2,160,10.900000000000034,5753.764113196634,False,False,True,0
1072,296.9,307.8,1425,49.1,163,10.900000000000034,7326.979466334795,False,True,False,0
1073,297.0,307.9,1414,46.2,165,10.899999999999977,6841.0064987509895,False,False,True,0
1074,297.0,307.8,1414,47.5,168,10.800000000000011,7033.5023526119485,False,True,False,0
1075,297.0,307.9,1595,31.7,170,10.899999999999977,5294.7878984826775,False,True,False,0
1076,296.9,307.8,1345,54.5,172,10.900000000000034,7676.21984965886,True,False,False,0
1077,296.9,307.7,1653,35.9,177,10.800000000000011,6214.353012139433,False,True,False,0
1078,296.8,307.6,1547,36.5,179,10.800000000000011,5913.053332709149,False,True,False,0
1079,296.9,307.7,1656,30.8,181,10.800000000000011,5341.210165927223,True,False,False,0
1080,297.0,307.7,1731,28.5,186,10.699999999999989,5166.192039195735,False,True,False,0
1081,297.0,307.8,1774,28.0,188,10.800000000000011,5201.63967630374,False,True,False,0
1082,297.0,307.8,1521,40.2,190,10.800000000000011,6403.005650987501,False,True,False,0
1083,297.1,307.9,1420,39.8,192,10.799999999999955,5918.341680342691,True,False,False,0
1084,297.0,307.8,1683,32.3,197,10.800000000000011,5692.660136084312,False,True,False,0
1085,297.0,307.7,1498,47.1,199,10.699999999999989,7388.58609827169,False,False,True,0
1086,297.0,307.8,1385,56.4,202,10.800000000000011,8180.078951417103,False,True,False,1
1087,297.0,307.9,1455,49.0,204,10.899999999999977,7465.994941256143,False,True,False,0
1088,296.9,307.8,1549,35.8,206,10.900000000000034,5807.150244356636,True,False,False,1
1089,296.9,307.8,1392,43.9,0,10.900000000000034,6399.298571656264,False,False,True,0
1090,296.9,307.7,2008,17.5,3,10.800000000000011,3679.852194904844,False,False,True,0
1091,296.9,307.7,1464,41.4,6,10.800000000000011,6347.02246990053,False,True,False,0
1092,297.0,307.7,1447,46.4,8,10.699999999999989,7030.968134538053,False,True,False,0
1093,296.9,307.6,1685,32.0,10,10.700000000000045,5646.4891960520545,False,False,True,0
1094,296.8,307.5,1443,39.2,13,10.699999999999989,5923.5357801966275,False,False,True,0
1095,296.9,307.5,1354,44.4,16,10.600000000000023,6295.500350381658,False,True,False,0
1096,296.9,307.5,2721,9.3,18,10.600000000000023,2649.9648192295267,False,True,False,1
1097,297.0,307.6,1680,35.8,20,10.600000000000023,6298.264951916816,False,True,False,0
1098,296.9,307.5,1397,48.3,22,10.600000000000023,7065.975948674553,True,False,False,0
1099,296.9,307.4,1521,37.9,27,10.5,6036.664531652395,False,False,True,0
1100,296.8,307.4,1472,43.9,30,10.599999999999966,6767.074351636509,False,False,True,0
1101,296.8,307.5,1695,30.0,33,10.699999999999989,5324.999547834699,True,False,False,0
1102,296.7,307.5,1607,33.6,38,10.800000000000011,5654.364121637053,True,False,False,0
1103,296.8,307.5,1347,54.8,43,10.699999999999989,7729.951556010757,False,True,False,0
1104,296.7,307.4,1540,38.7,45,10.699999999999989,6241.087965621484,False,False,True,0
1105,296.6,307.4,1389,42.7,48,10.799999999999955,6210.960092073557,False,True,False,0
1106,296.6,307.5,1734,27.0,50,10.899999999999977,4902.769495192231,False,False,True,0
1107,296.7,307.6,1540,38.6,53,10.900000000000034,6224.961123333055,False,True,False,0
1108,296.7,307.5,1515,42.1,55,10.800000000000011,6679.183061164579,False,False,True,0
1109,296.6,307.4,1504,45.8,58,10.799999999999955,7213.431835858547,False,True,False,0
1110,296.6,307.5,1557,35.1,60,10.899999999999977,5723.00792111799,False,True,False,0
1111,296.5,307.4,1292,52.5,62,10.899999999999977,7103.140989766522,False,True,False,0
1112,296.5,307.4,1432,49.2,64,10.899999999999977,7377.967515102558,True,False,False,0
1113,296.5,307.4,1350,55.6,69,10.899999999999977,7860.264819281662,False,False,True,0
1114,296.6,307.4,1790,25.8,72,10.799999999999955,4836.167730936128,False,False,True,0
1115,296.4,307.3,1540,37.4,75,10.900000000000034,6031.439015871924,True,False,False,0
1116,296.4,307.3,2077,19.1,80,10.900000000000034,4154.3059894254875,False,False,True,0
1117,296.4,307.3,1487,37.5,83,10.900000000000034,5839.435344860028,False,True,False,0
1118,296.5,307.4,1523,40.7,85,10.899999999999977,6491.169212822743,False,True,False,0
1119,296.5,307.5,1443,41.8,87,11.0,6316.423357454565,False,True,False,0
1120,296.5,307.5,1340,59.1,89,11.0,8293.176286946336,False,True,False,0
1121,296.6,307.7,1654,31.0,91,11.099999999999966,5369.400724005435,True,False,False,0
1122,296.6,307.6,1459,40.2,96,11.0,6142.002133327261,False,True,False,0
1123,296.5,307.6,1541,38.5,98,11.100000000000023,6212.865991616734,False,True,False,0
1124,296.6,307.7,1386,62.3,100,11.099999999999966,9042.320471121358,True,False,False,1
1125,296.7,307.8,1258,69.0,105,11.100000000000023,9089.884183896707,False,False,True,1
1126,296.7,307.8,1375,51.4,108,11.100000000000023,7401.068693081954,False,False,True,0
1127,296.8,307.9,1706,30.8,111,11.099999999999966,5502.478588811498,False,True,False,0
1128,296.7,307.8,1672,32.4,113,11.100000000000023,5672.962350146304,False,False,True,0
1129,296.8,307.9,1843,25.2,116,11.099999999999966,4863.56241887543,False,False,True,0
1130,296.7,307.9,1690,29.6,119,11.199999999999989,5238.50103010586,False,True,False,0
1131,296.8,307.9,1413,46.5,121,11.099999999999966,6880.559150259685,False,True,False,0
1132,296.8,307.9,1489,33.4,123,11.099999999999966,5207.985693463991,False,True,False,0
1133,296.8,307.9,1271,61.4,125,11.099999999999966,8172.266857685176,False,True,False,0
1134,296.8,307.9,1418,47.9,127,11.099999999999966,7112.796151188554,False,False,True,0
1135,296.9,307.8,1426,50.7,130,10.900000000000034,7571.049799592185,False,False,True,0
1136,296.9,307.9,1535,39.2,133,11.0,6301.197105060168,False,True,False,0
1137,296.9,307.8,1557,38.1,135,10.900000000000034,6212.153897281921,False,True,False,0
1138,296.9,307.8,1653,29.7,137,10.900000000000034,5141.122129820088,False,True,False,0
1139,296.9,307.9,1435,41.6,139,11.0,6251.350501623209,False,True,False,0
1140,297.0,307.9,1569,33.3,141,10.899999999999977,5471.366349565447,False,False,True,0
1141,296.9,307.9,1385,44.8,144,11.0,6497.651365664648,False,False,True,0
1142,297.0,307.9,1635,31.6,147,10.899999999999977,5410.450868012342,False,True,False,0
1143,296.9,307.9,1423,43.9,149,11.0,6541.81168639861,False,True,False,0
1144,297.0,307.9,1479,39.2,151,10.899999999999977,6071.31629862149,False,True,False,0
1145,297.0,307.9,1296,69.1,153,10.899999999999977,9378.031062083963,False,True,False,1
1146,297.0,307.8,1553,33.3,155,10.800000000000011,5415.571664037692,False,True,False,0
1147,297.0,307.9,1529,42.2,157,10.899999999999977,6756.916535389903,False,True,False,0
1148,297.1,308.0,1690,25.6,159,10.899999999999977,4530.5954854969605,False,False,True,0
1149,297.1,308.0,1348,58.0,162,10.899999999999977,8187.4093342754795,False,True,False,0
1150,297.2,308.1,1446,38.5,164,10.900000000000034,5829.853487266579,False,True,False,0
1151,297.1,307.9,1456,50.0,166,10.799999999999955,7623.598172711231,False,True,False,0
1152,297.0,307.9,1350,47.7,168,10.899999999999977,6743.428630930492,False,True,False,0
1153,297.1,307.9,1507,38.3,170,10.799999999999955,6044.225297972034,False,True,False,0
1154,297.0,307.9,1448,45.6,172,10.899999999999977,6914.519766844991,True,False,False,0
1155,296.9,307.9,1626,29.9,177,11.0,5091.202222554546,False,True,False,0
1156,297.0,307.9,1846,27.3,179,10.899999999999977,5277.43583505935,True,False,False,0
1157,297.0,307.8,1404,40.7,184,10.800000000000011,5983.980022851694,True,False,False,0
1158,297.0,307.8,1583,37.2,189,10.800000000000011,6166.695051584477,False,True,False,0
1159,297.0,307.9,1436,47.7,191,10.899999999999977,7173.010010382359,False,True,False,0
1160,297.0,307.8,1609,35.6,193,10.800000000000011,5998.389461156159,False,True,False,0
1161,297.0,307.7,1834,23.8,195,10.699999999999989,4570.933535169053,True,False,False,0
1162,297.0,307.8,1316,61.2,200,10.800000000000011,8434.045301533302,False,True,False,1
1163,296.9,307.8,1400,57.1,202,10.900000000000034,8371.297224265601,False,True,False,1
1164,296.9,307.9,1367,47.1,204,11.0,6742.454737207879,False,True,False,0
1165,297.1,308.1,1754,30.3,206,11.0,5565.457049540462,False,True,False,0
1166,297.1,308.1,1487,34.6,208,11.0,5387.85234485752,False,True,False,0
1167,297.1,308.1,1506,37.7,210,11.0,5945.589760624827,False,False,True,0
1168,297.0,308.1,1362,52.5,213,11.100000000000023,7487.986089831272,False,True,False,1
1169,297.1,308.1,1584,36.8,215,11.0,6104.240189631111,False,True,False,0
1170,297.0,308.1,1355,43.7,217,11.100000000000023,6200.823219777974,False,True,False,0
1171,297.1,308.1,1823,24.3,219,11.0,4638.969960070296,False,False,True,0
1172,297.0,308.1,1517,41.4,222,11.100000000000023,6576.798556584087,True,False,False,0
1173,297.1,308.1,1446,36.6,227,11.0,5542.146432050826,False,True,False,0
1174,297.1,308.0,1559,38.8,229,10.899999999999977,6334.4142113841235,True,False,False,0
1175,297.1,308.1,1352,44.4,0,11.0,6286.201236127032,False,False,True,0
1176,297.2,308.3,1578,37.8,3,11.100000000000023,6246.365841279513,False,False,True,0
1177,297.2,308.3,1429,42.0,6,11.100000000000023,6285.07026277174,False,False,True,0
1178,297.2,308.3,1604,39.4,9,11.100000000000023,6618.03719615021,False,False,True,0
1179,297.3,308.5,1398,60.4,12,11.199999999999989,8842.452346499975,False,True,False,0
1180,297.3,308.4,1441,43.4,14,11.099999999999966,6549.11065333045,False,True,False,0
1181,297.3,308.4,1531,35.6,16,11.099999999999966,5707.603645139888,True,False,False,0
1182,297.2,308.3,1379,52.1,21,11.100000000000023,7523.685054351565,False,True,False,0
1183,297.3,308.3,1410,48.1,23,11.0,7102.198511970445,False,True,False,0
1184,297.3,308.4,1513,40.5,25,11.099999999999966,6416.860074589832,False,True,False,0
1185,297.3,308.5,1497,47.5,27,11.199999999999989,7446.359987171207,False,True,False,0
1186,297.3,308.4,1491,46.5,29,11.099999999999966,7260.377702078691,False,True,False,0
1187,297.3,308.4,1417,47.8,31,11.099999999999966,7092.941285617866,False,True,False,0
1188,297.4,308.6,1522,38.0,33,11.200000000000045,6056.571757100643,False,False,True,0
1189,297.3,308.4,1339,52.1,36,11.099999999999966,7305.449084682194,False,True,False,0
1190,297.2,308.3,1794,27.5,38,11.100000000000023,5166.349118828414,False,False,True,0
1191,297.2,308.4,1460,42.1,41,11.199999999999989,6436.7044681850075,False,True,False,0
1192,297.2,308.3,1776,28.0,43,11.100000000000023,5207.5039825904405,False,False,True,0
1193,297.2,308.3,1431,43.7,46,11.100000000000023,6548.618470481388,False,False,True,0
1194,297.1,308.2,1347,50.8,49,11.099999999999966,7165.721515426029,False,True,False,0
1195,297.0,308.1,1507,43.1,51,11.100000000000023,6801.726118605606,False,False,True,0
1196,297.0,308.0,1408,47.9,54,11.0,7062.635388486237,False,False,True,0
1197,297.0,307.9,1493,34.7,57,10.899999999999977,5425.226825459726,False,False,True,0
1198,296.9,307.9,1441,47.6,60,11.0,7182.895555265655,False,False,True,0
1199,296.9,307.9,1557,36.5,63,11.0,5951.2760433278245,True,False,False,0
1200,296.9,307.9,1979,20.4,68,11.0,4227.7040657888565,False,False,True,0
1201,296.9,308.0,1430,55.9,71,11.100000000000023,8370.983065000242,False,False,True,0
1202,296.9,308.0,1658,41.0,74,11.100000000000023,7118.639513524232,False,True,False,0
1203,297.0,308.1,1355,51.4,76,11.100000000000023,7293.416784818944,False,False,True,0
1204,297.0,308.1,1410,47.6,79,11.100000000000023,7028.371084611085,True,False,False,0
1205,296.9,308.0,1521,34.5,84,11.100000000000023,5495.116790026586,False,True,False,0
1206,296.8,308.0,1371,54.5,86,11.199999999999989,7824.607742663418,False,True,False,0
1207,296.9,308.0,1318,53.5,88,11.100000000000023,7384.104092752569,True,False,False,0
1208,297.0,308.1,1573,34.9,93,11.100000000000023,5748.8737006325455,False,False,True,0
1209,297.0,308.1,1489,44.1,96,11.100000000000023,6876.412247956948,False,True,False,0
1210,297.0,308.1,2540,13.3,98,11.100000000000023,3537.642767452346,True,False,False,0
1211,297.0,308.1,1537,39.0,103,11.100000000000023,6277.216281137766,False,True,False,0
1212,296.9,308.0,1416,46.9,105,11.100000000000023,6954.480825398652,True,False,False,0
1213,296.9,307.9,1359,56.5,110,11.0,8040.749317230396,False,True,False,0
1214,296.8,307.8,1551,38.9,112,11.0,6318.15123341404,False,False,True,0
1215,296.8,307.8,1694,33.0,115,11.0,5854.04375069922,False,False,True,0
1216,296.8,307.9,1709,28.4,118,11.099999999999966,5082.636146585758,False,True,False,0
1217,296.9,308.0,1514,41.0,120,11.100000000000023,6500.3740792977605,False,True,False,0
1218,297.0,308.1,1455,43.5,122,11.100000000000023,6627.975100911066,False,True,False,0
1219,297.0,308.2,1702,30.7,124,11.199999999999989,5471.753812659391,False,False,True,0
1220,296.9,308.1,1357,41.8,127,11.200000000000045,5939.976781750413,False,False,True,0
1221,297.0,308.2,1577,29.4,130,11.199999999999989,4855.205782416881,False,True,False,0
1222,297.0,308.3,1399,46.4,132,11.300000000000011,6797.736295935546,False,False,True,0
1223,297.0,308.3,1399,59.0,135,11.300000000000011,8643.673307331837,False,True,False,0
1224,297.0,308.3,1492,48.1,137,11.300000000000011,7515.234170113406,False,True,False,0
1225,297.1,308.3,1763,25.7,139,11.199999999999989,4744.757856692177,False,True,False,0
1226,297.1,308.3,1492,41.5,141,11.199999999999989,6484.037797499093,True,False,False,0
1227,297.1,308.4,1488,42.5,146,11.299999999999955,6622.477313767284,False,True,False,0
1228,297.1,308.4,1422,42.1,148,11.299999999999955,6269.173803944576,False,True,False,0
1229,297.1,308.4,1583,38.2,150,11.299999999999955,6332.4664239388985,False,False,True,0
1230,297.1,308.4,1304,53.5,153,11.299999999999955,7305.668996167944,False,True,False,0
1231,297.1,308.4,1880,23.5,155,11.299999999999955,4626.518781186568,False,False,True,0
1232,297.2,308.5,1604,40.7,158,11.300000000000011,6836.398829525725,False,False,True,0
1233,297.2,308.6,1500,37.1,161,11.400000000000034,5827.654372409066,False,True,False,0
1234,297.2,308.5,1364,55.6,163,11.300000000000011,7941.778676666806,False,False,True,0
1235,297.2,308.5,2440,14.0,166,11.300000000000011,3577.2268348875778,True,False,False,0
1236,297.1,308.4,1654,31.4,171,11.299999999999955,5438.683313992601,True,False,False,0
1237,297.1,308.4,1359,46.6,176,11.299999999999955,6631.8392598749815,True,False,False,0
1238,297.1,308.4,1502,37.3,181,11.299999999999955,5866.88239267689,False,False,True,0
1239,297.1,308.4,1615,32.6,184,11.299999999999955,5513.390387294967,False,False,True,0
1240,297.2,308.5,1482,39.3,187,11.300000000000011,6099.150809532296,True,False,False,0
1241,297.2,308.6,1636,31.3,192,11.400000000000034,5362.363556461394,False,True,False,0
1242,297.1,308.5,1621,32.4,194,11.399999999999977,5499.923426786579,False,False,True,0
1243,297.1,308.4,1468,44.4,197,11.299999999999955,6825.549862895327,False,True,False,0
1244,297.1,308.4,1432,53.4,199,11.299999999999955,8007.794010294239,False,False,True,0
1245,297.1,308.4,1726,28.4,202,11.299999999999955,5133.194844357529,False,True,False,0
1246,297.1,308.4,1588,33.4,204,11.299999999999955,5554.252035742658,False,False,True,0
1247,297.2,308.5,1653,33.3,207,11.300000000000011,5764.28844858616,True,False,False,0
1248,297.2,308.5,1513,42.9,212,11.300000000000011,6797.11844938034,False,True,False,0
1249,297.2,308.6,1489,40.2,214,11.400000000000034,6268.29415800157,False,True,False,0
1250,297.3,308.7,1467,36.8,216,11.399999999999977,5653.358811987904,False,True,False,0
1251,297.3,308.7,1549,36.1,218,11.399999999999977,5855.813514560743,False,True,False,0
1252,297.4,308.8,1359,48.7,220,11.400000000000034,6930.6989690109785,False,False,True,0
1253,297.5,308.8,1533,41.5,223,11.300000000000011,6662.2184608351945,False,True,False,0
1254,297.5,308.8,1309,57.3,0,11.300000000000011,7854.578536578664,False,True,False,0
1255,297.5,308.8,1430,49.4,2,11.300000000000011,7397.612941163005,True,False,False,0
1256,297.5,308.9,1419,50.7,7,11.399999999999977,7533.884758500219,True,False,False,0
1257,297.5,308.9,1535,37.7,12,11.399999999999977,6060.079868897152,False,False,True,0
1258,297.5,308.9,1466,43.0,15,11.399999999999977,6601.3239232331125,False,True,False,0
1259,297.5,308.9,1427,50.4,17,11.399999999999977,7531.5285640100265,False,True,False,0
1260,297.5,308.9,1280,48.5,19,11.399999999999977,6501.002397828478,False,False,True,0
1261,297.6,309.0,1528,33.8,22,11.399999999999977,5408.398360811995,False,True,False,0
1262,297.6,309.0,1885,25.2,24,11.399999999999977,4974.397807694078,True,False,False,0
1263,297.8,309.2,1648,33.0,29,11.399999999999977,5695.079162427577,True,False,False,0
1264,297.8,309.2,1400,56.9,34,11.399999999999977,8341.975692832097,False,True,False,0
1265,297.8,309.3,2243,15.7,36,11.5,3687.7166485143302,False,False,True,0
1266,297.9,309.4,1558,35.7,39,11.5,5824.575611608549,False,True,False,0
1267,298.0,309.6,1633,34.8,41,11.600000000000023,5951.056131842072,False,True,False,0
1268,298.1,309.6,1549,38.7,43,11.5,6277.56185632966,False,False,True,0
1269,298.0,309.5,1496,45.8,46,11.5,7175.0625175827045,False,True,False,0
1270,298.1,309.5,1467,41.8,48,11.399999999999977,6421.478215790608,False,True,False,0
1271,298.0,309.4,1276,65.9,50,11.399999999999977,8805.716656404,False,False,True,0
1272,298.0,309.4,1490,40.5,53,11.399999999999977,6319.313622695869,True,False,False,0
1273,298.0,309.4,1562,38.1,58,11.399999999999977,6232.103010632216,True,False,False,0
1274,298.1,309.4,1397,48.2,63,11.299999999999955,7051.346598884339,False,True,False,0
1275,298.1,309.5,1530,40.2,65,11.399999999999977,6440.893258389794,True,False,False,0
1276,298.1,309.4,1362,47.6,70,11.299999999999955,6789.107388113686,False,False,True,0
1277,298.2,309.4,1693,34.4,73,11.199999999999989,6098.794762364889,False,False,True,0
1278,298.2,309.4,1408,46.5,76,11.199999999999989,6856.211807194364,False,False,True,0
1279,298.2,309.4,1398,52.9,79,11.199999999999989,7744.465714070342,False,True,False,0
1280,298.3,309.6,1531,40.1,81,11.300000000000011,6429.070398036783,False,False,True,0
1281,298.3,309.5,1521,37.1,84,11.199999999999989,5909.241533622792,True,False,False,0
1282,298.3,309.5,1427,54.3,89,11.199999999999989,8114.325417177468,True,False,False,0
1283,298.3,309.4,1546,36.1,94,11.099999999999966,5844.472365081284,False,True,False,0
1284,298.3,309.4,1356,45.4,96,11.099999999999966,6446.7994525785425,False,True,False,0
1285,298.4,309.5,2153,15.3,98,11.100000000000023,3449.5629814212007,False,True,False,1
1286,298.5,309.6,1492,41.7,100,11.100000000000023,6515.2861724268,False,False,True,0
1287,298.5,309.6,1582,40.3,103,11.100000000000023,6676.36609975186,False,True,False,0
1288,298.5,309.6,1419,41.5,105,11.100000000000023,6166.789299364084,False,True,False,0
1289,298.5,309.6,1441,48.2,107,11.100000000000023,7273.436255542112,False,False,True,0
1290,298.6,309.7,1635,32.2,110,11.099999999999966,5513.180947784728,False,False,True,0
1291,298.6,309.7,1429,45.8,113,11.099999999999966,6853.719477022516,False,True,False,0
1292,298.6,309.7,1675,28.4,115,11.099999999999966,4981.518751042215,False,False,True,0
1293,298.7,309.7,1868,23.8,118,11.0,4655.672761011881,False,False,True,0
1294,298.7,309.8,1582,33.4,121,11.100000000000023,5533.266196816678,True,False,False,0
1295,298.8,309.9,1486,40.3,126,11.099999999999966,6271.22631114492,False,True,False,0
1296,298.7,309.8,1402,54.3,128,11.100000000000023,7972.16834960253,False,True,False,0
1297,298.7,309.9,1621,34.1,130,11.199999999999989,5788.499655969826,False,True,False,0
1298,298.8,309.9,1428,42.4,132,11.099999999999966,6340.487957181063,False,True,False,0
1299,298.7,309.8,1343,53.6,134,11.100000000000023,7538.230628337685,False,False,True,0
1300,298.7,309.9,1458,40.2,137,11.199999999999989,6137.792399171451,False,False,True,0
1301,298.7,309.8,1322,57.0,140,11.100000000000023,7891.052427286842,False,True,False,0
1302,298.7,309.9,1483,32.8,142,11.199999999999989,5093.820216432538,False,True,False,0
1303,298.6,309.8,1505,45.7,144,11.199999999999989,7202.46767749752,False,True,False,0
1304,298.7,309.9,1593,42.5,146,11.199999999999989,7089.789220988765,False,True,False,0
1305,298.8,310.0,2098,19.6,148,11.199999999999989,4306.160106324505,False,True,False,0
1306,298.8,310.0,1672,30.4,150,11.199999999999989,5322.779489026162,False,True,False,0
1307,298.8,310.0,1487,41.4,152,11.199999999999989,6446.73662072547,False,True,False,0
1308,298.8,310.0,1423,42.1,154,11.199999999999989,6273.582505635113,False,True,False,0
1309,298.9,310.1,1750,25.0,156,11.200000000000045,4581.4892864851145,False,True,False,0
1310,298.9,310.2,1654,31.1,158,11.300000000000011,5386.721371502227,False,True,False,0
1311,298.9,310.2,1498,50.2,160,11.300000000000011,7874.8836970963675,False,True,False,0
1312,298.9,310.1,1587,30.2,162,11.200000000000045,5018.945591521981,False,True,False,0
1313,298.9,310.1,1473,42.6,164,11.200000000000045,6571.143689807626,False,True,False,0
1314,298.9,310.2,1359,56.9,166,11.300000000000011,8097.6749761134415,False,True,False,0
1315,299.0,310.3,1635,34.5,168,11.300000000000011,5906.979586912208,False,False,True,0
1316,299.0,310.3,1520,45.0,171,11.300000000000011,7162.831250184728,False,True,False,0
1317,299.0,310.3,1507,36.7,173,11.300000000000011,5791.725024427511,False,True,False,0
1318,299.0,310.3,1428,46.3,175,11.300000000000011,6923.693217393472,False,True,False,0
1319,299.0,310.3,1582,33.3,177,11.300000000000011,5516.699531556748,False,False,True,0
1320,299.0,310.3,1929,24.4,180,11.300000000000011,4928.907546070098,False,True,False,0
1321,299.0,310.3,1540,38.1,182,11.300000000000011,6144.3269118909175,False,False,True,0
1322,298.9,310.2,1362,53.0,185,11.300000000000011,7559.30024306776,False,True,False,0
1323,298.9,310.1,1452,49.9,187,11.200000000000045,7587.448913243925,True,False,False,0
1324,298.9,310.1,1361,51.7,192,11.200000000000045,7368.469433313204,False,True,False,0
1325,298.8,310.1,1243,74.5,194,11.300000000000011,9697.415843223413,False,False,True,1
1326,298.8,310.1,1567,36.8,197,11.300000000000011,6038.727510828252,True,False,False,0
1327,298.9,310.2,1411,46.5,202,11.300000000000011,6870.820213033557,False,True,False,0
1328,298.8,310.2,1814,26.8,204,11.399999999999977,5090.971839093284,False,True,False,0
1329,298.8,310.1,1719,28.8,206,11.300000000000011,5184.381860660021,False,False,True,0
1330,298.8,310.2,1663,30.4,209,11.399999999999977,5294.128164025423,True,False,False,0
1331,298.9,310.2,1696,30.2,214,11.300000000000011,5363.662081424877,False,True,False,0
1332,298.9,310.2,1771,26.8,216,11.300000000000011,4970.292793293388,True,False,False,0
1333,299.0,310.3,1868,24.0,221,11.300000000000011,4694.796061524587,False,True,False,0
1334,299.0,310.3,1558,35.4,223,11.300000000000011,5775.629598065619,False,False,True,0
1335,299.0,310.4,1365,49.1,226,11.399999999999977,7018.475067752277,False,True,False,1
1336,299.0,310.4,1371,53.8,228,11.399999999999977,7724.108193675081,False,True,False,1
1337,298.9,310.3,1583,32.6,230,11.400000000000034,5404.146738754138,False,True,False,0
1338,298.7,310.2,1613,36.0,0,11.5,6080.866740288403,True,False,False,0
1339,298.6,310.1,1721,27.2,5,11.5,4902.057400857417,False,True,False,0
1340,298.6,310.2,1668,31.5,7,11.599999999999966,5502.185373497164,False,False,True,0
1341,298.6,310.2,1569,36.3,10,11.599999999999966,5964.282236913686,False,True,False,0
1342,298.6,310.2,1328,50.5,12,11.599999999999966,7022.925657344863,False,False,True,0
1343,298.6,310.1,1596,33.0,15,11.5,5515.380062642241,False,False,True,0
1344,298.5,310.2,1676,32.7,18,11.699999999999989,5739.187123283978,False,True,False,0
1345,298.5,310.1,1809,28.9,20,11.600000000000023,5474.759269631324,False,True,False,0
1346,298.5,310.0,1804,26.1,22,11.5,4930.666837956109,False,True,False,0
1347,298.6,310.1,1533,33.9,24,11.5,5442.149537887062,False,True,False,0
1348,298.7,310.2,1717,27.3,26,11.5,4908.6442734544435,False,True,False,0
1349,298.7,310.2,1363,45.5,28,11.5,6494.35269337838,False,True,False,0
1350,298.7,310.2,1402,45.9,30,11.5,6738.9047375093205,False,True,False,0
1351,298.7,310.2,1436,47.5,32,11.5,7142.934496711992,False,True,False,0
1352,298.7,310.2,1525,43.7,34,11.5,6978.786280561926,False,True,False,0
1353,298.7,310.2,1598,33.3,36,11.5,5572.494217084502,False,False,True,0
1354,298.6,310.1,1444,48.1,39,11.5,7273.4571994931375,False,False,True,0
1355,298.6,310.0,1334,48.0,42,11.399999999999977,6705.415359822054,False,True,False,0
1356,298.6,310.0,1681,35.5,44,11.399999999999977,6249.203746643257,False,False,True,0
1357,298.6,309.9,1593,37.4,47,11.299999999999955,6239.014514470113,False,True,False,0
1358,298.6,309.9,1461,45.7,49,11.299999999999955,6991.897193902907,False,True,False,0
1359,298.7,310.1,1693,31.9,51,11.400000000000034,5655.568398820928,False,False,True,0
1360,298.7,310.2,1404,50.3,54,11.5,7395.434770256516,False,True,False,0
1361,298.8,310.2,1707,27.6,56,11.399999999999977,4933.682766903555,True,False,False,0
1362,298.6,310.1,1458,41.9,61,11.5,6397.350784211038,False,False,True,0
1363,298.6,310.0,1517,41.2,64,11.399999999999977,6545.026582880783,False,True,False,0
1364,298.7,310.1,1433,54.6,66,11.400000000000034,8193.462136121396,False,True,False,0
1365,298.7,310.2,1566,33.1,68,11.5,5428.1066187255165,False,True,False,0
1366,298.7,310.1,1676,33.5,70,11.400000000000034,5879.595370948417,False,True,False,0
1367,298.7,310.1,1368,56.8,72,11.400000000000034,8136.976300209851,False,False,True,0
1368,298.8,310.2,1581,37.5,75,11.399999999999977,6208.572481656828,False,False,True,0
1369,298.8,310.3,1708,27.1,78,11.5,4847.142361272668,True,False,False,0
1370,298.7,310.3,1481,41.5,83,11.600000000000023,6436.233229286969,False,False,True,0
1371,298.7,310.3,1451,40.0,86,11.600000000000023,6077.934587145053,False,True,False,0
1372,298.7,310.3,1495,38.7,88,11.600000000000023,6058.718512080596,False,False,True,0
1373,298.8,310.3,1573,41.8,91,11.5,6885.470506774796,False,False,True,0
1374,298.8,310.3,1366,59.0,94,11.5,8439.783944113859,False,False,True,0
1375,298.8,310.3,1553,36.8,97,11.5,5984.775892990603,False,True,False,0
1376,298.8,310.3,1528,37.1,99,11.5,5936.437254027369,False,False,True,0
1377,298.8,310.2,1527,31.2,102,11.399999999999977,4989.100461312879,False,False,True,0
1378,298.8,310.2,1461,46.7,105,11.399999999999977,7144.89275613273,False,True,False,0
1379,298.8,310.2,1455,44.9,107,11.399999999999977,6841.289242089812,True,False,False,0
1380,298.7,310.1,1620,34.8,112,11.400000000000034,5903.680914625938,False,True,False,0
1381,298.7,310.1,1786,27.7,114,11.400000000000034,5180.716669230832,False,True,False,0
1382,298.8,310.2,1583,35.7,116,11.399999999999977,5918.037993052845,False,False,True,0
1383,298.8,310.1,1653,30.3,119,11.300000000000011,5244.983182947767,False,True,False,0
1384,298.9,310.2,1331,49.0,121,11.300000000000011,6829.71770914909,False,False,True,0
1385,298.9,310.3,1484,43.8,124,11.400000000000034,6806.700306973788,False,True,False,0
1386,298.9,310.2,1603,36.1,126,11.300000000000011,6059.9542051910075,False,False,True,0
1387,298.9,310.2,1445,40.0,129,11.300000000000011,6052.801845916334,False,True,False,0
1388,298.9,310.1,1823,26.1,131,11.200000000000045,4982.597364519948,False,True,False,0
1389,298.9,310.1,1491,45.3,133,11.200000000000045,7073.013116218596,True,False,False,0
1390,298.9,310.2,1533,42.8,138,11.300000000000011,6870.914460813164,False,True,False,0
1391,298.9,310.2,1409,54.8,140,11.300000000000011,8085.747396005313,False,True,False,0
1392,298.9,310.2,2737,8.8,142,11.300000000000011,2522.2381339100775,False,True,False,1
1393,299.0,310.3,1494,46.6,144,11.300000000000011,7290.631239332762,False,False,True,0
1394,299.1,310.4,1594,33.3,147,11.299999999999955,5558.545545702564,False,True,False,0
1395,299.1,310.4,1527,44.0,149,11.299999999999955,7035.9109069797005,False,True,False,0
1396,299.1,310.4,1452,39.7,151,11.299999999999955,6036.507452019716,False,True,False,0
1397,299.0,310.3,1483,39.2,153,11.300000000000011,6087.7363562242535,False,True,False,0
1398,299.1,310.2,1569,38.2,155,11.099999999999966,6276.462298900904,False,True,False,0
1399,299.1,310.3,1472,46.6,157,11.199999999999989,7183.272546384085,False,True,False,0
1400,299.0,310.2,1533,43.5,159,11.199999999999989,6983.289230032071,False,True,False,0
1401,298.9,310.1,1366,62.7,161,11.200000000000045,8969.058530439643,True,False,False,0
1402,298.9,310.2,1532,37.7,166,11.300000000000011,6048.236064593118,True,False,False,0
1403,298.9,310.1,1313,56.8,171,11.200000000000045,7809.8317852160335,False,False,True,0
1404,299.0,310.2,1372,48.0,174,11.199999999999989,6896.424193160314,False,True,False,0
1405,298.9,310.1,1555,40.6,176,11.200000000000045,6611.27229996948,False,False,True,0
1406,298.9,310.1,1394,42.7,179,11.200000000000045,6233.317759791605,False,True,False,0
1407,298.9,310.1,1442,48.0,181,11.200000000000045,7248.28257036237,False,True,False,0
1408,298.9,310.0,1564,33.8,183,11.100000000000023,5535.821358841597,False,True,False,0
1409,298.9,310.0,1452,48.9,185,11.100000000000023,7435.3958288101785,False,True,False,0
1410,298.9,310.1,1466,42.5,187,11.200000000000045,6524.564342730402,False,True,False,0
1411,298.9,310.1,1469,53.2,189,11.200000000000045,8183.932638405507,False,False,True,0
1412,298.9,310.1,1944,23.4,192,11.200000000000045,4763.659772491274,False,True,False,0
1413,298.8,309.9,1415,53.2,194,11.099999999999966,7883.093725897748,False,False,True,0
1414,298.7,309.8,1528,36.7,197,11.100000000000023,5872.432539698233,False,False,True,0
1415,298.7,309.8,1570,42.1,200,11.100000000000023,6921.661654144152,False,False,True,0
1416,298.7,309.9,1617,33.0,203,11.199999999999989,5587.950852940165,False,True,False,0
1417,298.7,309.9,2083,18.2,205,11.199999999999989,3969.9887484393735,False,False,True,0
1418,298.7,309.9,1541,38.5,208,11.199999999999989,6212.865991616734,False,True,False,0
1419,298.8,309.9,1320,47.4,210,11.099999999999966,6552.105638326872,False,True,False,0
1420,298.7,309.8,1354,53.3,212,11.100000000000023,7557.43623142663,False,True,False,1
1421,298.8,309.9,1495,35.2,214,11.099999999999966,5510.772393416976,False,False,True,0
1422,298.7,309.8,1589,31.8,217,11.100000000000023,5291.510170147432,False,True,False,0
1423,298.7,309.8,1530,35.5,0,11.100000000000023,5687.85349932432,False,True,False,0
1424,298.7,309.8,1539,33.4,2,11.100000000000023,5382.8676845138225,False,True,False,0
1425,298.7,309.7,1462,46.8,4,11.0,7165.093196895312,False,True,False,0
1426,298.6,309.7,1356,54.0,6,11.099999999999966,7667.999348881966,False,True,False,0
1427,298.7,309.7,1622,34.6,8,11.0,5876.9983210214505,False,False,True,0
1428,298.7,309.8,1394,40.3,11,11.100000000000023,5882.96734706327,False,True,False,0
1429,298.8,309.9,1568,33.7,13,11.099999999999966,5533.559412131014,False,True,False,0
1430,298.9,310.0,1456,43.8,15,11.100000000000023,6678.271999295038,False,False,True,0
1431,298.9,310.0,1378,49.3,18,11.100000000000023,7114.178451956133,False,True,False,0
1432,298.9,309.9,1404,41.4,20,11.0,6086.898598183296,False,False,True,0
1433,298.8,309.8,1437,42.8,23,11.0,6440.6419309775065,False,True,False,0
1434,298.8,309.8,1363,44.0,25,11.0,6280.253154036235,False,True,False,0
1435,298.8,309.8,1377,49.6,27,11.0,7152.275498868666,False,False,True,0
1436,298.8,309.9,1526,42.1,30,11.099999999999966,6727.678779760494,True,False,False,0
1437,298.8,309.8,1510,44.2,35,11.0,6989.205896196332,True,False,False,0
1438,298.8,309.9,1439,45.2,40,11.099999999999966,6811.266088297007,True,False,False,1
1439,298.8,309.9,1482,39.1,45,11.099999999999966,6068.111874114829,False,True,False,0
1440,298.8,309.8,1534,37.0,47,11.0,5943.683861081649,False,False,True,0
1441,298.8,309.9,1741,27.7,50,11.099999999999966,5050.183494474176,False,False,True,0
1442,298.8,309.9,1550,38.8,53,11.099999999999966,6297.846072896337,False,True,False,0
1443,298.8,310.0,1486,38.5,55,11.199999999999989,5991.121910150855,False,False,True,0
1444,298.9,310.1,1602,38.2,58,11.200000000000045,6408.472022204747,False,True,False,0
1445,299.0,310.2,1477,37.9,60,11.199999999999989,5862.03386801485,False,True,False,0
1446,299.0,310.1,1618,29.2,62,11.100000000000023,4947.547662481397,False,True,False,0
1447,299.0,310.2,1628,35.8,64,11.199999999999989,6103.318655786058,False,False,True,0
1448,299.0,310.3,1662,33.6,67,11.300000000000011,5847.886229098185,False,False,True,0
1449,299.0,310.3,1657,31.0,70,11.300000000000011,5379.139661231563,False,False,True,0
1450,299.0,310.4,1677,30.8,73,11.399999999999977,5408.942903538618,True,False,False,0
1451,299.0,310.3,1447,39.9,78,11.300000000000011,6046.026477760092,False,False,True,0
1452,298.9,310.4,1831,25.4,81,11.5,4870.243539252064,False,True,False,0
1453,299.0,310.3,1584,34.4,83,11.300000000000011,5706.137568568212,False,True,False,0
1454,299.1,310.4,1450,40.9,85,11.299999999999955,6210.4050773714225,False,True,False,0
1455,299.1,310.4,1428,46.9,87,11.299999999999955,7013.417103579997,False,True,False,0
1456,299.0,310.4,1382,53.0,89,11.399999999999977,7670.3031834946,False,True,False,0
1457,299.0,310.3,1501,43.0,91,11.300000000000011,6758.9271546882,False,True,False,0
1458,299.0,310.3,1475,42.4,93,11.300000000000011,6549.173485183522,False,True,False,0
1459,298.9,310.3,1364,54.0,95,11.400000000000034,7713.238283093659,False,True,False,0
1460,299.0,310.3,1472,36.1,97,11.300000000000011,5564.724011254625,False,True,False,0
1461,299.0,310.3,1437,47.8,99,11.300000000000011,7193.053371512261,False,True,False,0
1462,298.9,310.2,1491,45.1,101,11.300000000000011,7041.785685241914,False,True,False,0
1463,298.9,310.2,1706,27.6,103,11.300000000000011,4930.792501662252,False,True,False,0
1464,298.8,310.1,1607,39.5,105,11.300000000000011,6647.243535853083,False,True,False,0
1465,298.8,310.0,1412,46.3,107,11.199999999999989,6846.116822800829,False,True,False,0
1466,298.7,309.8,1546,40.9,109,11.100000000000023,6621.576723873254,False,True,False,0
1467,298.7,309.8,1365,50.5,111,11.100000000000023,7218.594519785946,False,True,False,0
1468,298.6,309.8,1544,30.2,113,11.199999999999989,4882.956517523591,False,True,False,0
1469,298.6,309.8,1419,44.9,115,11.199999999999989,6672.020229914395,False,False,True,0
1470,298.6,309.8,1497,41.6,118,11.199999999999989,6521.4436940278365,False,True,False,0
1471,298.5,309.7,1437,42.6,120,11.199999999999989,6410.545473356116,False,True,False,0
1472,298.5,309.6,1421,53.6,122,11.100000000000023,7976.042980541958,False,True,False,0
1473,298.5,309.6,1438,44.5,124,11.100000000000023,6701.121849862148,False,False,True,0
1474,298.5,309.5,1315,48.9,127,11.0,6733.846773337042,False,False,True,0
1475,298.5,309.5,1366,61.9,130,11.0,8854.620782044878,False,False,True,0
1476,298.4,309.5,1519,35.4,133,11.100000000000023,5631.053504147417,False,False,True,0
1477,298.4,309.5,1692,28.3,136,11.100000000000023,5014.3588662477405,False,True,False,0
1478,298.3,309.4,1570,35.6,138,11.099999999999966,5852.996553148024,False,True,False,0
1479,298.3,309.4,1568,35.8,140,11.099999999999966,5878.380621789029,False,True,False,0
1480,298.2,309.3,1355,43.8,142,11.100000000000023,6215.012746596687,False,True,False,0
1481,298.2,309.3,2056,18.7,144,11.100000000000023,4026.1813690365825,False,False,True,0
1482,298.2,309.2,1332,60.2,147,11.0,8397.100171927086,False,False,True,0
1483,298.1,309.1,1448,52.5,150,11.0,7960.795784196535,False,False,True,0
1484,298.0,308.9,1578,35.6,153,10.899999999999977,5882.820739406103,False,True,False,0
1485,298.0,309.0,1562,39.2,155,11.0,6412.032493878815,False,False,True,0
1486,298.1,309.0,1976,19.3,158,10.899999999999977,3993.676357047441,False,False,True,0
1487,298.2,309.2,1524,34.6,161,11.0,5521.914575361708,False,False,True,0
1488,298.2,309.1,1429,48.5,164,10.900000000000034,7257.7597082007,False,True,False,0
1489,298.2,309.1,1568,36.3,166,10.900000000000034,5960.480909802842,False,True,False,0
1490,298.2,309.0,1723,26.6,168,10.800000000000011,4799.4948726932225,False,False,True,0
1491,298.2,309.0,1341,43.8,171,10.800000000000011,6150.798592757312,False,True,False,0
1492,298.1,308.9,1353,46.2,173,10.799999999999955,6545.885284872765,False,False,True,0
1493,298.0,308.7,1479,58.5,176,10.699999999999989,9060.510292585643,False,False,True,1
1494,298.0,308.8,1496,44.9,179,10.800000000000011,7034.067839289593,False,True,False,0
1495,298.0,308.7,1377,48.5,181,10.699999999999989,6993.656485788918,False,False,True,0
1496,297.9,308.5,1383,44.6,184,10.600000000000023,6459.30299133983,True,False,False,0
1497,298.0,308.7,1268,69.4,189,10.699999999999989,9215.254674725966,False,True,False,1
1498,298.0,308.7,1629,34.3,191,10.699999999999989,5851.184901384453,False,True,False,0
1499,298.0,308.8,1790,27.2,193,10.800000000000011,5098.595437265994,False,True,False,0
1500,298.1,308.8,2206,16.3,195,10.699999999999989,3765.492010641702,False,False,True,0
1501,298.0,308.7,2101,17.4,198,10.699999999999989,3828.2819758114492,False,False,True,0
1502,298.0,308.7,1436,48.2,201,10.699999999999989,7248.198794558274,False,False,True,0
1503,298.0,308.7,1462,48.2,204,10.699999999999989,7379.433591674233,False,True,False,0
1504,298.0,308.7,1771,26.2,206,10.699999999999989,4859.017581503237,False,True,False,0
1505,298.0,308.7,1506,47.0,208,10.699999999999989,7412.273706879758,False,True,False,0
1506,298.0,308.7,1626,36.7,210,10.699999999999989,6249.0676109616015,False,True,False,0
1507,298.0,308.8,1610,33.7,212,10.800000000000011,5681.77975352738,False,True,False,0
1508,298.0,308.6,1376,55.7,214,10.600000000000023,8026.057135587107,False,False,True,0
1509,298.0,308.6,1507,37.3,217,10.600000000000023,5886.412627006707,False,False,True,0
1510,298.0,308.5,1429,37.7,220,10.5,5641.598783487967,False,True,False,1
1511,298.1,308.7,1547,38.9,0,10.599999999999966,6301.856839517421,False,False,True,0
1512,298.1,308.7,1642,30.3,3,10.599999999999966,5210.080088566384,False,True,False,0
1513,298.0,308.7,1503,36.3,5,10.699999999999989,5713.394647598005,True,False,False,0
1514,298.1,308.7,1568,32.9,10,10.599999999999966,5402.198951308912,False,True,False,0
1515,298.1,308.8,1628,37.6,12,10.699999999999989,6410.18942618871,False,False,True,0
1516,298.2,308.9,1614,35.5,15,10.699999999999989,6000.1278090911455,False,False,True,0
1517,298.2,308.9,1278,54.0,18,10.699999999999989,7226.91974031796,False,True,False,0
1518,298.2,308.9,1408,38.8,20,10.699999999999989,5720.88211008906,False,False,True,0
1519,298.2,309.0,1371,55.7,23,10.800000000000011,7996.892683786282,True,False,False,0
1520,298.2,308.9,1512,38.5,28,10.699999999999989,6095.946385025634,False,False,True,0
1521,298.3,309.1,1472,40.1,31,10.800000000000011,6181.313929399182,False,True,False,0
1522,298.2,308.9,1585,34.3,33,10.699999999999989,5693.141846957862,False,False,True,0
1523,298.2,309.0,1562,37.7,36,10.800000000000011,6166.674107633453,True,False,False,0
1524,298.3,309.0,1519,36.9,41,10.699999999999989,5869.657466187561,False,True,False,0
1525,298.2,309.0,1601,35.8,43,10.800000000000011,6002.096540487395,False,True,False,0
1526,298.2,309.0,2449,13.8,45,10.800000000000011,3539.129787975046,False,True,False,0
1527,298.1,309.0,1787,27.6,47,10.899999999999977,5164.903986207763,False,True,False,0
1528,298.1,309.1,1425,44.5,49,11.0,6640.541471525425,True,False,False,0
1529,298.1,309.0,1559,34.0,54,10.899999999999977,5550.775339872685,False,True,False,0
1530,298.1,309.0,1557,36.0,56,10.899999999999977,5869.751713967169,False,True,False,0
1531,298.1,309.0,1497,40.5,58,10.899999999999977,6349.0016732722925,False,True,False,0
1532,298.1,309.0,1438,41.4,60,10.899999999999977,6234.3021254897285,True,False,False,0
1533,298.1,308.9,1417,39.2,65,10.799999999999955,5816.805405778669,False,False,True,0
1534,298.0,308.9,1339,51.4,68,10.899999999999977,7207.2952582085345,False,False,True,0
1535,298.0,308.8,1757,29.1,71,10.800000000000011,5354.184943586549,False,True,False,0
1536,298.0,308.8,1581,36.1,73,10.800000000000011,5976.7857756749745,False,True,False,0
1537,298.2,308.9,1326,54.4,75,10.699999999999989,7553.8967037035845,False,False,True,0
1538,298.4,309.1,1467,39.6,78,10.700000000000045,6083.505678117419,False,False,True,0
1539,298.4,309.1,1798,29.6,81,10.700000000000045,5573.269143272389,False,True,False,0
1540,298.5,309.2,1449,46.4,83,10.699999999999989,7040.6861278131555,False,False,True,0
1541,298.4,309.1,1525,39.3,86,10.700000000000045,6276.1167237090085,False,False,True,0
1542,298.4,309.0,2304,15.1,89,10.600000000000023,3643.242168515011,False,True,False,0
1543,298.3,308.9,1379,54.7,91,10.599999999999966,7899.147264357592,False,True,False,0
1544,298.4,308.9,1628,34.9,93,10.5,5949.883270584733,False,True,False,0
1545,298.4,309.0,1474,52.7,95,10.600000000000023,8134.609633744147,False,True,False,0
1546,298.4,309.0,1544,38.8,97,10.600000000000023,6273.467313904482,False,False,True,0
1547,298.4,308.9,1391,48.4,100,10.5,7050.194681578021,False,True,False,0
1548,298.3,308.9,1348,55.5,102,10.599999999999966,7834.503759522226,False,True,False,0
1549,298.3,308.8,1349,52.1,104,10.5,7360.008077099536,False,False,True,0
1550,298.4,308.9,1706,29.5,107,10.5,5270.231115907117,False,True,False,0
1551,298.4,308.9,1638,32.4,109,10.5,5557.603067906487,False,True,False,0
1552,298.4,308.8,1458,40.1,111,10.400000000000034,6122.524258875004,False,True,False,0
1553,298.5,308.9,1781,27.8,113,10.399999999999977,5184.86357153357,False,True,False,0
1554,298.5,308.8,1332,59.1,115,10.300000000000011,8243.66478672576,False,True,False,0
1555,298.4,308.7,1584,31.7,117,10.300000000000011,5258.272119872451,False,False,True,0
1556,298.4,308.6,1491,42.0,120,10.200000000000045,6557.760505103334,False,True,False,0
1557,298.4,308.5,1398,47.1,122,10.100000000000023,6895.356051658094,True,False,False,0
1558,298.3,308.4,1585,30.6,127,10.099999999999966,5079.012843058618,False,True,False,0
1559,298.2,308.3,1476,43.5,129,10.100000000000023,6723.636597212875,False,False,True,0
1560,298.2,308.3,1458,41.8,132,10.100000000000023,6382.082643914592,False,True,False,0
1561,298.2,308.4,1510,39.9,134,10.199999999999989,6309.260526204382,False,False,True,0
1562,298.2,308.4,1388,53.8,137,10.199999999999989,7819.88488170752,False,True,False,0
1563,298.2,308.3,2216,16.8,139,10.100000000000023,3898.59081939879,False,True,False,0
1564,298.2,308.3,1402,51.0,141,10.100000000000023,7487.671930565913,False,True,False,0
1565,298.0,308.2,2090,19.0,143,10.199999999999989,4158.42147580169,False,False,True,0
1566,298.0,308.2,1459,42.1,146,10.199999999999989,6432.29576649447,False,True,False,0
1567,298.0,308.1,1403,44.8,148,10.100000000000023,6582.097376193142,False,False,True,0
1568,298.1,308.2,1521,39.3,151,10.099999999999966,6259.654778204198,False,True,False,0
1569,298.2,308.2,1407,47.1,153,10.0,6939.746755853316,False,True,False,0
1570,298.1,308.2,1654,35.3,155,10.099999999999966,6114.188566367478,False,False,True,0
1571,298.2,308.4,1452,43.5,158,10.199999999999989,6614.30917286795,False,True,False,0
1572,298.3,308.4,1528,37.3,160,10.099999999999966,5968.439611191936,False,True,False,0
1573,298.2,308.3,1230,59.6,162,10.100000000000023,7676.795808312018,False,True,False,0
1574,298.2,308.2,1466,42.4,164,10.0,6509.21242662986,False,True,False,0
1575,298.2,308.2,1478,50.1,166,10.0,7754.267483149542,False,True,False,0
1576,298.2,308.3,2057,18.0,168,10.100000000000023,3877.3536530605224,False,True,False,0
1577,298.3,308.4,1490,41.7,170,10.099999999999966,6506.552544849821,False,True,False,0
1578,298.3,308.4,1484,43.4,172,10.099999999999966,6744.538660334759,False,True,False,0
1579,298.3,308.4,1593,37.0,174,10.099999999999966,6172.287086507867,False,True,False,0
1580,298.3,308.3,1444,43.8,176,10.0,6623.2312960041445,False,True,False,0
1581,298.3,308.4,1444,47.5,178,10.099999999999966,7182.728003657463,False,False,True,0
1582,298.2,308.3,1560,33.0,181,10.100000000000023,5390.972993560084,False,False,True,0
1583,298.1,308.3,1530,42.0,184,10.199999999999989,6729.291463989337,True,False,False,0
1584,298.2,308.4,1310,61.0,189,10.199999999999989,8368.155631612011,False,True,False,1
1585,298.2,308.3,1639,33.3,191,10.100000000000023,5715.468098749374,False,False,True,0
1586,298.2,308.3,1400,48.7,194,10.100000000000023,7139.792904058403,False,True,False,0
1587,298.3,308.4,1486,44.2,196,10.099999999999966,6878.119179965397,False,False,True,0
1588,298.2,308.3,1448,43.3,199,10.100000000000023,6565.761094394476,False,False,True,0
1589,298.2,308.3,1688,32.0,202,10.100000000000023,5656.542292543542,False,True,False,0
1590,298.1,308.3,1453,41.5,204,10.199999999999989,6314.5488738379245,False,False,True,0
1591,298.2,308.4,1497,37.7,207,10.199999999999989,5910.058347712727,False,True,False,0
1592,298.2,308.4,1355,49.4,209,10.199999999999989,7009.626248444666,False,True,False,0
1593,298.1,308.4,1592,38.2,211,10.299999999999955,6368.469075749037,False,True,False,0
1594,298.0,308.3,1544,34.7,213,10.300000000000011,5610.549376094988,False,True,False,0
1595,298.0,308.2,1373,51.2,215,10.199999999999989,7361.547457499795,False,False,True,0
1596,298.0,308.2,1365,52.9,218,10.199999999999989,7561.656437557952,False,True,False,1
1597,298.0,308.1,1877,24.3,0,10.100000000000023,4776.383222738314,False,True,False,0
1598,297.9,308.1,1531,40.8,2,10.200000000000045,6541.298559598523,False,True,False,0
1599,297.9,308.0,1501,36.7,4,10.100000000000023,5768.665734350162,False,True,False,0
1600,297.9,308.0,1490,46.2,6,10.100000000000023,7208.698502927139,False,True,False,0
1601,297.8,307.8,1543,43.7,8,10.0,7061.158839939051,False,False,True,0
1602,297.8,307.8,1597,38.2,11,10.0,6388.470548976892,False,True,False,0
1603,297.8,307.9,1600,33.5,13,10.099999999999966,5612.978874413763,True,False,False,0
1604,297.8,307.8,1622,32.1,18,10.0,5452.35971401123,False,False,True,0
1605,297.8,307.8,1452,39.8,21,10.0,6051.71276046309,False,True,False,0
1606,297.8,307.8,1396,42.5,23,10.0,6213.023071249414,False,True,False,0
1607,297.8,307.7,1505,39.7,25,9.899999999999977,6256.8482887669925,False,True,False,0
1608,297.8,307.8,1412,48.3,27,10.0,7141.845411258747,False,True,False,0
1609,297.8,307.7,1393,38.0,29,9.899999999999977,5543.23551750407,False,True,False,0
1610,297.7,307.7,1581,34.9,31,10.0,5778.111456261954,False,True,False,0
1611,297.8,307.8,1573,37.9,33,10.0,6243.04622504222,False,True,False,0
1612,297.8,307.9,1726,27.3,35,10.099999999999966,4934.373917287345,False,False,True,0
1613,297.9,307.9,1540,39.8,38,10.0,6418.483230794186,False,False,True,0
1614,297.9,308.0,1296,62.9,41,10.100000000000023,8536.586885746472,False,True,False,0
1615,297.8,307.9,1802,25.8,43,10.099999999999966,4868.5889671211735,False,False,True,0
1616,297.8,307.9,1447,48.6,46,10.099999999999966,7364.333002985977,False,True,False,0
1617,297.8,307.8,1662,30.7,48,10.0,5343.157953372448,True,False,False,0
1618,297.8,307.8,1563,34.3,53,10.0,5614.1203197445675,False,True,False,0
1619,297.9,307.8,1286,59.5,55,9.900000000000034,8012.841502491006,False,True,False,0
1620,297.9,307.7,1590,34.6,57,9.800000000000011,5761.052608152962,False,True,False,0
1621,297.9,307.7,1492,43.7,59,9.800000000000011,6827.769921703864,False,True,False,0
1622,297.7,307.6,1844,21.9,61,9.900000000000034,4228.960702850292,False,True,False,0
1623,297.7,307.6,1538,38.3,63,9.900000000000034,6168.559063225605,True,False,False,0
1624,297.7,307.6,1921,22.9,68,9.900000000000034,4606.71627549344,False,True,False,0
1625,297.8,307.8,1310,57.9,70,10.0,7942.888706071074,False,False,True,0
1626,297.9,307.8,1365,46.9,73,9.900000000000034,6704.001643127939,False,True,False,0
1627,297.9,307.8,1303,59.3,75,9.900000000000034,8091.475566610358,False,False,True,0
1628,297.9,307.8,1499,37.5,78,9.900000000000034,5886.559234663875,False,True,False,0
1629,297.9,307.8,1451,38.2,80,9.900000000000034,5804.427530723526,False,True,False,0
1630,297.9,307.9,1336,54.4,82,10.0,7610.864250488679,False,False,True,0
1631,297.9,307.9,1412,44.5,85,10.0,6579.961093188702,False,True,False,0
1632,298.0,308.0,1433,39.2,87,10.0,5882.48563618972,False,True,False,0
1633,297.9,307.9,1426,43.6,89,10.0,6510.804166907678,False,True,False,0
1634,297.9,307.9,1476,45.2,91,10.0,6986.399406759125,False,True,False,0
1635,297.9,307.9,1406,58.5,93,10.0,8613.304578347135,True,False,False,0
1636,297.8,307.8,1383,56.5,98,10.0,8182.749305172654,False,True,False,0
1637,297.9,307.8,1505,37.3,100,9.900000000000034,5878.60053327478,False,True,False,0
1638,297.9,307.8,1665,33.9,102,9.900000000000034,5910.749498096516,False,True,False,0
1639,297.9,307.8,1397,45.0,104,9.900000000000034,6583.207405597411,False,True,False,0
1640,297.9,307.8,1450,43.5,106,9.900000000000034,6605.19855417254,False,False,True,0
1641,298.0,307.8,1567,36.4,109,9.800000000000011,5973.089168319249,False,True,False,0
1642,298.0,308.0,1555,37.0,111,10.0,6025.051110809624,False,False,True,0
1643,298.0,307.8,1588,35.4,114,9.800000000000011,5886.841978002697,True,False,False,0
1644,298.0,307.8,1453,37.7,119,9.800000000000011,5736.349217920235,False,True,False,0
1645,298.0,307.8,1622,33.3,121,9.800000000000011,5656.186245376135,False,True,False,0
1646,297.9,307.8,1538,38.5,123,9.900000000000034,6200.770859900414,False,True,False,0
1647,297.9,307.7,1527,42.8,125,9.800000000000011,6844.022427698435,False,False,True,0
1648,297.8,307.8,1761,28.9,128,10.0,5329.492025329332,False,True,False,0
1649,297.9,307.8,1373,50.2,130,9.900000000000034,7217.767233720502,False,True,False,0
1650,298.0,307.9,1482,37.8,132,9.899999999999977,5866.358793901292,True,False,False,0
1651,298.0,307.9,1417,51.0,137,9.899999999999977,7567.782543232453,False,False,True,0
1652,298.0,307.8,1414,51.7,140,9.800000000000011,7655.412034316584,False,True,False,0
1653,297.9,307.8,1635,34.0,142,9.900000000000034,5821.371187101887,True,False,False,0
1654,298.0,307.8,1386,57.3,147,9.800000000000011,8316.612568142116,False,True,False,0
1655,298.2,308.1,1379,62.3,149,9.900000000000034,8996.652185913674,False,True,False,0
1656,298.2,308.0,1577,35.9,151,9.800000000000011,5928.6356322709535,False,False,True,0
1657,298.2,308.1,1532,42.5,154,9.900000000000034,6818.303255841048,False,True,False,0
1658,298.1,308.0,1374,48.8,156,9.899999999999977,7021.585244479331,False,False,True,0
1659,298.1,308.0,1570,35.3,159,9.899999999999977,5803.673548486663,True,False,False,0
1660,298.1,308.0,1697,31.0,164,9.899999999999977,5508.992157579942,False,True,False,0
1661,298.2,308.0,1499,44.1,166,9.800000000000011,6922.5936599647175,False,True,False,0
1662,298.2,308.0,1411,47.2,168,9.800000000000011,6974.251915165244,False,False,True,0
1663,298.2,307.9,1462,45.5,171,9.699999999999989,6966.062830314887,True,False,False,0
1664,298.1,307.9,1759,28.6,176,9.799999999999955,5268.178608706772,False,False,True,0
1665,298.2,308.0,1535,38.0,179,9.800000000000011,6108.303316129754,False,True,False,0
1666,298.2,307.9,1491,39.7,181,9.699999999999989,6198.645048871485,True,False,False,0
1667,298.2,307.9,1551,36.0,186,9.699999999999989,5847.1322468613225,False,True,False,0
1668,298.2,307.9,1769,27.2,188,9.699999999999989,5038.779513141644,False,True,False,0
1669,298.2,307.9,1551,34.1,190,9.699999999999989,5538.533600499198,False,True,False,0
1670,298.2,307.9,1544,31.4,192,9.699999999999989,5076.981279809297,False,True,False,0
1671,298.2,307.8,1528,31.1,194,9.600000000000023,4976.366539090328,False,True,False,0
1672,298.1,307.9,1614,35.8,196,9.799999999999955,6050.833114520085,False,True,False,0
1673,298.1,307.8,1432,49.8,198,9.699999999999989,7467.942728701368,False,True,False,0
1674,298.1,307.8,1384,43.7,200,9.699999999999989,6333.5345654411185,False,False,True,0
1675,298.1,307.8,1540,37.8,203,9.699999999999989,6095.946385025633,False,True,False,0
1676,298.0,307.7,1407,43.9,205,9.699999999999989,6468.25653040256,False,True,False,0
1677,297.9,307.6,1418,43.0,207,9.700000000000045,6385.182348666134,True,False,False,0
1678,297.9,307.5,1647,30.8,212,9.600000000000023,5312.181849808053,False,False,True,0
1679,298.0,307.5,1644,32.8,215,9.5,5646.824299268437,False,True,False,0
1680,298.0,307.5,1792,27.9,217,9.5,5235.652652766605,False,True,False,0
1681,297.9,307.4,1610,34.6,219,9.5,5833.5186786957665,False,False,True,0
1682,297.8,307.3,1804,26.0,222,9.5,4911.775394132522,False,False,True,0
1683,297.9,307.4,1604,36.1,225,9.5,6063.734588350827,True,False,False,1
1684,297.9,307.4,1403,52.8,0,9.5,7757.471907656203,False,False,True,0
1685,297.8,307.3,1438,44.5,3,9.5,6701.121849862148,False,True,False,0
1686,297.9,307.3,1824,26.3,5,9.400000000000034,5023.532316796223,False,True,False,0
1687,297.9,307.3,1663,28.7,7,9.400000000000034,4998.074944326633,True,False,False,0
1688,297.9,307.3,1502,36.7,12,9.400000000000034,5772.508949363053,False,True,False,0
1689,297.9,307.4,1606,35.5,14,9.5,5970.387398637162,False,True,False,0
1690,297.9,307.5,1561,37.7,16,9.600000000000023,6162.726172865442,False,True,False,0
1691,297.9,307.4,1435,42.9,18,9.5,6446.705204798935,False,False,True,0
1692,297.9,307.5,1602,38.3,21,9.600000000000023,6425.248126974916,False,True,False,0
1693,298.1,307.6,1764,27.7,23,9.5,5116.900450460911,False,False,True,0
1694,298.0,307.5,1683,27.8,26,9.5,4899.5650706855695,True,False,False,0
1695,298.0,307.5,1618,35.2,31,9.5,5964.167045183055,False,True,False,0
1696,298.0,307.6,1509,41.6,33,9.600000000000023,6573.719795783571,False,True,False,0
1697,297.9,307.6,1550,39.0,35,9.700000000000045,6330.309196983433,False,True,False,0
1698,297.9,307.6,1519,44.0,37,9.700000000000045,6999.0495531775805,False,False,True,0
1699,297.9,307.6,1481,38.0,40,9.700000000000045,5893.418378624212,False,True,False,0
1700,298.1,307.7,1289,48.3,42,9.599999999999966,6519.715818068361,False,True,False,0
1701,298.0,307.6,1844,23.8,44,9.600000000000023,4595.856836887532,False,False,True,0
1702,298.0,307.7,1479,42.5,47,9.699999999999989,6582.422007434014,False,True,False,0
1703,298.0,307.7,1430,47.3,49,9.699999999999989,7083.139516538667,False,True,False,0
1704,298.1,307.8,1636,36.7,51,9.699999999999989,6287.499761090517,False,False,True,0
1705,298.1,307.8,1503,44.7,54,9.699999999999989,7035.502499934734,False,False,True,0
1706,298.1,307.8,1608,32.6,57,9.699999999999989,5489.493339176661,False,False,True,0
1707,298.2,307.8,1521,42.9,60,9.600000000000023,6833.058269337407,False,True,False,0
1708,298.2,307.8,1439,41.6,62,9.600000000000023,6268.775868875121,False,True,False,0
1709,298.2,307.8,1627,31.5,64,9.600000000000023,5366.939809760122,False,True,False,0
1710,298.2,307.8,1749,26.1,66,9.600000000000023,4780.341629481837,False,True,False,0
1711,298.2,307.8,1530,35.9,68,9.600000000000023,5751.941989457552,False,True,False,0
1712,298.2,307.8,1355,51.3,70,9.600000000000023,7279.22725800023,False,True,False,0
1713,298.3,307.9,1551,33.8,72,9.599999999999966,5489.807498442019,False,True,False,0
1714,298.2,307.8,1515,46.7,74,9.600000000000023,7408.975034593488,False,True,False,0
1715,298.2,307.8,1388,48.6,76,9.600000000000023,7064.059577155866,False,True,False,0
1716,298.2,307.8,1585,34.6,78,9.600000000000023,5742.936090517262,False,True,False,0
1717,298.1,307.7,1523,37.7,80,9.599999999999966,6012.704651681017,False,True,False,0
1718,298.2,307.6,1369,54.5,82,9.400000000000034,7813.193289355375,False,True,False,0
1719,298.2,307.7,1681,31.0,84,9.5,5457.05115904059,False,False,True,0
1720,298.2,307.7,1503,38.3,87,9.5,6028.182231487702,False,True,False,0
1721,298.2,307.7,1459,44.5,89,9.5,6798.98246102147,False,True,False,0
1722,298.2,307.7,1688,32.4,91,9.5,5727.2490712003355,False,True,False,0
1723,298.2,307.7,1952,21.6,93,9.5,4415.319979061239,False,False,True,0
1724,298.2,307.8,2029,19.9,96,9.600000000000023,4228.280024442014,False,True,False,0
1725,298.3,307.8,1457,52.5,98,9.5,8010.275868490575,False,False,True,0
1726,298.3,307.8,1392,50.4,101,9.5,7346.802915978947,False,False,True,0
1727,298.3,307.8,1906,22.1,104,9.5,4411.068357003381,False,True,False,0
1728,298.3,307.7,1602,33.4,106,9.399999999999977,5603.218993236611,False,False,True,0
1729,298.3,307.7,1465,49.4,109,9.399999999999977,7578.673397764897,False,True,False,0
1730,298.3,307.7,1439,43.8,111,9.399999999999977,6600.29766963294,False,False,True,0
1731,298.3,307.8,1330,55.4,114,9.5,7715.960996726771,False,False,True,0
1732,298.3,307.9,1485,42.0,117,9.599999999999966,6531.371126813179,False,False,True,0
1733,298.4,307.9,1700,28.2,120,9.5,5020.265060436489,True,False,False,0
1734,298.4,308.0,1515,42.8,125,9.600000000000023,6790.238361468978,False,True,False,0
1735,298.5,308.1,1501,39.2,127,9.600000000000023,6161.626615436685,False,False,True,0
1736,298.4,308.0,1380,47.6,130,9.600000000000023,6878.831274300211,False,True,False,0
1737,298.4,307.9,1544,35.9,132,9.5,5804.574138380693,False,True,False,0
1738,298.4,307.9,1743,27.3,134,9.5,4982.974355638378,False,True,False,0
1739,298.4,307.9,1948,21.4,136,9.5,4365.47337562428,True,False,False,0
1740,298.5,307.9,1260,54.2,141,9.399999999999977,7151.521516631805,True,False,False,0
1741,298.5,307.9,1640,33.1,146,9.399999999999977,5684.60718691561,False,False,True,0
1742,298.5,308.0,1363,49.2,149,9.5,7022.464890422337,False,False,True,0
1743,298.5,308.0,1379,49.6,152,9.5,7162.663698576537,False,True,False,0
1744,298.5,308.0,1713,25.8,154,9.5,4628.131465415411,False,False,True,0
1745,298.5,308.0,1461,51.9,157,9.5,7940.469679727808,False,False,True,0
1746,298.5,308.0,1624,29.8,160,9.5,5067.9334929669585,False,True,False,0
1747,298.4,308.0,1526,41.1,162,9.600000000000023,6567.876433447893,False,True,False,0
1748,298.4,307.9,2381,14.2,164,9.5,3540.5958645467203,False,True,False,0
1749,298.4,307.7,1626,31.1,166,9.300000000000011,5295.531408744027,True,False,False,0
1750,298.3,307.7,1576,33.8,171,9.399999999999977,5578.295691518132,False,True,False,0
1751,298.4,307.8,1617,31.6,173,9.400000000000034,5350.886271300279,False,False,True,0
1752,298.3,307.6,1942,20.6,176,9.300000000000011,4189.334747513013,False,True,False,0
1753,298.2,307.6,1492,37.2,178,9.400000000000034,5812.197736553404,False,True,False,0
1754,298.2,307.5,1470,51.3,180,9.300000000000011,7897.021453328663,False,True,False,0
1755,298.0,307.4,1463,46.5,182,9.399999999999977,7124.032580912894,False,False,True,0
1756,298.0,307.3,1424,46.5,185,9.300000000000011,6934.123305003391,False,True,False,0
1757,298.1,307.4,1363,60.1,187,9.299999999999955,8578.254876308585,False,False,True,0
1758,298.1,307.4,1335,56.2,190,9.299999999999955,7856.809067362713,False,False,True,0
1759,298.1,307.4,1608,33.9,193,9.299999999999955,5708.3995152787975,False,True,False,0
1760,298.0,307.4,1606,35.2,195,9.399999999999977,5919.93342062051,True,False,False,0
1761,298.1,307.5,1684,33.1,200,9.399999999999977,5837.121038271884,False,True,False,0
1762,298.1,307.6,1950,20.3,202,9.5,4145.331506411731,False,True,False,0
1763,298.2,307.6,1460,48.6,204,9.400000000000034,7430.494944270578,True,False,False,0
1764,298.2,307.6,1511,31.0,209,9.400000000000034,4905.178049559983,False,True,False,1
1765,298.2,307.6,1318,55.7,0,9.400000000000034,7687.749494697535,True,False,False,0
1766,298.2,307.6,1368,51.8,5,9.400000000000034,7420.693175191378,False,True,False,0
1767,298.3,307.7,1717,27.1,7,9.399999999999977,4872.683509546353,False,False,True,0
1768,298.3,307.7,1520,41.4,10,9.399999999999977,6589.804750169949,False,False,True,0
1769,298.3,307.8,1485,42.0,13,9.5,6531.371126813179,False,False,True,0
1770,298.4,307.9,1981,23.2,16,9.5,4812.8361694954665,False,True,False,0
1771,298.4,307.9,1605,31.0,18,9.5,5210.331415978671,True,False,False,0
1772,298.4,307.9,1446,45.3,23,9.5,6859.541895407169,False,True,False,0
1773,298.4,308.0,1508,47.9,25,9.600000000000023,7564.243015509407,False,True,False,0
1774,298.5,308.0,1384,59.5,27,9.5,8623.462394593742,False,True,False,0
1775,298.5,308.0,1519,37.3,29,9.5,5933.285189398266,False,False,True,0
1776,298.5,308.0,1404,48.1,32,9.5,7071.9763906429125,False,True,False,0
1777,298.5,308.1,1564,31.1,34,9.600000000000023,5093.610776922299,False,True,False,0
1778,298.6,308.2,1555,36.8,36,9.599999999999966,5992.48326696741,True,False,False,0
1779,298.6,308.2,1325,54.0,41,9.599999999999966,7492.698478811656,False,True,False,0
1780,298.6,308.2,1488,44.0,43,9.599999999999966,6856.211807194364,False,False,True,0
1781,298.5,308.2,1595,32.3,46,9.699999999999989,5395.00470413219,False,True,False,0
1782,298.5,308.1,1662,28.6,48,9.600000000000023,4977.665064053812,False,True,False,0
1783,298.4,308.0,1571,37.4,50,9.600000000000023,6152.8510999576565,False,True,False,0
1784,298.3,308.0,1553,41.0,52,9.699999999999989,6667.8209677340965,True,False,False,0
1785,298.3,308.0,2886,3.8,57,9.699999999999989,1148.4406104462846,False,True,False,1
1786,298.2,308.0,1538,38.2,59,9.800000000000011,6152.453164888203,False,True,False,0
1787,298.4,308.2,1618,33.0,61,9.800000000000011,5591.406604859114,False,True,False,0
1788,298.4,308.2,1364,45.9,63,9.800000000000011,6556.252540629611,False,True,False,0
1789,298.3,308.0,1442,47.3,65,9.699999999999989,7142.578449544585,False,True,False,0
1790,298.2,307.9,1313,67.3,67,9.699999999999989,9253.550689173222,False,True,False,1
1791,298.2,307.9,1847,23.6,69,9.699999999999989,4564.650349861874,False,True,False,0
1792,298.1,307.8,1524,40.8,71,9.699999999999989,6511.390597536349,False,True,False,0
1793,298.1,307.7,1445,48.0,73,9.599999999999966,7263.362215099602,False,False,True,0
1794,298.1,307.8,1761,28.2,76,9.699999999999989,5200.403983193328,False,True,False,0
1795,298.1,307.8,1514,43.5,78,9.699999999999989,6896.738352425673,False,False,True,0
1796,298.1,307.7,1498,38.3,81,9.599999999999966,6008.128398382287,False,False,True,0
1797,298.1,307.6,1542,37.1,84,9.5,5990.82869483652,True,False,False,0
1798,298.0,307.6,1508,41.8,89,9.600000000000023,6600.946932114681,False,False,True,0
1799,298.0,307.5,1431,52.9,92,9.5,7927.274990582731,False,False,True,0
1800,298.0,307.5,1427,45.1,95,9.5,6739.522584064528,False,False,True,0
1801,298.0,307.5,1524,36.3,98,9.5,5793.222516925722,False,False,True,0
1802,298.0,307.5,1427,43.6,101,9.5,6515.369948230896,False,False,True,0
1803,298.1,307.6,1496,44.1,104,9.5,6908.739236362386,True,False,False,0
1804,298.1,307.7,1388,40.3,109,9.599999999999966,5857.646110275336,False,True,False,0
1805,298.1,307.7,1495,48.1,111,9.599999999999966,7530.345230777174,False,True,False,0
1806,298.1,307.7,1376,56.2,113,9.599999999999966,8098.104327109433,True,False,False,0
1807,298.0,307.6,1593,32.2,118,9.600000000000023,5371.557950960901,True,False,False,0
1808,298.0,307.6,1654,28.9,123,9.600000000000023,5005.667126572808,False,True,False,0
1809,298.1,307.7,2567,12.8,125,9.599999999999966,3440.8398258197326,False,True,False,1
1810,298.1,307.7,1767,27.0,127,9.599999999999966,4996.074797003847,False,True,False,0
1811,298.1,307.6,1364,53.8,129,9.5,7684.670733897016,False,True,False,0
1812,298.1,307.8,1569,31.2,131,9.699999999999989,5126.325228421681,False,False,True,0
1813,298.2,307.8,1476,36.8,134,9.600000000000023,5688.041994883535,False,True,False,0
1814,298.1,307.7,1479,45.0,136,9.599999999999966,6969.623301988956,False,True,False,0
1815,298.1,307.7,1650,34.1,138,9.599999999999966,5892.057021807656,False,True,False,0
1816,298.1,307.6,1565,36.3,140,9.5,5949.076928470311,False,False,True,0
1817,298.1,307.6,1460,46.5,143,9.5,7109.424175073702,False,True,False,0
1818,298.1,307.7,1664,27.6,145,9.599999999999966,4809.401361527543,False,True,False,0
1819,298.1,307.7,1435,40.9,147,9.599999999999966,6146.159507605511,False,False,True,0
1820,298.1,307.6,2066,19.2,150,9.5,4153.9394702825675,False,False,True,0
1821,298.1,307.5,1493,43.7,153,9.399999999999977,6832.3461750025945,False,True,False,0
1822,298.1,307.6,1354,43.3,155,9.5,6139.530747106436,False,True,False,0
1823,298.1,307.6,1488,39.4,157,9.5,6139.426027351316,False,True,False,0
1824,298.1,307.7,1414,48.7,159,9.599999999999966,7211.190833098987,False,True,False,0
1825,298.1,307.5,1391,57.4,161,9.399999999999977,8361.181295921042,False,True,False,0
1826,298.0,307.5,1784,27.8,163,9.5,5193.597199110551,False,False,True,0
1827,297.8,307.3,1516,40.1,166,9.5,6366.081465332309,True,False,False,0
1828,297.9,307.3,1420,47.8,171,9.400000000000034,7107.958098502027,False,False,True,0
1829,297.8,307.2,1351,56.3,174,9.399999999999977,7965.120710082978,False,True,False,0
1830,297.8,307.2,1880,23.0,176,9.399999999999977,4528.082211374089,False,True,False,0
1831,297.8,307.3,1859,24.0,178,9.5,4672.17659441874,False,True,False,0
1832,297.8,307.3,1315,54.0,180,9.5,7436.14981104704,False,False,True,0
1833,297.8,307.4,1330,51.7,183,9.599999999999966,7200.635081782925,False,False,True,0
1834,297.8,307.3,1327,61.0,186,9.5,8476.750017671098,False,True,False,1
1835,297.8,307.2,1498,38.1,188,9.399999999999977,5976.754359748438,False,True,False,0
1836,297.8,307.3,1555,35.8,190,9.5,5829.644047756338,True,False,False,0
1837,297.7,307.2,1518,35.8,195,9.5,5690.932260124838,False,True,False,0
1838,297.7,307.2,1392,43.0,197,9.5,6268.1056624423545,False,True,False,0
1839,297.8,307.2,1456,39.6,199,9.399999999999977,6037.889752787295,False,False,True,0
1840,297.7,307.1,1715,30.2,0,9.400000000000034,5423.7502769125385,False,True,False,0
1841,297.7,307.2,1405,43.7,2,9.5,6429.635884714431,False,False,True,0
1842,297.7,307.2,1668,37.8,5,9.5,6602.6224481965955,False,True,False,0
1843,297.7,307.1,1855,22.5,7,9.400000000000034,4370.7407793068,True,False,False,0
1844,297.6,307.1,1496,39.2,12,9.5,6141.101543433232,False,True,False,0
1845,297.6,307.1,1471,44.9,14,9.5,6916.519914167776,False,False,True,0
1846,297.7,307.2,1444,40.0,17,9.5,6048.613055711548,False,True,False,0
1847,297.7,307.3,1514,38.6,19,9.600000000000023,6119.864377094965,True,False,False,0
1848,297.8,307.3,1412,50.7,24,9.5,7496.719717408252,False,True,False,0
1849,297.7,307.2,1429,44.1,26,9.5,6599.323775910327,True,False,False,0
1850,297.7,307.2,1668,32.7,31,9.5,5711.792435344675,False,True,False,0
1851,297.7,307.2,1372,52.8,33,9.5,7586.066612476344,False,False,True,0
1852,297.7,307.3,1365,49.2,36,9.600000000000023,7032.76931432611,False,False,True,0
1853,297.6,307.1,1526,39.1,39,9.5,6248.271740822691,False,False,True,0
1854,297.6,307.2,1486,40.6,42,9.599999999999966,6317.910377977265,False,True,False,0
1855,297.6,307.2,1470,42.6,44,9.599999999999966,6557.760505103334,False,False,True,0
1856,297.7,307.3,1249,62.8,47,9.600000000000023,8213.924376271776,True,False,False,0
1857,297.8,307.4,1752,26.1,52,9.599999999999966,4788.541186307706,False,False,True,0
1858,297.7,307.4,1643,36.5,55,9.699999999999989,6279.991354648437,False,True,False,0
1859,297.8,307.4,1488,36.1,57,9.599999999999966,5625.21014181174,False,False,True,0
1860,297.8,307.4,1355,45.8,60,9.599999999999966,6498.803282970965,False,True,False,0
1861,297.8,307.6,1607,30.3,62,9.800000000000011,5099.024788261985,False,True,False,0
1862,297.9,307.6,1609,30.3,64,9.700000000000045,5105.370805422237,False,False,True,0
1863,297.9,307.7,1517,44.4,67,9.800000000000011,7053.37816213366,False,True,False,0
1864,297.9,307.7,1517,39.5,69,9.800000000000011,6274.964806402692,False,False,True,0
1865,297.9,307.7,1546,37.6,72,9.800000000000011,6087.317477203775,False,True,False,0
1866,297.9,307.7,1567,34.7,74,9.800000000000011,5694.126212655988,False,True,False,0
1867,298.1,307.9,1662,28.9,76,9.799999999999955,5029.878333956473,False,False,True,0
1868,298.1,307.9,1502,41.8,79,9.799999999999955,6574.683217530671,False,True,False,0
1869,298.3,308.0,1361,56.9,81,9.699999999999989,8109.592084246059,False,True,False,0
1870,298.3,308.1,1630,32.7,83,9.800000000000011,5581.667667632986,False,False,True,0
1871,298.3,308.0,1486,42.3,86,9.699999999999989,6582.453423360549,False,True,False,0
1872,298.3,308.1,1840,21.5,88,9.800000000000011,4142.71351253374,False,True,False,0
1873,298.3,308.1,1326,58.4,90,9.800000000000011,8109.33028485826,False,True,False,0
1874,298.4,308.1,1367,57.8,92,9.700000000000045,8274.180123367629,False,True,False,0
1875,298.4,308.1,1598,32.7,94,9.700000000000045,5472.088915875774,False,True,False,0
1876,298.3,308.0,1363,50.1,96,9.699999999999989,7150.924614027623,False,True,False,0
1877,298.3,308.0,1242,62.0,98,9.699999999999989,8063.840023234281,False,True,False,0
1878,298.2,307.8,1566,33.8,100,9.600000000000023,5542.9004142876865,False,False,True,0
1879,298.1,307.7,1424,47.7,103,9.599999999999966,7113.068422551866,False,False,True,0
1880,298.2,307.7,1608,33.8,106,9.5,5691.560578655555,False,False,True,0
1881,298.1,307.7,1705,29.1,109,9.599999999999966,5195.723010139479,False,True,False,0
1882,298.0,307.6,1548,45.8,111,9.600000000000023,7424.463086375686,False,True,False,0
1883,298.0,307.6,1581,43.4,113,9.600000000000023,7185.3878854375025,False,False,True,0
1884,298.0,307.6,1472,46.7,116,9.600000000000023,7198.6872943377,False,False,True,0
1885,298.0,307.6,1792,26.0,119,9.600000000000023,4879.102830535187,False,False,True,0
1886,298.0,307.6,1683,32.8,122,9.600000000000023,5780.781810017505,False,True,False,0
1887,297.9,307.6,1503,40.7,124,9.700000000000045,6405.92733215534,False,True,False,0
1888,297.9,307.5,1642,32.4,126,9.600000000000023,5571.174748169995,False,False,True,0
1889,297.8,307.4,1902,24.3,129,9.599999999999966,4840.000473973507,False,False,True,0
1890,297.7,307.4,1432,40.2,132,9.699999999999989,6028.339311120382,True,False,False,0
1891,297.8,307.4,1512,40.8,137,9.599999999999966,6460.119805429763,False,True,False,0
1892,297.7,307.4,1764,29.0,139,9.699999999999989,5357.043792901315,False,True,False,0
1893,297.8,307.4,1438,43.6,141,9.599999999999966,6565.593542786285,False,False,True,0
1894,297.8,307.5,1631,29.9,144,9.699999999999989,5106.857825944935,False,True,False,0
1895,297.9,307.5,1880,23.3,146,9.600000000000023,4587.144153261576,True,False,False,0
1896,297.9,307.6,1344,54.3,151,9.700000000000045,7642.363952828674,False,True,False,0
1897,297.9,307.5,1574,35.8,153,9.600000000000023,5900.874425188732,False,True,False,0
1898,297.8,307.4,1418,41.2,155,9.599999999999966,6117.895645698715,False,True,False,0
1899,297.8,307.5,1372,54.1,157,9.699999999999989,7772.84476770777,False,True,False,0
1900,297.8,307.5,1388,40.0,159,9.699999999999989,5814.04080424351,False,True,False,0
1901,297.9,307.6,1493,36.0,161,9.700000000000045,5628.477398171473,True,False,False,0
1902,297.9,307.6,1505,40.1,166,9.700000000000045,6319.889581349027,False,False,True,0
1903,298.0,307.6,1694,29.1,169,9.600000000000023,5162.202216525676,False,True,False,0
1904,297.9,307.6,1968,20.4,171,9.700000000000045,4204.204952740004,False,True,False,0
1905,298.0,307.6,1569,35.6,173,9.600000000000023,5849.268529865764,False,False,True,0
1906,297.9,307.6,1687,29.1,176,9.700000000000045,5140.870802407801,False,True,False,0
1907,297.9,307.6,1430,52.4,178,9.700000000000045,7846.860690626346,False,True,False,0
1908,297.9,307.6,1504,42.4,180,9.700000000000045,6677.936896078655,False,True,False,0
1909,297.9,307.6,1977,20.2,182,9.700000000000045,4182.025308605661,False,True,False,0
1910,298.0,307.7,1435,45.6,184,9.699999999999989,6852.441896010057,False,True,False,0
1911,298.0,307.7,1547,36.8,186,9.699999999999989,5961.653771060182,True,False,False,0
1912,298.1,307.8,1316,57.2,191,9.699999999999989,7882.800510583413,False,False,True,0
1913,298.0,307.7,1621,34.9,194,9.699999999999989,5924.300234408999,False,False,True,0
1914,298.0,307.8,1492,40.2,197,9.800000000000011,6280.923360469002,False,False,True,0
1915,298.0,307.7,1643,32.3,200,9.699999999999989,5557.362212469711,False,True,False,0
1916,298.0,307.7,1492,38.7,202,9.699999999999989,6046.560548511203,False,True,False,0
1917,298.0,307.7,1387,50.8,204,9.699999999999989,7378.512057829178,False,True,False,0
1918,298.1,307.9,1463,47.3,206,9.799999999999955,7246.596582304943,False,False,True,0
1919,298.1,307.9,1496,40.0,0,9.799999999999955,6266.430146360441,False,False,True,0
1920,298.2,308.0,1658,30.0,3,9.800000000000011,5208.760619651876,False,True,False,0
1921,298.1,307.9,2161,17.5,5,9.799999999999955,3960.239339237733,False,True,False,0
1922,298.1,307.9,1665,32.0,7,9.799999999999955,5579.468552775473,False,True,False,0
1923,298.0,307.8,1716,26.6,9,9.800000000000011,4779.996054289943,False,True,False,0
1924,298.0,307.7,1529,34.1,11,9.699999999999989,5459.972840208428,False,True,False,0
1925,297.9,307.7,1353,50.7,13,9.800000000000011,7183.471513918814,False,True,False,0
1926,297.9,307.7,1537,37.7,15,9.800000000000011,6067.975738433173,False,True,False,0
1927,298.0,307.7,1606,30.8,17,9.699999999999989,5179.941743042947,False,True,False,0
1928,298.0,307.8,1314,47.8,19,9.800000000000011,6577.364043261734,True,False,False,0
1929,298.0,307.8,1623,29.9,24,9.800000000000011,5081.808860520313,False,True,False,0
1930,298.0,307.8,1483,50.9,26,9.800000000000011,7904.739299280981,False,False,True,0
1931,298.1,307.9,1569,37.0,29,9.799999999999955,6079.295943961609,False,False,True,0
1932,298.2,308.0,1969,21.7,32,9.800000000000011,4474.392392924238,False,False,True,0
1933,298.1,308.0,1686,29.3,35,9.899999999999977,5173.134958960169,False,False,True,0
1934,298.1,308.0,1638,35.1,38,9.899999999999977,6020.736656898695,False,True,False,0
1935,298.1,307.9,1698,33.3,40,9.799999999999955,5921.21100163297,False,True,False,0
1936,298.1,307.9,1377,55.1,42,9.799999999999955,7945.3705642674095,False,False,True,0
1937,298.1,308.0,2129,18.4,45,9.899999999999977,4102.249799155504,False,False,True,0
1938,298.2,308.0,1411,42.4,48,9.800000000000011,6265.005957690813,False,True,False,0
1939,298.1,307.9,1517,40.8,50,9.799999999999955,6481.482635474174,False,True,False,0
1940,298.1,307.9,1303,53.9,52,9.799999999999955,7354.646425637408,False,False,True,0
1941,298.1,307.9,1578,35.6,55,9.799999999999955,5882.820739406103,False,True,False,0
1942,298.1,307.9,1425,58.2,57,9.799999999999955,8684.932890848982,False,True,False,0
1943,298.1,308.0,1456,42.4,59,9.899999999999977,6464.811250459124,False,True,False,0
1944,298.1,308.0,1704,30.9,61,9.899999999999977,5513.872098168517,False,True,False,0
1945,298.1,308.1,1791,27.3,63,10.0,5120.199122747181,False,True,False,0
1946,298.1,308.1,1616,32.8,65,10.0,5550.649676166541,False,True,False,0
1947,298.2,308.1,1622,34.9,67,9.900000000000034,5927.954953862675,False,True,False,0
1948,298.2,308.1,1462,49.9,69,9.900000000000034,7639.704071048635,False,True,False,0
1949,298.1,308.1,1410,45.8,71,10.0,6762.592346117388,False,True,False,0
1950,298.1,308.0,1543,41.9,73,9.899999999999977,6770.310192069707,False,False,True,0
1951,298.0,307.9,1479,47.6,76,9.899999999999977,7372.312648326097,False,False,True,0
1952,298.0,307.8,1839,22.7,79,9.800000000000011,4371.557593396732,False,True,False,0
1953,298.0,307.8,1266,60.5,81,9.800000000000011,8020.8002038801005,False,True,False,0
1954,297.9,307.7,1593,34.9,83,9.800000000000011,5821.968089706068,False,True,False,0
1955,297.9,307.8,1459,46.9,85,9.900000000000034,7165.6691555484695,False,True,False,0
1956,297.9,307.7,1308,55.2,87,9.800000000000011,7560.933871247627,False,True,False,0
1957,297.9,307.7,1364,46.8,89,9.800000000000011,6684.806512014505,False,False,True,0
1958,297.9,307.7,1618,35.9,92,9.800000000000011,6082.772639831581,True,False,False,0
1959,297.9,307.7,1464,43.2,97,9.800000000000011,6622.979968591858,True,False,False,0
1960,297.8,307.6,1352,49.4,102,9.800000000000011,6994.106780735932,False,False,True,0
1961,297.8,307.6,1446,51.4,105,9.800000000000011,7783.23296741564,False,True,False,0
1962,297.8,307.5,1448,51.2,107,9.699999999999989,7763.671317159288,False,True,False,0
1963,297.8,307.5,1391,48.6,109,9.699999999999989,7079.327717452312,False,True,False,0
1964,297.7,307.5,1379,43.3,111,9.800000000000011,6252.889882023468,False,True,False,0
1965,297.8,307.5,1405,46.9,113,9.699999999999989,6900.455903732421,False,False,True,0
1966,297.8,307.5,1581,33.1,116,9.699999999999989,5480.099977142428,False,True,False,0
1967,297.9,307.6,1515,40.5,118,9.700000000000045,6425.342374754524,False,True,False,0
1968,297.9,307.6,1589,37.8,120,9.700000000000045,6289.908315458268,False,True,False,0
1969,298.0,307.6,1281,50.8,122,9.600000000000023,6814.6171204608345,False,True,False,0
1970,297.8,307.5,1631,31.3,124,9.699999999999989,5345.974914785167,True,False,False,0
1971,297.9,307.6,1202,67.0,129,9.700000000000045,8433.50075880668,False,False,True,0
1972,297.9,307.6,1298,52.7,132,9.700000000000045,7163.312961058279,False,True,False,0
1973,297.9,307.6,1612,30.7,134,9.700000000000045,5182.41312926377,False,True,False,0
1974,297.9,307.6,1747,25.3,136,9.700000000000045,4628.518928509354,False,True,False,0
1975,298.0,307.6,1450,48.7,138,9.600000000000023,7394.7855077747745,False,True,False,0
1976,298.0,307.7,1422,45.6,140,9.699999999999989,6790.364025175122,False,True,False,0
1977,298.1,307.7,1419,47.4,142,9.599999999999966,7043.513561201386,False,False,True,0
1978,298.1,307.7,1633,30.7,145,9.599999999999966,5249.925955389414,False,False,True,0
1979,298.0,307.7,1442,43.6,148,9.699999999999989,6583.856668079154,False,True,False,0
1980,298.0,307.6,1420,45.8,150,9.600000000000023,6810.553993962192,True,False,False,0
1981,298.0,307.6,1301,58.5,155,9.600000000000023,7970.063482524625,False,False,True,0
1982,298.0,307.6,1385,45.0,158,9.600000000000023,6526.658737832795,False,True,False,0
1983,298.0,307.7,1487,41.3,160,9.699999999999989,6431.164793139177,False,False,True,0
1984,298.0,307.6,1459,44.4,163,9.600000000000023,6783.703848749512,False,False,True,0
1985,298.0,307.5,1387,45.5,166,9.5,6608.706665969048,False,False,True,0
1986,298.1,307.7,1537,40.8,169,9.599999999999966,6566.933955651816,False,True,False,0
1987,298.1,307.6,1498,42.9,171,9.5,6729.731286960839,False,True,False,0
1988,298.2,307.8,1599,31.2,173,9.600000000000023,5224.342919213682,False,False,True,0
1989,298.3,307.9,1420,39.2,176,9.599999999999966,5829.120448980742,True,False,False,0
1990,298.2,307.9,1785,23.4,181,9.699999999999989,4374.039451593068,False,True,False,0
1991,298.2,307.8,1423,48.1,183,9.600000000000023,7167.679774846769,False,True,False,0
1992,298.2,307.8,1583,36.6,185,9.600000000000023,6067.232228171824,False,False,True,0
1993,298.2,307.8,1375,46.6,188,9.600000000000023,6709.918309292199,False,True,False,0
1994,298.3,308.0,1463,42.5,190,9.699999999999989,6511.2125739526455,False,False,True,0
1995,298.2,307.9,1403,45.1,193,9.699999999999989,6626.173921123008,False,False,True,0
1996,298.3,308.0,1451,47.1,196,9.699999999999989,7156.7679763633005,False,True,False,0
1997,298.4,308.0,1416,38.2,198,9.600000000000023,5664.417218128541,False,False,True,1
1998,298.3,308.1,1672,41.3,0,9.800000000000011,7231.276082130937,False,True,False,0
1999,298.3,308.0,1637,30.8,2,9.699999999999989,5279.928165231197,True,False,False,0
2000,298.4,308.0,1540,37.8,7,9.600000000000023,6095.946385025633,False,True,False,0
2001,298.4,308.1,1279,53.1,9,9.700000000000045,7112.031696976182,False,True,False,0
2002,298.4,308.2,1604,34.9,11,9.800000000000011,5862.170003696506,False,True,False,0
2003,298.5,308.2,1654,27.1,13,9.699999999999989,4693.895471630558,False,True,False,0
2004,298.5,308.2,1564,37.5,15,9.699999999999989,6141.813637768045,False,False,True,0
2005,298.5,308.2,1451,47.5,18,9.699999999999989,7217.54732223475,False,True,False,0
2006,298.5,308.3,1504,38.0,20,9.800000000000011,5984.943444598795,False,True,False,0
2007,298.5,308.3,1381,50.5,22,9.800000000000011,7303.208081922632,False,False,True,0
2008,298.6,308.4,1562,34.4,25,9.799999999999955,5626.885657893654,False,True,False,0
2009,298.5,308.3,1811,24.7,27,9.800000000000011,4684.292670086084,False,True,False,0
2010,298.6,308.3,1717,28.7,29,9.699999999999989,5160.369620811082,False,False,True,0
2011,298.6,308.3,1278,60.5,32,9.699999999999989,8096.826746096974,False,True,False,0
2012,298.7,308.5,1616,30.2,34,9.800000000000011,5110.659153055779,False,True,False,0
2013,298.6,308.4,1397,46.4,36,9.799999999999955,6788.018302660441,False,True,False,0
2014,298.6,308.4,1485,42.9,38,9.799999999999955,6671.329079530605,False,True,False,0
2015,298.6,308.4,1310,59.7,40,9.799999999999955,8189.8178886432315,False,True,False,0
2016,298.5,308.2,1301,66.3,42,9.699999999999989,9032.738613527908,False,True,False,1
2017,298.5,308.3,1458,44.0,44,9.800000000000011,6717.981730436413,False,True,False,0
2018,298.7,308.5,1483,42.5,46,9.800000000000011,6600.224365804356,False,True,False,0
2019,298.7,308.5,1375,46.4,48,9.800000000000011,6681.120376634293,False,True,False,0
2020,298.7,308.5,1660,27.0,50,9.800000000000011,4693.539424463151,False,False,True,0
2021,298.7,308.4,1560,33.3,53,9.699999999999989,5439.981838956085,True,False,False,0
2022,298.7,308.5,1480,42.2,58,9.800000000000011,6540.377025753471,False,True,False,0
2023,298.7,308.4,1373,46.9,60,9.699999999999989,6743.292495248835,False,True,False,0
2024,298.7,308.5,1444,54.2,62,9.800000000000011,8195.870690489148,False,True,False,0
2025,298.7,308.6,1722,24.7,64,9.900000000000034,4454.087232406537,False,False,True,0
2026,298.7,308.5,1469,39.9,67,9.800000000000011,6137.949478804129,False,True,False,0
2027,298.7,308.5,1360,52.9,69,9.800000000000011,7533.958062328802,False,False,True,0
2028,298.7,308.4,1750,25.8,72,9.699999999999989,4728.096943652638,False,True,False,0
2029,298.7,308.3,1349,46.6,74,9.600000000000023,6583.03985398922,False,False,True,0
2030,298.7,308.5,1668,35.2,77,9.800000000000011,6148.473814193656,False,True,False,0
2031,298.9,308.6,1400,49.5,79,9.700000000000045,7257.079029792421,False,True,False,0
2032,298.8,308.6,1331,62.8,81,9.800000000000011,8753.189227235976,False,True,False,0
2033,298.8,308.5,1444,42.2,83,9.699999999999989,6381.286773775683,False,True,False,0
2034,298.8,308.5,1359,47.6,85,9.699999999999989,6774.153407082599,True,False,False,0
2035,298.8,308.5,1425,47.4,90,9.699999999999989,7073.295859557419,False,False,True,0
2036,298.9,308.6,1469,34.2,93,9.700000000000045,5261.099553260683,False,False,True,0
2037,299.0,308.7,1892,22.8,96,9.699999999999989,4517.358908449835,False,True,False,0
2038,299.0,308.7,1940,19.9,98,9.699999999999989,4042.810866149585,True,False,False,0
2039,299.0,308.8,1405,55.2,103,9.800000000000011,8121.645328060333,False,True,False,0
2040,299.0,308.9,1449,39.6,105,9.899999999999977,6008.861436668125,False,False,True,0
2041,299.1,308.9,1686,29.6,108,9.799999999999955,5226.102211099693,False,True,False,0
2042,299.1,308.9,1680,27.2,110,9.799999999999955,4785.273929947973,False,True,False,0
2043,299.1,308.9,1397,52.4,112,9.799999999999955,7665.77929007343,False,False,True,0
2044,299.2,309.0,1597,30.3,115,9.800000000000011,5067.294702460728,False,False,True,0
2045,299.3,309.1,1470,41.1,118,9.800000000000011,6326.853445064484,False,True,False,0
2046,299.3,309.1,1703,31.3,120,9.800000000000011,5581.971354922833,False,False,True,0
2047,299.3,309.1,1388,45.5,123,9.800000000000011,6613.471414826993,False,True,False,0
2048,299.3,309.2,1775,24.2,125,9.899999999999977,4498.237081164985,False,True,False,0
2049,299.3,309.2,1465,41.5,127,9.899999999999977,6366.699311887514,False,True,False,0
2050,299.3,309.2,1586,37.9,129,9.899999999999977,6294.641648389676,False,False,True,0
2051,299.5,309.3,1675,29.2,132,9.800000000000011,5121.843222902559,False,False,True,0
2052,299.4,309.2,1470,44.4,135,9.800000000000011,6834.8489771499535,False,False,True,0
2053,299.5,309.3,1477,40.4,138,9.800000000000011,6248.711563794193,False,True,False,0
2054,299.5,309.3,1382,61.0,140,9.800000000000011,8828.084796097557,False,True,False,0
2055,299.6,309.4,1605,29.8,142,9.799999999999955,5008.641167618207,False,False,True,0
2056,299.6,309.4,1643,32.9,145,9.799999999999955,5660.594947066673,False,True,False,0
2057,299.5,309.3,1333,54.1,147,9.800000000000011,7551.896556380801,False,True,False,0
2058,299.5,309.3,1520,42.3,149,9.800000000000011,6733.061375173644,False,True,False,0
2059,299.5,309.3,1902,24.0,151,9.800000000000011,4780.247381702229,False,False,True,0
2060,299.5,309.4,1386,44.4,154,9.899999999999977,6444.286178455671,True,False,False,0
2061,299.6,309.5,1803,27.7,159,9.899999999999977,5230.029201916679,False,True,False,0
2062,299.7,309.6,1359,50.7,161,9.900000000000034,7215.327263426214,False,True,False,0
2063,299.7,309.6,1477,42.7,163,9.900000000000034,6604.45504391119,False,False,True,0
2064,299.7,309.6,1321,53.4,166,9.900000000000034,7387.078133797967,False,True,False,0
2065,299.6,309.5,1453,41.4,168,9.899999999999977,6299.333093419037,False,True,False,0
2066,299.7,309.6,1419,45.1,170,9.900000000000034,6701.739696417354,False,True,False,0
2067,299.7,309.6,1512,36.2,172,9.900000000000034,5731.772964621506,False,True,False,0
2068,299.7,309.6,1553,36.8,174,9.900000000000034,5984.775892990603,False,True,False,0
2069,299.7,309.6,1534,39.1,176,9.900000000000034,6281.028080224121,False,False,True,0
2070,299.7,309.6,1553,41.0,179,9.900000000000034,6667.8209677340965,True,False,False,0
2071,299.7,309.5,1352,49.7,184,9.800000000000011,7036.581113412467,False,True,False,0
2072,299.7,309.6,1313,60.0,186,9.900000000000034,8249.822308326797,False,False,True,0
2073,299.6,309.5,1570,35.5,189,9.899999999999977,5836.555551594237,False,True,False,0
2074,299.6,309.4,1677,31.1,191,9.799999999999955,5461.62741233932,False,True,False,0
2075,299.5,309.4,1602,31.5,193,9.899999999999977,5284.47300260339,False,True,False,0
2076,299.5,309.4,1390,58.8,195,9.899999999999977,8558.955025440033,False,True,False,1
2077,299.4,309.3,1544,36.0,197,9.900000000000034,5820.742868571168,False,True,False,0
2078,299.4,309.4,1701,31.2,199,10.0,5557.603067906487,False,True,False,0
2079,299.4,309.3,1692,28.4,201,9.900000000000034,5032.077448813986,False,False,True,0
2080,299.3,309.3,1523,37.9,204,10.0,6044.602289090465,False,False,True,0
2081,299.3,309.2,2280,15.4,207,9.899999999999977,3676.920041761494,False,True,False,0
2082,299.4,309.3,1485,47.1,209,9.900000000000034,7324.466192211923,False,False,True,0
2083,299.4,309.2,1513,36.1,212,9.800000000000011,5719.719720807233,True,False,False,0
2084,299.4,309.3,1743,28.2,0,9.900000000000034,5147.248235494589,True,False,False,0
2085,299.5,309.3,1442,46.2,5,9.800000000000011,6976.471973973782,False,True,False,0
2086,299.5,309.3,1462,46.7,7,9.800000000000011,7149.783168696819,False,True,False,0
2087,299.4,309.3,1439,49.7,9,9.900000000000034,7489.378862574364,True,False,False,0
2088,299.5,309.3,1577,36.6,14,9.800000000000011,6044.235769947547,False,True,False,0
2089,299.6,309.4,1331,46.4,16,9.799999999999955,6467.324524581996,False,True,False,0
2090,299.5,309.3,1941,22.5,18,9.800000000000011,4573.373505463341,False,True,False,0
2091,299.5,309.2,1393,47.3,20,9.699999999999989,6899.869473103749,False,True,False,0
2092,299.4,309.2,1433,42.1,22,9.800000000000011,6317.66952254049,False,True,False,0
2093,299.4,309.2,1444,48.2,24,9.800000000000011,7288.578732132416,False,True,False,0
2094,299.4,309.2,1564,39.0,26,9.800000000000011,6387.486183278767,False,True,False,0
2095,299.4,309.3,1377,43.6,28,9.900000000000034,6287.080882070038,False,True,False,0
2096,299.4,309.3,1525,41.5,30,9.900000000000034,6627.451502135467,False,True,False,0
2097,299.5,309.4,1387,56.2,32,9.899999999999977,8162.842079724408,False,False,True,0
2098,299.4,309.4,1326,47.5,35,10.0,6595.77377621177,False,False,True,0
2099,299.4,309.3,1401,59.0,38,9.900000000000034,8656.030238435957,False,True,False,0
2100,299.4,309.3,1596,31.8,40,9.900000000000034,5314.820787637069,False,True,False,0
2101,299.3,309.3,1471,46.0,42,10.0,7085.9669499268975,False,False,True,0
2102,299.3,309.3,1528,37.8,45,10.0,6048.445504103356,False,True,False,0
2103,299.3,309.3,1325,62.0,47,10.0,8602.72788308005,False,True,False,0
2104,299.3,309.1,1376,46.7,49,9.800000000000011,6729.207688185241,False,False,True,0
2105,299.3,309.1,1600,35.3,52,9.800000000000011,5914.571769158383,False,False,True,0
2106,299.3,309.1,1495,44.0,55,9.800000000000011,6888.46549177122,False,True,False,0
2107,299.4,309.1,1645,28.6,57,9.700000000000045,4926.750319114633,False,True,False,0
2108,299.4,309.1,1417,47.3,59,9.700000000000045,7018.747339115587,False,False,True,0
2109,299.4,309.0,1415,51.7,62,9.600000000000023,7660.82604565627,True,False,False,0
2110,299.3,309.0,1496,43.4,67,9.699999999999989,6799.076708801078,False,False,True,0
2111,299.3,309.0,1508,35.0,70,9.699999999999989,5527.1086752156425,True,False,False,0
2112,299.4,309.0,1436,47.9,75,9.600000000000023,7203.085524052724,False,True,False,0
2113,299.5,309.1,1852,22.6,77,9.600000000000023,4383.066294484384,False,True,False,0
2114,299.5,309.1,1863,22.5,79,9.600000000000023,4389.5903352283385,False,True,False,0
2115,299.4,309.1,1373,44.1,81,9.700000000000045,6340.707868666816,True,False,False,0
2116,299.4,309.0,1404,47.3,86,9.600000000000023,6954.355161692509,False,True,False,0
2117,299.4,309.0,1381,44.9,88,9.600000000000023,6493.347383729231,False,False,True,0
2118,299.4,308.9,1762,29.3,91,9.5,5406.324909660627,True,False,False,0
2119,299.3,308.9,1429,43.0,96,9.599999999999966,6434.7147928377335,True,False,False,0
2120,299.3,308.9,1858,24.7,101,9.599999999999966,4805.861833804498,False,False,True,0
2121,299.2,308.8,1908,21.3,104,9.600000000000023,4255.852735965021,True,False,False,0
2122,299.2,308.8,1503,37.4,109,9.600000000000023,5886.527818737339,False,False,True,0
2123,299.2,308.8,1523,38.9,112,9.600000000000023,6204.090476137707,False,False,True,0
2124,299.3,309.0,1491,38.4,115,9.699999999999989,5995.666747523048,False,True,False,0
2125,299.2,308.9,1430,39.1,117,9.699999999999989,5855.195668005536,False,True,False,0
2126,299.3,308.9,1258,69.4,119,9.599999999999966,9142.579164672921,False,True,False,1
2127,299.3,309.0,1449,46.5,121,9.699999999999989,7055.860020329996,False,True,False,0
2128,299.3,309.0,1425,40.6,123,9.699999999999989,6058.561432447916,True,False,False,0
2129,299.4,309.0,1800,24.3,128,9.600000000000023,4580.442088933918,False,True,False,0
2130,299.4,309.0,1607,33.7,130,9.600000000000023,5671.192586284783,True,False,False,0
2131,299.4,309.0,1391,58.2,135,9.600000000000023,8477.7134394182,False,True,False,0
2132,299.4,309.1,1432,45.4,137,9.700000000000045,6808.124495643416,False,True,False,0
2133,299.4,309.0,1660,28.4,139,9.600000000000023,4936.90813536124,False,True,False,0
2134,299.3,309.0,1732,29.7,141,9.699999999999989,5386.826091257346,True,False,False,0
2135,299.3,309.0,1473,46.3,146,9.699999999999989,7141.876827185283,False,True,False,0
2136,299.3,309.0,1511,47.8,148,9.699999999999989,7563.468089321523,False,True,False,0
2137,299.2,308.9,1588,41.5,150,9.699999999999989,6901.241301895818,False,True,False,0
2138,299.3,308.9,1623,31.1,152,9.599999999999966,5285.7610555913625,False,True,False,0
2139,299.3,309.0,1734,30.6,154,9.699999999999989,5556.472094551195,False,True,False,0
2140,299.3,309.0,1415,47.6,156,9.699999999999989,7053.294386329564,False,True,False,0
2141,299.3,309.0,1419,46.6,158,9.699999999999989,6924.6356951895505,False,True,False,0
2142,299.3,308.9,1577,34.9,160,9.599999999999966,5763.49257844725,False,False,True,0
2143,299.3,308.9,1376,60.3,163,9.599999999999966,8688.891297592507,False,True,False,0
2144,299.3,308.8,1442,49.0,165,9.5,7399.288457244919,False,False,True,0
2145,299.4,308.9,1451,40.5,168,9.5,6153.908769484366,False,True,False,0
2146,299.3,308.8,1550,45.8,170,9.5,7434.0554159446465,False,True,False,0
2147,299.3,308.8,1647,32.9,172,9.5,5674.376066840419,False,True,False,0
2148,299.4,308.9,1550,33.7,174,9.5,5470.036408675429,False,True,False,0
2149,299.4,308.9,1583,34.1,176,9.5,5652.80379728577,False,True,False,0
2150,299.4,309.0,1613,32.2,178,9.600000000000023,5438.997473257961,False,True,False,0
2151,299.3,308.8,1636,35.5,180,9.5,6081.9139378396,True,False,False,0
2152,299.3,308.7,1289,51.5,185,9.399999999999977,6951.663863985934,False,False,True,0
2153,299.3,308.8,1648,28.4,188,9.5,4901.21964281646,False,False,True,0
2154,299.3,308.8,1397,45.4,191,9.5,6641.724804758276,True,False,False,0
2155,299.3,308.9,1767,24.8,196,9.599999999999966,4588.9872209516825,False,False,True,0
2156,299.3,308.8,1341,47.7,199,9.5,6698.4724400576215,False,True,False,0
2157,299.4,308.9,1457,41.5,201,9.5,6331.932353187787,False,False,True,0
2158,299.4,309.0,1939,19.8,204,9.600000000000023,4020.4217825050023,False,False,True,0
2159,299.5,309.0,1399,49.7,207,9.5,7281.1959893964795,False,False,True,0
2160,299.5,309.0,1602,31.3,210,9.5,5250.920793063052,False,False,True,0
2161,299.4,309.0,1507,41.0,213,9.600000000000023,6470.319509578418,False,True,False,0
2162,299.4,309.1,1464,40.5,215,9.700000000000045,6209.043720554867,False,True,False,0
2163,299.5,309.1,1336,42.1,217,9.600000000000023,5890.025458558335,False,True,False,0
2164,299.6,309.2,1422,39.8,219,9.599999999999966,5926.677372850216,False,True,False,0
2165,299.6,309.2,1540,36.7,221,9.599999999999966,5918.551119852931,False,True,False,0
2166,299.5,309.1,1476,47.8,223,9.600000000000023,7388.271939006332,False,True,False,0
2167,299.6,309.2,1867,23.4,225,9.599999999999966,4574.975717716671,False,False,True,1
2168,299.6,309.1,1588,41.3,0,9.5,6867.982307669813,True,False,False,0
2169,299.5,309.1,1420,49.5,5,9.600000000000023,7360.7515873608845,False,False,True,0
2170,299.5,309.1,1415,49.2,8,9.600000000000023,7290.379911920473,False,True,False,0
2171,299.4,309.1,1500,43.3,10,9.700000000000045,6801.548095021901,False,False,True,0
2172,299.5,309.1,1502,44.6,13,9.600000000000023,7015.092619661912,False,True,False,0
2173,299.5,309.2,1816,23.0,15,9.699999999999989,4373.934731837949,False,True,False,0
2174,299.5,309.2,1495,41.6,17,9.699999999999989,6512.73101040188,False,False,True,0
2175,299.6,309.2,1572,33.4,20,9.599999999999966,5498.289798606712,False,True,False,0
2176,299.5,309.2,1590,35.9,22,9.699999999999989,5977.508341985299,False,False,True,0
2177,299.6,309.3,1387,48.3,25,9.699999999999989,7015.396306951758,False,False,True,0
2178,299.6,309.2,1393,47.7,28,9.599999999999966,6958.219320656425,False,False,True,0
2179,299.6,309.2,1602,37.3,31,9.599999999999966,6257.487079273221,False,True,False,0
2180,299.6,309.2,1601,33.3,33,9.599999999999966,5582.9557206209565,False,True,False,0
2181,299.6,309.2,1597,36.3,35,9.599999999999966,6070.719396017308,True,False,False,0
2182,299.5,309.1,1548,44.3,40,9.600000000000023,7181.303814987836,True,False,False,0
2183,299.5,309.2,1314,61.8,45,9.699999999999989,8503.788658442994,False,False,True,0
2184,299.6,309.3,1577,39.8,48,9.699999999999989,6572.693542183397,False,False,True,0
2185,299.8,309.4,1475,43.4,51,9.599999999999966,6703.63512398502,False,True,False,0
2186,299.8,309.4,1630,32.4,53,9.599999999999966,5530.459707379471,False,True,False,0
2187,299.7,309.4,1445,42.9,55,9.699999999999989,6491.629979745268,False,True,False,0
2188,299.8,309.4,1439,47.4,57,9.599999999999966,7142.7878890548245,False,False,True,0
2189,299.7,309.3,1420,44.1,60,9.600000000000023,6557.760505103334,False,True,False,0
2190,299.7,309.2,1554,41.6,62,9.5,6769.755177367573,True,False,False,0
2191,299.6,309.1,1471,44.3,67,9.5,6824.094258299164,False,False,True,0
2192,299.6,309.0,1648,33.6,70,9.399999999999977,5798.626056289897,False,True,False,0
2193,299.6,309.0,1472,48.8,72,9.399999999999977,7522.397001363591,False,True,False,0
2194,299.5,308.9,1448,42.9,74,9.399999999999977,6505.107412229168,False,False,True,0
2195,299.6,308.9,1568,35.3,77,9.299999999999955,5796.280333775216,False,False,True,0
2196,299.6,308.9,1613,30.8,80,9.299999999999955,5202.519322246745,False,True,False,0
2197,299.7,308.9,1551,35.4,82,9.199999999999989,5749.680042746967,False,False,True,0
2198,299.7,309.0,1412,49.2,85,9.300000000000011,7274.923276064813,False,True,False,0
2199,299.7,308.9,1478,41.0,87,9.199999999999989,6345.8077207411425,False,False,True,0
2200,299.8,309.1,1268,58.0,90,9.300000000000011,7701.509670520258,False,False,True,0
2201,299.8,309.1,1546,35.6,93,9.300000000000011,5763.523994373787,False,True,False,0
2202,299.8,309.0,1567,36.1,95,9.199999999999989,5923.8604114374975,False,True,False,0
2203,299.9,309.2,1548,35.7,97,9.300000000000011,5787.19065903083,False,False,True,0
2204,299.8,309.0,1614,30.8,100,9.199999999999989,5205.744690704431,False,True,False,0
2205,299.7,309.1,1352,46.1,102,9.400000000000034,6526.889121294059,False,False,True,0
2206,299.9,309.2,1624,34.6,105,9.300000000000011,5884.24492807573,False,True,False,0
2207,299.9,309.2,1436,52.0,107,9.300000000000011,7819.633554295234,False,True,False,0
2208,299.8,309.2,1591,37.5,109,9.399999999999977,6247.842389826701,False,True,False,0
2209,299.8,309.2,1435,42.6,111,9.399999999999977,6401.623350219921,True,False,False,0
2210,299.8,309.3,1386,49.4,116,9.5,7169.994081434912,False,True,False,0
2211,299.7,309.2,1401,54.1,118,9.5,7937.139591515005,False,True,False,0
2212,299.6,309.0,1245,64.0,120,9.399999999999977,8344.07008793449,False,False,True,0
2213,299.7,309.1,1475,40.0,123,9.400000000000034,6178.465552059926,False,True,False,0
2214,299.7,309.1,1473,39.4,125,9.400000000000034,6077.536652075598,False,True,False,0
2215,299.7,309.2,1355,44.8,127,9.5,6356.908014783826,True,False,False,0
2216,299.7,309.2,1468,49.6,132,9.5,7624.938585576763,True,False,False,0
2217,299.7,309.2,1645,30.8,137,9.5,5305.731112892681,False,True,False,0
2218,299.7,309.1,1347,55.3,139,9.400000000000034,7800.4803110838475,False,True,False,0
2219,299.7,309.1,1713,33.5,141,9.400000000000034,6009.395507419235,False,True,False,0
2220,299.6,309.1,1435,48.4,143,9.5,7273.205872080849,False,False,True,0
2221,299.6,309.0,1736,26.1,146,9.399999999999977,4744.810216569736,False,False,True,0
2222,299.6,309.0,1372,60.4,149,9.399999999999977,8678.000443060062,False,True,False,0
2223,299.7,309.0,1605,33.0,151,9.300000000000011,5546.481829912779,False,True,False,0
2224,299.6,309.0,1413,48.5,153,9.399999999999977,7176.4971782278435,False,True,False,0
2225,299.7,309.0,1645,31.9,155,9.300000000000011,5495.221509781706,False,False,True,0
2226,299.7,309.0,1465,49.0,158,9.300000000000011,7517.307621264777,False,False,True,0
2227,299.6,308.9,1685,27.8,161,9.299999999999955,4905.387489070223,False,False,True,0
2228,299.5,308.8,1965,20.4,164,9.300000000000011,4197.796103726681,False,True,False,0
2229,299.4,308.6,1542,41.8,166,9.200000000000045,6749.774648090742,True,False,False,0
2230,299.4,308.7,1681,30.8,171,9.300000000000011,5421.844377369361,False,True,False,0
2231,299.5,308.7,1446,45.7,173,9.199999999999989,6920.11180176838,False,True,False,0
2232,299.4,308.6,1415,56.4,175,9.200000000000045,8357.264777079567,False,True,False,0
2233,299.5,308.6,1672,30.5,177,9.100000000000023,5340.288632082169,False,True,False,0
2234,299.5,308.7,2549,13.0,179,9.199999999999989,3470.0985254001657,False,True,False,1
2235,299.4,308.6,1492,40.5,181,9.200000000000045,6327.795922860561,False,True,False,0
2236,299.4,308.6,1455,42.7,183,9.200000000000045,6506.081305951782,False,False,True,0
2237,299.3,308.5,1422,43.1,186,9.199999999999989,6418.0852957247325,False,False,True,0
2238,299.3,308.6,1403,50.6,189,9.300000000000011,7434.243911503862,False,True,False,0
2239,299.3,308.6,1474,49.6,191,9.300000000000011,7656.103184700374,False,True,False,0
2240,299.2,308.6,1381,50.0,193,9.400000000000034,7230.899091012507,False,True,False,0
2241,299.2,308.5,1457,44.7,195,9.300000000000011,6820.177739457689,False,True,False,0
2242,299.2,308.4,1711,28.9,197,9.199999999999989,5178.171979181424,False,True,False,0
2243,299.2,308.4,1667,29.0,199,9.199999999999989,5062.467121749712,False,True,False,0
2244,299.2,308.4,1465,35.0,201,9.199999999999989,5369.505443760554,False,True,False,0
2245,299.3,308.4,1542,37.5,203,9.099999999999966,6055.4198397943255,False,False,True,1
2246,299.3,308.4,1438,42.3,0,9.099999999999966,6369.830432565592,False,False,True,0
2247,299.3,308.4,1406,47.4,3,9.099999999999966,6978.985248096653,False,True,False,0
2248,299.2,308.4,1396,48.5,5,9.199999999999989,7090.155740131684,False,False,True,0
2249,299.3,308.5,1304,60.6,8,9.199999999999989,8275.206376967802,False,False,True,0
2250,299.2,308.5,1442,46.5,11,9.300000000000011,7021.773740038546,False,True,False,0
2251,299.2,308.4,1396,48.7,13,9.199999999999989,7119.393495761093,False,False,True,0
2252,299.1,308.3,1424,43.4,16,9.199999999999989,6471.848418003165,True,False,False,0
2253,299.1,308.3,1451,42.8,21,9.199999999999989,6503.390008245206,True,False,False,0
2254,299.2,308.4,1386,54.1,26,9.199999999999989,7852.159510235401,False,True,False,0
2255,299.1,308.3,1325,46.9,28,9.199999999999989,6507.547382523457,False,True,False,0
2256,299.1,308.3,1559,33.7,30,9.199999999999989,5501.797910403221,False,True,False,0
2257,299.1,308.3,1489,38.1,32,9.199999999999989,5940.845955717907,False,True,False,0
2258,299.1,308.3,1892,25.2,34,9.199999999999989,4992.8703724971865,False,True,False,0
2259,299.1,308.2,1319,60.3,36,9.099999999999966,8328.959027270723,False,True,False,0
2260,299.1,308.3,1431,52.3,38,9.199999999999989,7837.362608836993,False,True,False,0
2261,299.1,308.3,1521,36.5,40,9.199999999999989,5813.674285100591,True,False,False,0
2262,299.1,308.2,1435,45.2,45,9.099999999999966,6792.332756571373,False,False,True,0
2263,299.1,308.3,1533,42.4,48,9.199999999999989,6806.700306973788,False,True,False,0
2264,299.2,308.4,1529,43.0,50,9.199999999999989,6885.00973985227,False,False,True,0
2265,299.2,308.4,1415,43.5,53,9.199999999999989,6445.762727002858,False,False,True,0
2266,299.2,308.4,1330,51.2,56,9.199999999999989,7130.996444628351,False,False,True,0
2267,299.2,308.5,1381,60.6,59,9.300000000000011,8763.849698307158,False,True,False,0
2268,299.2,308.5,1370,52.4,61,9.300000000000011,7517.621780530135,False,True,False,0
2269,299.2,308.5,1438,46.6,63,9.300000000000011,7017.354566372497,False,True,False,0
2270,299.3,308.6,1314,48.2,65,9.300000000000011,6632.404746552627,False,True,False,0
2271,299.3,308.6,1437,48.1,67,9.300000000000011,7238.198057944347,False,True,False,0
2272,299.2,308.5,1821,26.1,69,9.300000000000011,4977.130993302702,False,True,False,0
2273,299.3,308.6,1448,52.1,71,9.300000000000011,7900.142102031229,False,False,True,0
2274,299.3,308.5,1589,32.7,74,9.199999999999989,5441.269891944057,False,True,False,0
2275,299.3,308.6,1520,33.7,76,9.300000000000011,5364.164736249452,False,True,False,0
2276,299.3,308.6,1605,37.0,78,9.300000000000011,6218.782657780996,False,True,False,0
2277,299.3,308.7,1393,54.2,80,9.399999999999977,7906.404343387385,False,True,False,0
2278,299.3,308.7,1408,44.4,82,9.399999999999977,6546.576435256554,True,False,False,0
2279,299.3,308.7,1459,35.6,87,9.399999999999977,5439.185968817176,False,False,True,0
2280,299.4,308.7,1525,39.0,90,9.300000000000011,6228.207435741764,False,True,False,0
2281,299.4,308.8,1390,57.0,92,9.400000000000034,8296.946198130643,False,True,False,0
2282,299.3,308.7,1536,38.9,94,9.399999999999977,6257.047256301718,False,True,False,0
2283,299.4,308.7,1459,47.6,96,9.300000000000011,7272.619441452181,False,True,False,0
2284,299.2,308.5,1387,51.1,98,9.300000000000011,7422.085947934469,False,True,False,0
2285,299.2,308.5,1378,53.4,100,9.300000000000011,7705.824124431188,False,True,False,0
2286,299.4,308.7,1381,56.7,102,9.300000000000011,8199.839569208183,False,True,False,0
2287,299.4,308.7,1289,60.5,104,9.300000000000011,8166.517743129107,False,False,True,0
2288,299.4,308.6,1746,26.8,107,9.200000000000045,4900.130557363216,False,True,False,0
2289,299.4,308.6,1541,39.1,109,9.200000000000045,6309.689877200372,False,False,True,0
2290,299.4,308.7,1504,37.8,112,9.300000000000011,5953.443742258801,False,True,False,0
2291,299.5,308.7,1321,51.9,114,9.199999999999989,7179.575939028361,False,False,True,0
2292,299.5,308.8,1886,20.9,117,9.300000000000011,4127.780475453676,False,False,True,0
2293,299.6,308.9,1422,53.2,120,9.299999999999955,7922.09136270431,False,True,False,0
2294,299.5,308.9,1520,38.3,122,9.399999999999977,6096.365264046112,False,True,False,0
2295,299.4,308.8,1627,32.6,124,9.400000000000034,5554.356755497778,False,True,False,0
2296,299.4,308.7,1512,37.2,126,9.300000000000011,5890.109234362431,False,True,False,0
2297,299.4,308.7,1553,42.7,128,9.300000000000011,6944.291593225511,False,True,False,0
2298,299.3,308.7,1802,26.0,130,9.399999999999977,4906.329966866299,False,True,False,0
2299,299.3,308.6,1482,37.6,132,9.300000000000011,5835.319858483826,False,True,False,0
2300,299.4,308.7,1446,62.9,134,9.300000000000011,9524.617775300461,False,True,False,1
2301,299.3,308.6,1371,50.5,136,9.300000000000011,7250.324605587204,False,True,False,0
2302,299.2,308.6,1586,35.7,138,9.400000000000034,5929.25347882616,False,False,True,0
2303,299.2,308.5,1515,39.8,141,9.300000000000011,6314.287074450124,False,True,False,0
2304,299.2,308.5,1374,53.6,143,9.300000000000011,7712.232973444512,False,True,False,0
2305,299.1,308.5,1455,39.8,145,9.399999999999977,6064.216299224377,False,True,False,0
2306,299.2,308.5,1342,47.5,147,9.300000000000011,6675.360790102712,True,False,False,0
2307,299.1,308.6,1260,57.8,152,9.5,7626.530325854582,False,True,False,0
2308,299.0,308.5,1623,33.5,154,9.5,5693.665445733462,True,False,False,0
2309,299.1,308.5,1371,55.5,159,9.399999999999977,7968.178526932472,False,True,False,0
2310,299.1,308.6,1611,31.4,161,9.5,5297.290700630037,False,True,False,0
2311,299.0,308.4,1535,47.5,163,9.399999999999977,7635.379145162193,False,False,True,0
2312,299.1,308.6,1491,38.5,166,9.5,6011.28046301139,False,False,True,0
2313,299.1,308.6,1441,36.2,169,9.5,5462.622250012956,False,False,True,0
2314,299.1,308.8,1725,26.6,172,9.699999999999989,4805.065963665588,False,False,True,0
2315,299.2,308.9,1368,47.2,175,9.699999999999989,6761.712700174384,False,True,False,0
2316,299.2,308.9,1526,37.9,177,9.699999999999989,6056.508925247571,False,True,False,0
2317,299.2,308.8,1542,39.2,179,9.600000000000023,6329.932205865002,False,True,False,0
2318,299.2,308.8,1605,31.1,181,9.600000000000023,5227.138936675377,False,True,False,0
2319,299.2,308.8,1405,51.4,183,9.600000000000023,7562.54655547647,False,True,False,0
2320,299.2,308.8,1700,33.5,185,9.600000000000023,5963.790054064623,False,False,True,0
2321,299.2,308.8,1440,39.1,188,9.600000000000023,5896.141092257323,True,False,False,0
2322,299.2,308.8,1314,52.5,193,9.600000000000023,7224.092306929729,False,False,True,0
2323,299.2,308.7,1514,41.9,196,9.5,6643.065217623808,False,True,False,0
2324,299.2,308.7,1401,47.0,198,9.5,6895.481715364236,False,False,True,0
2325,299.3,308.8,1636,29.9,201,9.5,5122.513429335324,False,True,False,0
2326,299.3,308.8,1603,33.9,203,9.5,5690.649516786015,False,True,False,0
2327,299.4,308.7,1487,52.6,205,9.300000000000011,8190.781310390332,False,False,True,0
2328,299.3,308.7,1420,50.3,208,9.399999999999977,7479.7132291768185,False,False,True,0
2329,299.3,308.7,1579,36.3,211,9.399999999999977,6002.295508022123,False,True,False,0
2330,299.3,308.7,1484,40.5,213,9.399999999999977,6293.866722201791,False,True,False,0
2331,299.3,308.7,1390,49.3,215,9.399999999999977,7176.130659084924,False,False,True,0
2332,299.3,308.6,1384,53.6,218,9.300000000000011,7768.36276218865,False,True,False,1
2333,299.2,308.5,1378,50.4,220,9.300000000000011,7272.912656766514,False,True,False,1
2334,299.2,308.5,1445,45.2,222,9.300000000000011,6839.666085885458,False,True,False,0
2335,299.2,308.4,1445,43.5,224,9.199999999999989,6582.422007434014,False,True,False,0
2336,299.2,308.4,1509,39.4,0,9.199999999999989,6226.071152737323,False,True,False,0
2337,299.2,308.4,1434,46.8,2,9.199999999999989,7027.86842978651,False,True,False,0
2338,299.2,308.4,1877,23.9,4,9.199999999999989,4697.759630594473,False,True,False,0
2339,299.3,308.3,1651,28.0,6,9.0,4840.984839671632,False,True,False,0
2340,299.2,308.2,1466,41.3,8,9.0,6340.341349523896,False,True,False,0
2341,299.1,308.1,1479,40.7,10,9.0,6303.637075354456,False,True,False,0
2342,299.1,308.2,1409,46.4,12,9.099999999999966,6846.326262311069,False,True,False,0
2343,299.2,308.2,1674,28.2,14,9.0,4943.484535982754,False,False,True,0
2344,299.1,308.3,1305,61.4,17,9.199999999999989,8390.879818472979,False,True,False,0
2345,299.2,308.3,1755,26.4,19,9.100000000000023,4851.875694204076,False,False,True,0
2346,299.2,308.4,1475,38.7,22,9.199999999999989,5977.6654216179795,False,True,False,0
2347,299.2,308.4,1402,47.7,24,9.199999999999989,7003.175511529295,False,True,False,0
2348,299.2,308.3,1410,43.0,26,9.100000000000023,6349.158752904972,False,True,False,0
2349,299.2,308.4,1436,41.8,28,9.199999999999989,6285.782357106553,False,True,False,0
2350,299.3,308.5,1386,42.2,30,9.199999999999989,6124.974701144804,False,False,True,0
2351,299.3,308.6,1744,26.4,33,9.300000000000011,4821.465077317327,False,True,False,0
2352,299.2,308.4,1393,48.4,35,9.199999999999989,7060.331553873605,False,True,False,0
2353,299.3,308.5,1422,45.4,37,9.199999999999989,6760.58172681909,False,False,True,0
2354,299.2,308.4,1841,22.8,40,9.199999999999989,4395.590777196695,False,True,False,0
2355,299.3,308.6,1433,37.7,42,9.300000000000011,5657.390522560012,False,True,False,0
2356,299.3,308.5,1305,60.6,44,9.199999999999989,8281.552394128053,False,False,True,0
2357,299.3,308.6,1498,39.5,47,9.300000000000011,6196.372630185388,True,False,False,0
2358,299.3,308.5,1772,26.1,52,9.199999999999989,4843.204898480169,False,True,False,0
2359,299.2,308.4,1381,42.5,54,9.199999999999989,6146.264227360631,False,False,True,0
2360,299.3,308.5,1413,38.5,57,9.199999999999989,5696.807038387051,False,True,False,0
2361,299.2,308.4,1388,53.2,59,9.199999999999989,7732.67426964387,True,False,False,0
2362,299.2,308.6,1631,35.4,64,9.400000000000034,6046.246389245844,False,False,True,0
2363,299.3,308.6,1520,41.4,67,9.300000000000011,6589.804750169949,True,False,False,0
2364,299.3,308.5,1510,45.4,72,9.199999999999989,7178.958092473155,False,True,False,0
2365,299.2,308.5,1366,49.7,74,9.300000000000011,7109.4451190247255,False,True,False,0
2366,299.4,308.5,1845,22.9,76,9.100000000000023,4424.4620136831845,False,True,False,0
2367,299.3,308.5,1485,44.7,78,9.199999999999989,6951.244984965456,False,True,False,0
2368,299.3,308.5,1496,39.4,80,9.199999999999989,6172.433694165034,False,False,True,0
2369,299.3,308.4,1468,42.2,83,9.099999999999966,6487.346941760875,False,False,True,0
2370,299.2,308.4,1856,22.7,86,9.199999999999989,4411.968946897409,False,False,True,0
2371,299.2,308.4,1620,34.1,89,9.199999999999989,5784.928712320245,False,True,False,0
2372,299.3,308.5,1409,44.8,91,9.199999999999989,6610.246046369307,False,True,False,0
2373,299.3,308.5,1404,49.4,93,9.199999999999989,7263.110887687313,False,False,True,0
2374,299.2,308.4,1350,51.3,96,9.199999999999989,7252.366640812037,False,True,False,0
2375,299.2,308.4,1538,38.0,98,9.199999999999989,6120.241368213396,False,False,True,0
2376,299.2,308.4,1476,32.7,101,9.199999999999989,5054.319924801403,False,False,True,0
2377,299.2,308.3,1364,51.8,104,9.100000000000023,7398.995241930585,False,False,True,0
2378,299.2,308.3,1582,45.5,107,9.100000000000023,7537.832693268229,False,False,True,0
2379,299.1,308.2,1348,56.1,110,9.099999999999966,7919.201097463007,False,True,False,0
2380,299.1,308.2,1450,46.1,112,9.099999999999966,6999.992030973657,True,False,False,0
2381,299.0,308.1,1242,60.9,117,9.100000000000023,7920.771893789802,False,True,False,0
2382,299.1,308.2,1493,34.9,119,9.099999999999966,5456.496144338455,False,True,False,0
2383,299.1,308.3,1601,31.4,121,9.199999999999989,5264.408697522464,False,True,False,0
2384,299.1,308.2,1568,33.3,123,9.099999999999966,5467.879181719963,False,True,False,0
2385,299.1,308.3,1506,38.0,125,9.199999999999989,5992.9021459878895,False,False,True,0
2386,299.1,308.3,1524,34.1,128,9.199999999999989,5442.118121960527,False,True,False,0
2387,299.1,308.4,1543,37.9,130,9.299999999999955,6123.979863471167,False,True,False,0
2388,299.2,308.5,1474,47.2,132,9.300000000000011,7285.646578989065,False,False,True,0
2389,299.2,308.5,1526,37.3,135,9.300000000000011,5960.62751746001,False,False,True,0
2390,299.2,308.5,1867,27.0,138,9.300000000000011,5278.818135826929,False,True,False,0
2391,299.2,308.5,1487,41.2,140,9.300000000000011,6415.5929655528835,False,True,False,0
2392,299.2,308.4,1580,32.6,142,9.199999999999989,5393.905146703435,False,True,False,0
2393,299.2,308.5,1340,50.0,144,9.300000000000011,7016.223593017205,False,True,False,0
2394,299.2,308.5,1544,41.6,146,9.300000000000011,6726.191759237795,False,True,False,0
2395,299.2,308.5,1488,40.3,148,9.300000000000011,6279.666723407565,False,True,False,0
2396,299.2,308.5,1742,28.9,150,9.300000000000011,5271.990407793127,False,False,True,0
2397,299.1,308.5,1592,34.2,153,9.399999999999977,5701.613675147044,False,False,True,0
2398,299.2,308.6,1582,38.8,156,9.400000000000034,6427.866120852907,False,True,False,0
2399,299.2,308.5,1490,43.2,158,9.300000000000011,6740.601197542261,False,True,False,0
2400,299.2,308.5,1594,35.8,160,9.300000000000011,5975.853769854408,False,False,True,0
2401,299.2,308.6,1462,55.0,163,9.400000000000034,8420.515509171842,True,False,False,0
2402,299.2,308.6,1367,47.6,168,9.400000000000034,6814.030689832166,False,False,True,0
2403,299.2,308.7,1325,51.0,171,9.5,7076.437452211008,False,True,False,0
2404,299.2,308.7,1448,51.4,173,9.5,7793.998158241941,True,False,False,0
2405,299.1,308.7,2008,20.3,178,9.599999999999966,4268.62854608962,False,False,True,0
2406,299.1,308.7,1498,38.9,181,9.599999999999966,6102.250514283837,False,True,False,0
2407,299.1,308.6,1437,41.6,183,9.5,6260.063185249165,False,True,False,0
2408,299.1,308.6,1499,45.1,185,9.5,7079.568572889088,False,False,True,0
2409,299.0,308.4,1356,52.6,188,9.399999999999977,7469.199365762805,False,True,False,0
2410,299.1,308.5,1539,46.8,190,9.399999999999977,7542.461306444518,False,True,False,0
2411,299.1,308.5,1689,32.1,192,9.399999999999977,5677.580491347082,False,True,False,0
2412,299.0,308.5,1559,38.1,194,9.5,6220.133542622039,False,True,False,0
2413,299.1,308.6,1408,46.7,196,9.5,6885.700890236061,False,True,False,0
2414,299.0,308.5,1886,23.0,198,9.5,4542.533537580602,False,True,False,0
2415,299.1,308.5,1415,43.4,0,9.399999999999977,6430.944881653426,False,True,False,0
2416,299.1,308.5,1587,35.6,2,9.399999999999977,5916.372948946442,False,False,True,0
2417,299.0,308.4,1571,38.6,5,9.399999999999977,6350.268782309241,False,True,False,0
2418,298.9,308.3,1576,36.6,7,9.400000000000034,6040.403026910168,False,True,False,0
2419,298.9,308.3,1660,34.4,9,9.400000000000034,5979.916896353051,False,True,False,0
2420,298.9,308.2,1328,49.2,11,9.300000000000011,6842.137472106283,False,False,True,0
2421,298.8,308.2,1450,44.7,14,9.399999999999977,6787.410928080749,True,False,False,0
2422,298.9,308.2,2384,15.0,19,9.300000000000011,3744.7784430790334,False,True,False,0
2423,298.8,308.2,1443,53.4,21,9.399999999999977,8069.306394451526,False,True,False,0
2424,298.9,308.2,2022,20.0,23,9.300000000000011,4234.866897039041,False,False,True,0
2425,298.9,308.2,1828,23.8,26,9.300000000000011,4555.979554137965,False,True,False,0
2426,298.8,308.1,1472,53.5,28,9.300000000000011,8246.890155183446,False,True,False,0
2427,298.9,308.2,1372,63.6,30,9.300000000000011,9137.762055937415,False,False,True,1
2428,298.9,308.3,1855,23.8,33,9.400000000000034,4623.272468777859,False,True,False,0
2429,299.0,308.3,1377,47.2,35,9.300000000000011,6806.197652149215,False,False,True,0
2430,298.9,308.3,1432,48.9,38,9.400000000000034,7332.979908303151,False,True,False,0
2431,298.9,308.2,1335,47.8,40,9.300000000000011,6682.481733450848,False,False,True,0
2432,298.9,308.2,1411,51.3,43,9.300000000000011,7580.066170507988,False,False,True,0
2433,298.9,308.2,1510,43.5,46,9.300000000000011,6878.5171150348515,False,True,False,0
2434,299.0,308.3,1441,44.0,48,9.300000000000011,6639.651353606908,False,True,False,0
2435,299.0,308.2,1358,42.7,50,9.199999999999989,6072.342552221664,False,False,True,0
2436,298.9,308.2,1686,30.4,53,9.300000000000011,5367.348216805089,False,True,False,0
2437,299.0,308.2,1662,30.4,55,9.199999999999989,5290.944683469786,True,False,False,0
2438,299.1,308.3,1426,40.1,60,9.199999999999989,5988.147869105456,False,True,False,0
2439,299.1,308.4,1330,53.6,62,9.299999999999955,7465.2619029703055,False,False,True,0
2440,299.1,308.4,1693,31.6,65,9.299999999999955,5602.381235195654,False,True,False,0
2441,299.1,308.4,1426,47.9,67,9.299999999999955,7152.924761350408,False,True,False,0
2442,299.1,308.5,1676,31.0,69,9.399999999999977,5440.819596997043,False,True,False,0
2443,299.1,308.4,1332,51.7,71,9.299999999999955,7211.463104462299,False,False,True,0
2444,299.1,308.5,1647,35.0,74,9.399999999999977,6036.5702838727875,False,True,False,0
2445,299.2,308.6,1267,68.2,76,9.400000000000034,9048.77120803673,False,True,False,1
2446,299.2,308.7,1375,55.1,78,9.5,7933.830447253223,True,False,False,0
2447,299.3,308.6,1422,48.9,83,9.300000000000011,7281.771948049638,False,True,False,0
2448,299.3,308.7,1408,48.7,85,9.399999999999977,7180.591720653023,False,True,False,0
2449,299.4,308.9,1440,42.5,87,9.5,6408.849013323178,False,True,False,0
2450,299.3,308.8,1772,25.2,89,9.5,4676.197833015335,False,True,False,0
2451,299.2,308.7,1492,37.8,91,9.5,5905.9428613365235,False,True,False,0
2452,299.2,308.7,1650,30.5,93,9.5,5270.021676396877,False,True,False,0
2453,299.1,308.6,2329,14.6,95,9.5,3560.827721235839,False,False,True,0
2454,299.0,308.6,1648,30.8,98,9.600000000000023,5315.407218265738,False,True,False,0
2455,299.0,308.6,1653,31.7,100,9.600000000000023,5487.325640245684,False,True,False,0
2456,299.0,308.6,1946,22.3,102,9.600000000000023,4544.397549221731,False,True,False,0
2457,299.1,308.6,1555,36.6,104,9.5,5959.915423125196,False,True,False,0
2458,299.0,308.6,1661,32.2,106,9.600000000000023,5600.852326770907,False,True,False,0
2459,299.0,308.6,1434,45.9,108,9.600000000000023,6892.717113829077,False,True,False,0
2460,299.0,308.6,1297,54.2,110,9.600000000000023,7361.526513548772,False,True,False,0
2461,299.0,308.6,1466,46.4,112,9.600000000000023,7123.289070651544,False,True,False,0
2462,298.9,308.6,1517,39.8,114,9.700000000000045,6322.622766957649,False,False,True,0
2463,298.9,308.5,1742,34.5,117,9.600000000000023,6293.552562936432,False,True,False,0
2464,298.9,308.5,1580,39.1,119,9.600000000000023,6469.377031782341,False,True,False,0
2465,298.9,308.5,1534,42.9,121,9.600000000000023,6891.460476767641,False,False,True,0
2466,298.9,308.6,1481,40.7,124,9.700000000000045,6312.161263421196,False,True,False,0
2467,299.0,308.6,1429,37.7,126,9.600000000000023,5641.598783487967,False,True,False,0
2468,298.9,308.6,1574,33.5,128,9.700000000000045,5521.76796770454,False,False,True,0
2469,298.9,308.6,1524,40.4,131,9.700000000000045,6447.553434815404,False,False,True,0
2470,299.0,308.7,1507,37.5,134,9.699999999999989,5917.975161199773,False,True,False,0
2471,298.9,308.5,1467,44.7,136,9.600000000000023,6866.987469996178,False,True,False,0
2472,298.9,308.4,1301,51.1,138,9.5,6961.884512085613,False,True,False,0
2473,298.9,308.5,1429,55.1,140,9.600000000000023,8245.413606636259,False,True,False,0
2474,298.9,308.5,1555,37.6,142,9.600000000000023,6122.754642336267,False,False,True,0
2475,298.9,308.5,1503,40.6,145,9.600000000000023,6390.187952960855,False,True,False,0
2476,298.9,308.5,1459,43.1,147,9.600000000000023,6585.081889214053,False,True,False,0
2477,298.9,308.4,1449,42.4,149,9.5,6433.730427139609,True,False,False,0
2478,298.9,308.5,1387,57.3,154,9.600000000000023,8322.613010110472,False,True,False,0
2479,298.9,308.5,1456,50.0,156,9.600000000000023,7623.598172711231,False,False,True,0
2480,299.0,308.5,1604,34.7,159,9.5,5828.575906254119,False,True,False,0
2481,299.0,308.6,1734,32.4,161,9.600000000000023,5883.323394230677,False,True,False,0
2482,299.0,308.6,1378,47.8,163,9.600000000000023,6897.722718123797,False,True,False,0
2483,298.9,308.7,1504,41.8,165,9.800000000000011,6583.437789058674,False,True,False,0
2484,298.9,308.7,1402,49.8,167,9.800000000000011,7311.491414552596,False,False,True,0
2485,298.8,308.6,1524,37.7,170,9.800000000000011,6016.652586449029,True,False,False,0
2486,298.8,308.6,1593,35.5,175,9.800000000000011,5922.059231649439,False,True,False,0
2487,298.9,308.7,1772,28.4,177,9.800000000000011,5270.000732445853,False,False,True,0
2488,298.9,308.6,1623,31.0,180,9.700000000000045,5268.7650393354415,True,False,False,0
2489,298.9,308.7,1356,50.7,185,9.800000000000011,7199.399388672513,False,True,False,0
2490,298.9,308.7,1500,41.6,187,9.800000000000011,6534.512719466769,True,False,False,0
2491,299.1,308.8,1566,46.6,192,9.699999999999989,7641.986961710244,True,False,False,0
2492,299.1,308.9,1445,43.4,197,9.799999999999955,6567.2900028192225,False,True,False,0
2493,299.0,308.8,1382,58.5,199,9.800000000000011,8466.278042159132,True,False,False,0
2494,299.0,308.8,1418,45.7,204,9.800000000000011,6786.112403117265,False,False,True,0
2495,299.1,308.8,1329,53.6,207,9.699999999999989,7459.648924095893,False,True,False,1
2496,299.1,308.8,1491,41.0,209,9.699999999999989,6401.623350219921,False,False,True,0
2497,299.2,308.9,1573,37.4,212,9.699999999999989,6160.684137640607,False,False,True,0
2498,299.2,308.9,1521,42.3,215,9.699999999999989,6737.491020815205,False,False,True,0
2499,299.1,308.9,1467,47.2,218,9.799999999999955,7251.0471718975305,False,True,False,0
2500,299.1,308.9,1325,48.4,220,9.799999999999955,6715.677895823781,False,False,True,0
2501,299.1,308.9,1617,32.3,223,9.799999999999955,5469.418562120221,False,True,False,0
2502,299.1,308.9,1476,42.7,225,9.799999999999955,6599.983510367581,False,False,True,0
2503,299.2,309.0,1515,48.9,228,9.800000000000011,7758.005978407315,False,True,False,1
2504,299.2,309.0,1408,47.2,0,9.800000000000011,6959.423597840301,False,True,False,0
2505,299.2,309.1,1468,45.6,2,9.900000000000034,7010.0241835141205,False,True,False,0
2506,299.2,309.1,1387,48.7,4,9.900000000000034,7073.494827092147,False,True,False,0
2507,299.2,309.1,1503,34.7,6,9.900000000000034,5461.564580486248,False,False,True,0
2508,299.2,309.1,1410,47.1,9,9.900000000000034,6954.543657251725,True,False,False,0
2509,299.0,308.9,1615,30.6,14,9.899999999999977,5175.145578258466,False,True,False,0
2510,299.0,308.9,1511,35.9,16,9.899999999999977,5680.512644490432,False,True,False,0
2511,299.1,309.0,1405,53.8,18,9.899999999999977,7915.661569739962,False,True,False,0
2512,299.0,308.9,1526,41.1,20,9.899999999999977,6567.876433447893,False,False,True,0
2513,298.9,308.8,1530,38.3,23,9.900000000000034,6136.472930256942,False,True,False,0
2514,299.0,308.7,1583,32.5,25,9.699999999999989,5387.569601518696,False,True,False,0
2515,298.9,308.6,2069,18.7,27,9.700000000000045,4051.6387415061718,False,True,False,0
2516,298.8,308.5,1490,35.0,29,9.699999999999989,5461.135229490257,False,True,False,0
2517,298.8,308.5,1736,29.0,31,9.699999999999989,5272.011351744151,False,True,False,0
2518,298.8,308.5,1395,44.4,33,9.699999999999989,6486.132192601486,False,True,False,0
2519,298.9,308.6,1425,49.6,35,9.700000000000045,7401.5922918575525,False,False,True,0
2520,298.8,308.6,1631,32.4,38,9.800000000000011,5533.852627445348,False,True,False,0
2521,298.8,308.6,1535,41.2,40,9.800000000000011,6622.686753277524,False,True,False,0
2522,298.8,308.6,1584,34.4,42,9.800000000000011,5706.137568568212,False,True,False,0
2523,298.8,308.7,1543,38.2,44,9.899999999999977,6172.454638116058,False,False,True,0
2524,298.8,308.7,1635,35.2,47,9.899999999999977,6026.83134664666,False,True,False,0
2525,298.8,308.7,1446,45.5,49,9.899999999999977,6889.826848587775,False,False,True,0
2526,298.8,308.6,1598,35.1,52,9.800000000000011,5873.7101207106925,False,False,True,0
2527,298.8,308.6,1501,35.0,55,9.800000000000011,5501.452335211326,False,True,False,0
2528,298.8,308.5,1450,50.8,57,9.699999999999989,7713.657162114138,False,True,False,0
2529,298.8,308.6,1730,25.9,59,9.800000000000011,4692.178067646595,False,True,False,0
2530,298.8,308.6,1571,33.7,61,9.800000000000011,5544.1465793736115,False,False,True,0
2531,298.9,308.7,1438,51.7,64,9.800000000000011,7785.348306469058,False,True,False,0
2532,298.8,308.5,1510,38.7,66,9.699999999999989,6119.508329927558,False,False,True,0
2533,298.9,308.7,1389,44.9,69,9.800000000000011,6530.962719768213,False,True,False,0
2534,298.8,308.7,1490,33.6,71,9.899999999999977,5242.689820310647,False,True,False,0
2535,298.9,308.7,1729,26.6,73,9.800000000000011,4816.208145610321,False,True,False,0
2536,299.0,308.8,1495,38.4,75,9.800000000000011,6011.7517019094275,False,True,False,0
2537,298.9,308.8,1281,53.9,77,9.900000000000034,7230.469740016516,False,True,False,0
2538,298.9,308.7,1353,48.1,79,9.800000000000011,6815.088359358874,True,False,False,0
2539,299.1,308.8,1429,50.1,84,9.699999999999989,7497.190956306291,False,True,False,0
2540,299.1,308.8,1413,42.1,86,9.699999999999989,6229.495488729736,False,True,False,0
2541,299.1,308.8,1502,38.3,88,9.699999999999989,6024.171464866619,False,True,False,0
2542,299.1,308.8,1553,32.6,90,9.699999999999989,5301.730818247111,True,False,False,0
2543,299.2,308.9,1712,26.4,95,9.699999999999989,4732.997828192238,True,False,False,0
2544,299.3,309.0,1786,23.5,100,9.699999999999989,4395.19284212724,False,True,False,0
2545,299.2,309.0,1951,21.4,102,9.800000000000011,4372.196383902962,False,True,False,0
2546,299.2,309.0,1541,36.3,104,9.800000000000011,5857.845077810063,False,False,True,0
2547,299.2,309.1,1605,34.3,107,9.900000000000034,5764.979598969949,False,True,False,0
2548,299.2,309.1,1578,38.1,109,9.900000000000034,6295.94017335316,False,True,False,0
2549,299.3,309.2,1440,37.5,111,9.899999999999977,5654.8667764616275,False,False,True,0
2550,299.4,309.2,1489,42.3,114,9.800000000000011,6595.742360285234,False,True,False,0
2551,299.4,309.3,1366,48.4,116,9.900000000000034,6923.483777883233,False,True,False,0
2552,299.3,309.2,1541,37.2,118,9.899999999999977,6003.080906185521,False,True,False,0
2553,299.3,309.1,1552,40.7,120,9.800000000000011,6614.769939790477,True,False,False,0
2554,299.3,309.1,1473,40.3,125,9.800000000000011,6216.363631437731,False,True,False,0
2555,299.3,309.1,1531,37.9,127,9.800000000000011,6076.353318842746,False,True,False,0
2556,299.3,309.2,1511,37.2,129,9.899999999999977,5886.2136594719805,False,True,False,0
2557,299.3,309.1,1449,47.9,131,9.800000000000011,7268.294515565736,False,False,True,0
2558,299.4,309.1,1440,50.0,134,9.700000000000045,7539.822368615503,False,False,True,0
2559,299.2,309.0,1881,23.9,137,9.800000000000011,4707.770839183911,False,False,True,0
2560,299.3,309.0,1447,50.4,140,9.699999999999989,7637.086077170644,False,True,False,0
2561,299.4,309.1,1326,62.0,142,9.700000000000045,8609.22050789747,False,False,True,0
2562,299.4,309.2,1607,31.7,145,9.800000000000011,5334.623293330196,False,True,False,0
2563,299.3,309.1,1551,39.1,147,9.800000000000011,6350.635301452159,False,True,False,0
2564,299.3,309.1,1496,37.2,149,9.800000000000011,5827.78003611521,False,True,False,0
2565,299.3,309.1,1493,38.0,151,9.800000000000011,5941.170586958777,False,True,False,0
2566,299.4,309.1,1304,50.5,153,9.700000000000045,6896.005314139835,False,True,False,0
2567,299.3,309.0,1420,41.6,155,9.699999999999989,6186.0053744285415,False,False,True,0
2568,299.4,309.1,1766,24.6,158,9.700000000000045,4549.403153516451,False,True,False,0
2569,299.6,309.2,1450,43.1,160,9.599999999999966,6544.4610962031375,False,True,False,0
2570,299.5,309.2,1872,22.6,162,9.699999999999989,4430.39962379847,True,False,False,0
2571,299.6,309.2,1713,26.5,167,9.599999999999966,4753.700923779395,False,True,False,0
2572,299.5,309.2,1497,40.9,169,9.699999999999989,6411.707862637944,False,False,True,0
2573,299.4,309.1,1352,44.7,172,9.700000000000045,6328.675568803566,False,False,True,0
2574,299.5,309.2,1499,41.5,175,9.699999999999989,6514.458886361354,False,True,False,0
2575,299.5,309.3,1972,19.3,177,9.800000000000011,3985.5919919522025,False,True,False,0
2576,299.5,309.3,1422,49.2,179,9.800000000000011,7326.445395583685,False,True,False,0
2577,299.5,309.3,1523,41.5,181,9.800000000000011,6618.759762460536,False,True,False,0
2578,299.5,309.4,1563,41.5,183,9.899999999999977,6792.594555959171,False,True,False,0
2579,299.4,309.3,1391,46.6,185,9.900000000000034,6787.997358709417,False,True,False,0
2580,299.3,309.1,1795,24.7,187,9.800000000000011,4642.907422862795,False,True,False,0
2581,299.3,309.1,1293,53.7,189,9.800000000000011,7271.121948953969,False,True,False,0
2582,299.2,309.1,1345,60.7,191,9.900000000000034,8549.477887601703,False,True,False,1
2583,299.2,309.0,1615,33.7,193,9.800000000000011,5699.425032265043,False,True,False,0
2584,299.2,308.9,1342,50.8,195,9.699999999999989,7139.122697625636,False,True,False,0
2585,299.1,308.8,1502,46.7,197,9.699999999999989,7345.399671260344,False,True,False,0
2586,299.0,308.7,1620,35.4,199,9.699999999999989,6005.468516602248,False,False,True,0
2587,299.0,308.7,1537,42.8,202,9.699999999999989,6888.84248288965,False,True,False,0
2588,299.0,308.7,2248,16.8,204,9.699999999999989,3954.8881597511186,False,True,False,0
2589,299.0,308.7,1706,28.6,206,9.699999999999989,5109.444403896392,False,True,False,0
2590,299.0,308.7,2250,16.6,208,9.699999999999989,3911.2828537192922,False,True,False,0
2591,299.0,308.7,1396,48.6,0,9.699999999999989,7104.774617946389,False,True,False,0
2592,298.9,308.6,1522,46.4,2,9.700000000000045,7395.392882354468,False,True,False,0
2593,298.9,308.6,1539,45.4,4,9.700000000000045,7316.832122063699,False,True,False,0
2594,298.9,308.5,1415,54.0,6,9.600000000000023,8001.636488693202,True,False,False,0
2595,298.8,308.5,1446,37.0,11,9.699999999999989,5602.716338412037,False,True,False,0
2596,298.8,308.6,1486,41.1,13,9.800000000000011,6395.717156031173,False,False,True,0
2597,299.0,308.7,1426,38.6,16,9.699999999999989,5764.1523129045045,False,True,False,0
2598,299.0,308.7,1449,38.9,18,9.699999999999989,5902.644189050254,False,True,False,0
2599,299.1,308.8,1320,67.5,20,9.699999999999989,9330.530181161685,False,True,False,1
2600,299.2,308.9,1447,39.6,22,9.699999999999989,6000.567632062649,False,False,True,0
2601,299.3,309.0,1422,47.3,25,9.699999999999989,7043.513561201386,False,True,False,0
2602,299.3,309.1,1399,52.1,27,9.800000000000011,7632.80303918625,False,True,False,0
2603,299.4,309.2,1427,41.5,29,9.800000000000011,6201.556258063812,False,True,False,0
2604,299.3,309.2,1334,46.3,31,9.899999999999977,6467.931899161689,False,False,True,0
2605,299.3,309.1,1385,45.6,34,9.800000000000011,6613.680854337232,False,False,True,0
2606,299.4,309.2,1552,37.4,37,9.800000000000011,6078.4372419696265,False,True,False,0
2607,299.4,309.3,1534,37.5,39,9.900000000000034,6024.003913258428,True,False,False,0
2608,299.4,309.3,1448,48.6,44,9.900000000000034,7369.422383084793,False,True,False,0
2609,299.5,309.3,1409,44.7,46,9.800000000000011,6595.4910328729475,False,True,False,0
2610,299.4,309.2,1621,34.5,48,9.800000000000011,5856.399945189412,False,True,False,0
2611,299.4,309.1,1547,40.9,50,9.700000000000045,6625.859761857648,True,False,False,0
2612,299.4,309.1,1957,22.1,55,9.700000000000045,4529.09799299875,False,True,False,0
2613,299.4,309.1,2421,14.2,57,9.700000000000045,3600.076685454687,False,True,False,0
2614,299.3,309.1,1571,38.3,59,9.800000000000011,6300.914361721344,False,False,True,0
2615,299.3,309.1,1634,36.8,62,9.800000000000011,6296.924539051285,False,True,False,0
2616,299.3,309.0,1516,38.7,64,9.699999999999989,6143.824257066343,False,True,False,0
2617,299.4,309.1,1207,66.5,66,9.700000000000045,8405.38350455705,False,True,False,0
2618,299.4,309.1,1670,35.9,68,9.700000000000045,6278.263478688962,False,True,False,0
2619,299.4,309.1,1461,48.6,70,9.700000000000045,7435.584324369394,False,False,True,0
2620,299.4,309.2,1569,40.8,73,9.800000000000011,6703.656067936044,False,True,False,0
2621,299.4,309.2,1556,35.7,75,9.800000000000011,5817.098621093005,False,True,False,0
2622,299.5,309.3,1506,41.5,77,9.800000000000011,6544.8799752236155,False,False,True,0
2623,299.6,309.4,1642,30.3,80,9.799999999999955,5210.080088566384,False,False,True,0
2624,299.6,309.4,1283,62.1,83,9.799999999999955,8343.47318533031,False,False,True,0
2625,299.7,309.5,1375,46.8,86,9.800000000000011,6738.7162419501055,True,False,False,0
2626,299.7,309.4,1399,39.9,91,9.699999999999989,5845.4672027549195,False,True,False,0
2627,299.7,309.4,1650,29.8,93,9.699999999999989,5149.07035923367,False,True,False,0
2628,299.8,309.6,1346,53.2,95,9.800000000000011,7498.688448804501,False,False,True,0
2629,299.9,309.6,1410,51.2,98,9.700000000000045,7559.928561598478,True,False,False,0
2630,300.0,309.7,1586,37.8,103,9.699999999999989,6278.033095227698,False,True,False,0
2631,300.0,309.8,1372,39.6,105,9.800000000000011,5689.5499593572595,False,True,False,0
2632,300.0,309.7,1529,42.4,107,9.699999999999989,6788.939836505495,True,False,False,0
2633,300.0,309.7,1652,28.6,112,9.699999999999989,4947.71521408959,False,False,True,0
2634,300.1,309.8,1532,39.8,115,9.699999999999989,6385.140460764086,False,True,False,0
2635,300.0,309.7,1554,32.0,117,9.699999999999989,5207.5039825904405,False,True,False,0
2636,299.9,309.6,1462,51.0,119,9.700000000000045,7808.1143812320715,True,False,False,0
2637,299.9,309.6,1254,61.3,124,9.700000000000045,8049.82851999927,False,True,False,0
2638,299.9,309.6,1294,49.7,126,9.700000000000045,6734.715947304535,False,True,False,0
2639,299.8,309.5,1739,27.5,128,9.699999999999989,5007.960489209929,False,True,False,0
2640,299.8,309.4,1412,47.8,130,9.599999999999966,7067.9132641442675,False,False,True,0
2641,299.9,309.5,1372,56.2,133,9.600000000000023,8074.563326158534,False,False,True,0
2642,299.8,309.5,1420,46.7,136,9.699999999999989,6944.385841005118,True,False,False,0
2643,299.8,309.5,1542,40.3,141,9.699999999999989,6507.5578544989685,False,True,False,0
2644,299.8,309.4,1401,48.1,143,9.599999999999966,7056.865329979145,False,False,True,0
2645,299.8,309.4,1510,42.5,146,9.599999999999966,6720.390284804165,False,True,False,0
2646,299.9,309.5,1547,38.5,148,9.600000000000023,6237.056255049376,True,False,False,0
2647,299.8,309.5,1453,43.2,153,9.699999999999989,6573.217140958996,False,False,True,0
2648,299.8,309.4,1408,45.6,156,9.599999999999966,6723.510933506732,False,True,False,0
2649,299.8,309.4,1436,51.6,158,9.599999999999966,7759.482526954502,False,True,False,0
2650,299.9,309.5,1582,38.2,160,9.600000000000023,6328.466129293327,False,False,True,0
2651,299.9,309.6,1280,59.3,163,9.700000000000045,7948.648292602655,False,True,False,0
2652,299.9,309.5,2008,20.4,165,9.600000000000023,4289.656272917647,False,True,False,0
2653,299.9,309.5,1772,23.5,167,9.600000000000023,4360.740042692872,False,True,False,0
2654,299.9,309.5,1779,26.1,169,9.600000000000023,4862.33719774053,False,True,False,0
2655,299.9,309.5,1567,35.5,171,9.600000000000023,5825.402897673994,False,True,False,0
2656,299.8,309.4,1751,27.0,173,9.599999999999966,4950.835862792154,False,False,True,0
2657,299.9,309.5,1349,51.3,176,9.600000000000023,7246.994517374398,False,True,False,0
2658,300.0,309.5,1425,40.8,178,9.5,6088.406562657018,False,False,True,0
2659,300.0,309.4,1395,44.5,181,9.399999999999977,6500.740598440679,False,True,False,0
2660,299.8,309.3,1595,32.1,183,9.5,5361.59910224902,True,False,False,0
2661,299.8,309.3,1291,56.4,188,9.5,7624.896697674714,False,True,False,0
2662,299.9,309.4,1509,42.8,190,9.5,6763.34632835425,False,False,True,0
2663,299.9,309.4,1483,38.1,193,9.5,5916.907019697553,False,False,True,0
2664,299.9,309.3,1620,31.1,196,9.400000000000034,5275.9907024386985,False,True,False,0
2665,299.9,309.4,1487,42.2,198,9.5,6571.311241415818,False,False,True,0
2666,299.8,309.4,2256,15.9,201,9.599999999999966,3756.3395040442438,False,True,False,0
2667,299.7,309.2,1691,27.7,203,9.5,4905.146633633447,True,False,False,0
2668,299.8,309.3,1663,35.2,208,9.5,6130.043137292596,False,False,True,0
2669,299.8,309.3,1640,31.1,211,9.5,5341.126390123127,False,False,True,0
2670,299.7,309.3,1494,37.8,214,9.600000000000023,5913.85967482357,True,False,False,0
2671,299.8,309.4,1467,46.2,219,9.599999999999966,7097.423291136989,False,True,False,0
2672,299.7,309.3,1399,41.9,221,9.600000000000023,6138.473077579728,False,False,True,1
2673,299.7,309.3,1445,42.6,0,9.600000000000023,6446.233965900896,False,True,False,0
2674,299.8,309.4,1480,40.9,2,9.599999999999966,6338.896216903245,False,True,False,0
2675,299.7,309.3,1546,37.2,4,9.600000000000023,6022.558780637777,False,True,False,0
2676,299.7,309.3,1574,35.8,6,9.600000000000023,5900.874425188732,False,True,False,0
2677,299.7,309.3,1592,34.2,8,9.600000000000023,5701.613675147044,False,True,False,0
2678,299.8,309.5,1495,39.6,10,9.699999999999989,6199.6189425940975,False,True,False,0
2679,299.8,309.6,1447,43.1,12,9.800000000000011,6530.920831866166,False,True,False,0
2680,299.8,309.5,1476,44.4,14,9.699999999999989,6862.746319913831,False,True,False,0
2681,299.8,309.5,1641,27.1,16,9.699999999999989,4657.002701901902,False,True,False,0
2682,299.8,309.5,1545,32.2,18,9.699999999999989,5209.703097447955,False,True,False,0
2683,299.9,309.6,1364,44.4,20,9.700000000000045,6341.995921654787,False,False,True,0
2684,299.8,309.5,1590,28.5,23,9.699999999999989,4745.375703247382,False,True,False,0
2685,299.8,309.4,1460,37.4,25,9.599999999999966,5718.117508553902,False,True,False,0
2686,299.8,309.4,1609,32.5,27,9.599999999999966,5476.057794594808,False,True,False,0
2687,299.8,309.4,1633,27.5,29,9.599999999999966,4702.702403036121,False,True,False,0
2688,299.9,309.4,1348,52.8,31,9.5,7453.3657387887115,False,True,False,0
2689,299.9,309.4,1322,53.9,33,9.5,7461.889926855452,False,True,False,0
2690,300.0,309.5,1641,30.1,35,9.5,5172.5380563559875,False,True,False,0
2691,300.0,309.5,1728,26.0,37,9.5,4704.849158016074,False,True,False,0
2692,300.0,309.6,1431,47.7,39,9.600000000000023,7148.03434878632,False,True,False,0
2693,300.1,309.7,1641,30.4,41,9.599999999999966,5224.091591801394,False,True,False,0
2694,300.1,309.6,1622,36.1,43,9.5,6131.781485227582,False,False,True,0
2695,300.1,309.6,1625,38.0,46,9.5,6466.44487863899,False,False,True,0
2696,300.0,309.5,1869,22.7,49,9.5,4442.871746633221,False,True,False,0
2697,300.0,309.6,1452,46.0,51,9.600000000000023,6994.441883952315,False,True,False,0
2698,300.0,309.6,1618,28.7,53,9.600000000000023,4862.829380589593,False,True,False,0
2699,300.0,309.4,2010,20.0,55,9.399999999999977,4209.734155810323,False,True,False,0
2700,299.9,309.4,1363,60.9,57,9.5,8692.441297291061,False,True,False,0
2701,299.9,309.3,1473,40.4,59,9.400000000000034,6231.788851366857,False,True,False,0
2702,299.9,309.2,1333,50.8,61,9.300000000000011,7091.244825584928,False,True,False,0
2703,299.8,309.2,1760,25.9,63,9.399999999999977,4773.545317374571,False,True,False,0
2704,299.8,309.2,1372,58.2,65,9.399999999999977,8361.914334206882,False,False,True,0
2705,299.7,309.2,1608,34.4,68,9.5,5792.594198395003,False,False,True,0
2706,299.7,309.2,1326,64.8,71,9.5,8998.024014705741,False,True,False,0
2707,299.6,309.1,1560,37.1,73,9.5,6060.760547305428,False,False,True,0
2708,299.6,309.0,1539,36.1,76,9.399999999999977,5818.009682962545,False,False,True,0
2709,299.6,309.1,2266,15.3,79,9.5,3630.6129660475804,False,True,False,0
2710,299.6,309.1,1641,35.8,81,9.5,6152.055229818748,False,True,False,0
2711,299.6,309.1,1574,39.2,83,9.5,6461.2926666871035,False,True,False,0
2712,299.6,309.1,1407,50.6,85,9.5,7455.439189940081,False,True,False,0
2713,299.7,309.2,1302,55.5,87,9.5,7567.154224701734,True,False,False,0
2714,299.6,309.2,1651,30.8,92,9.599999999999966,5325.083323638795,False,False,True,0
2715,299.6,309.1,1366,55.2,95,9.5,7896.204639238729,False,False,True,0
2716,299.5,309.0,1701,28.6,98,9.5,5094.46947891428,False,False,True,0
2717,299.5,309.0,1498,44.6,101,9.5,6996.410615348565,False,True,False,0
2718,299.5,309.1,1422,45.3,103,9.600000000000023,6745.690577641075,False,False,True,0
2719,299.5,309.1,1357,47.3,106,9.600000000000023,6721.552674085993,False,True,False,0
2720,299.5,309.2,1690,29.2,108,9.699999999999989,5167.71047564497,False,True,False,0
2721,299.6,309.2,1559,39.1,110,9.599999999999966,6383.391640853589,False,True,False,0
2722,299.6,309.3,1553,32.4,112,9.699999999999989,5269.204862306944,False,False,True,0
2723,299.6,309.3,1558,34.8,115,9.699999999999989,5677.737570979761,False,True,False,0
2724,299.7,309.4,1362,51.9,117,9.699999999999989,7402.409105947486,False,True,False,0
2725,299.8,309.3,1470,42.7,119,9.5,6573.154309105925,False,False,True,0
2726,299.8,309.4,1555,34.8,122,9.599999999999966,5666.804828545268,False,True,False,0
2727,299.8,309.4,1423,42.9,124,9.599999999999966,6392.795474863334,False,False,True,0
2728,299.7,309.3,1434,38.5,127,9.600000000000023,5781.472960401296,False,True,False,0
2729,299.7,309.3,1779,25.5,129,9.600000000000023,4750.559331125805,False,True,False,0
2730,299.7,309.3,1417,54.6,131,9.600000000000023,8101.9789580488605,False,True,False,0
2731,299.6,309.2,1425,45.9,133,9.599999999999966,6849.457382989146,False,True,False,0
2732,299.7,309.2,1597,32.9,135,9.5,5502.112069668579,False,False,True,0
2733,299.7,309.2,1346,57.4,138,9.5,8090.69016844696,False,True,False,0
2734,299.7,309.2,1422,40.4,140,9.5,6016.024267918309,False,True,False,0
2735,299.7,309.2,1572,32.8,142,9.5,5399.518125577849,True,False,False,0
2736,299.7,309.2,1412,45.4,147,9.5,6713.038957994765,False,True,False,0
2737,299.7,309.1,1576,36.4,149,9.400000000000034,6007.39536009645,False,False,True,0
2738,299.7,309.1,1508,41.2,152,9.400000000000034,6506.196497682414,False,False,True,0
2739,299.8,309.1,1496,44.4,155,9.300000000000011,6955.737462460088,False,False,True,0
2740,299.8,309.2,1572,35.4,158,9.399999999999977,5827.528708702922,False,True,False,0
2741,299.6,309.0,1525,42.8,160,9.399999999999977,6835.058416660192,False,True,False,0
2742,299.6,309.0,1378,51.9,162,9.399999999999977,7489.368390598851,False,True,False,0
2743,299.6,309.1,1369,51.4,164,9.5,7368.77312060305,False,True,False,0
2744,299.6,309.1,1476,45.3,166,9.5,7001.856042614787,False,True,False,0
2745,299.7,309.2,1620,30.0,168,9.5,5089.380098815464,False,True,False,0
2746,299.7,309.1,1603,38.5,170,9.400000000000034,6462.832047087362,False,False,True,0
2747,299.7,309.2,1411,46.1,173,9.5,6811.716383244021,False,True,False,0
2748,299.7,309.2,1616,31.6,175,9.5,5347.5771270384985,False,True,False,0
2749,299.7,309.2,1631,35.1,177,9.5,5995.007013065795,False,True,False,0
2750,299.7,309.2,1685,28.9,179,9.5,5099.485555184512,False,False,True,1
2751,299.7,309.2,1456,40.6,182,9.5,6190.361716241519,True,False,False,0
2752,299.7,309.1,1417,50.1,187,9.400000000000034,7434.23343952835,False,True,False,0
2753,299.7,309.1,1851,24.7,189,9.400000000000034,4787.755788144308,False,False,True,0
2754,299.7,309.1,1715,27.8,192,9.400000000000034,4992.723764840019,False,True,False,0
2755,299.6,309.1,1630,32.3,194,9.5,5513.390387294966,True,False,False,0
2756,299.7,309.2,1478,38.8,199,9.5,6005.300964994056,False,True,False,0
2757,299.7,309.2,1781,29.6,201,9.5,5520.5741624961765,False,True,False,0
2758,299.8,309.2,1439,36.1,203,9.399999999999977,5439.971366980573,False,True,False,0
2759,299.7,309.2,1412,45.3,205,9.5,6698.252528571869,False,False,True,0
2760,299.7,309.1,1483,41.1,208,9.400000000000034,6382.8052102249185,False,True,False,0
2761,299.8,309.2,1400,42.6,210,9.399999999999977,6245.486195336508,False,True,False,0
2762,299.8,309.3,1299,65.1,212,9.5,8855.615619718516,False,True,False,1
2763,299.8,309.2,1479,44.4,214,9.399999999999977,6876.694991295769,False,True,False,0
2764,299.8,309.2,1491,47.5,216,9.399999999999977,7416.514856962104,False,True,False,0
2765,299.9,309.3,1389,52.8,0,9.400000000000034,7680.063064671751,False,False,True,0
2766,299.9,309.4,1399,54.8,3,9.5,8028.360970199739,False,False,True,0
2767,299.9,309.4,1889,26.0,6,9.5,5143.20605294697,False,False,True,0
2768,300.0,309.5,1925,21.9,9,9.5,4414.723076457057,False,True,False,0
2769,300.0,309.5,1675,30.2,11,9.5,5297.248812727989,False,True,False,0
2770,300.0,309.6,1477,38.1,13,9.600000000000023,5892.968083677199,False,False,True,0
2771,300.0,309.6,1364,45.9,16,9.600000000000023,6556.252540629611,False,True,False,0
2772,299.9,309.5,1451,39.4,18,9.600000000000023,5986.765568337877,False,True,False,0
2773,299.9,309.4,1467,41.2,20,9.5,6329.303887334284,False,True,False,0
2774,299.9,309.4,1858,22.5,22,9.5,4377.809362777377,False,True,False,0
2775,300.1,309.4,1559,39.7,24,9.299999999999955,6481.346499792518,False,True,False,0
2776,300.1,309.4,1560,47.7,26,9.299999999999955,7792.406417964123,False,True,False,0
2777,300.1,309.4,1453,47.6,28,9.299999999999955,7242.711479390005,False,True,False,0
2778,300.1,309.4,1464,41.7,30,9.299999999999955,6393.015386349085,False,True,False,0
2779,300.0,309.4,1308,50.2,32,9.399999999999977,6876.066672765052,False,True,False,0
2780,300.1,309.5,1353,50.9,34,9.399999999999977,7211.808679654193,False,True,False,0
2781,300.2,309.6,1556,35.8,36,9.400000000000034,5833.393014989623,False,False,True,0
2782,300.2,309.5,2183,17.8,39,9.300000000000011,4069.1374125866673,False,True,False,0
2783,300.2,309.6,1491,41.8,41,9.400000000000034,6526.533074126651,False,False,True,0
2784,300.2,309.6,1528,35.1,44,9.400000000000034,5616.413682381689,False,False,True,0
2785,300.2,309.6,1430,52.7,47,9.400000000000034,7891.78546557268,False,True,False,0
2786,300.2,309.5,1495,32.6,49,9.300000000000011,5103.726705266858,False,True,False,0
2787,300.2,309.5,1630,28.3,51,9.300000000000011,4830.617583914785,False,False,True,0
2788,300.3,309.6,1524,38.4,54,9.300000000000011,6128.367621210681,False,False,True,0
2789,300.3,309.6,1326,52.4,57,9.300000000000011,7276.179913126247,False,True,False,0
2790,300.3,309.5,1438,44.0,59,9.199999999999989,6625.828345931112,True,False,False,0
2791,300.4,309.6,1356,45.9,64,9.200000000000045,6517.799446549672,False,True,False,0
2792,300.4,309.6,1416,43.3,66,9.200000000000045,6420.661401700675,True,False,False,0
2793,300.4,309.7,1584,32.6,71,9.300000000000011,5407.560602771039,False,True,False,0
2794,300.3,309.6,1597,31.8,73,9.300000000000011,5318.150875849873,False,True,False,0
2795,300.4,309.6,1553,43.9,75,9.200000000000045,7139.447328866508,False,True,False,0
2796,300.3,309.5,1405,49.4,77,9.199999999999989,7268.284043590225,False,False,True,0
2797,300.2,309.5,1539,35.3,80,9.300000000000011,5689.07872045922,False,True,False,0
2798,300.3,309.6,1398,53.7,82,9.300000000000011,7861.584288196171,False,False,True,0
2799,300.3,309.6,1568,39.6,85,9.300000000000011,6502.34281069401,False,True,False,0
2800,300.3,309.6,1404,44.6,87,9.300000000000011,6557.383513984903,False,True,False,0
2801,300.2,309.5,1500,45.7,89,9.300000000000011,7178.539213452677,False,False,True,0
2802,300.2,309.5,1642,28.8,92,9.300000000000011,4952.155331706663,False,False,True,0
2803,300.3,309.6,1509,46.6,95,9.300000000000011,7363.830348161404,False,False,True,0
2804,300.2,309.5,1343,50.2,98,9.300000000000011,7060.059282510295,False,True,False,0
2805,300.1,309.5,1450,40.1,100,9.399999999999977,6088.930161432617,False,True,False,0
2806,300.0,309.4,1460,43.5,102,9.399999999999977,6650.751647649592,False,True,False,0
2807,300.0,309.3,1364,41.2,104,9.300000000000011,5884.9151345084965,False,True,False,0
2808,299.9,309.3,1452,41.9,106,9.400000000000034,6371.024237773956,False,False,True,0
2809,299.9,309.3,1471,41.8,109,9.400000000000034,6438.987358846615,False,True,False,0
2810,299.9,309.2,1598,34.6,111,9.300000000000011,5790.039036370084,False,True,False,0
2811,299.8,309.1,1772,24.8,113,9.300000000000011,4601.97247058652,False,True,False,0
2812,299.9,309.2,1761,25.6,115,9.300000000000011,4720.934112402454,False,True,False,0
2813,300.0,309.3,1413,40.7,117,9.300000000000011,6022.338869152026,False,False,True,0
2814,300.0,309.3,1887,22.6,120,9.300000000000011,4465.899620784035,False,True,False,0
2815,300.0,309.3,1395,56.5,122,9.300000000000011,8253.749299143783,False,True,False,0
2816,300.1,309.4,1569,31.6,124,9.299999999999955,5192.047346734779,False,False,True,0
2817,300.1,309.4,1434,47.3,127,9.299999999999955,7102.952494207306,False,True,False,0
2818,300.2,309.5,1417,41.1,129,9.300000000000011,6098.74240248733,False,True,False,0
2819,300.2,309.5,1729,28.4,131,9.300000000000011,5142.1169674937255,False,True,False,0
2820,300.2,309.5,1356,51.1,133,9.300000000000011,7256.199383849417,False,True,False,0
2821,300.2,309.5,1436,48.8,135,9.300000000000011,7338.425335569374,False,True,False,0
2822,300.3,309.6,1419,42.5,137,9.300000000000011,6315.386631878881,False,False,True,0
2823,300.3,309.6,1593,38.1,140,9.300000000000011,6355.787513404046,False,True,False,0
2824,300.3,309.5,1320,62.2,142,9.199999999999989,8597.910774344546,False,False,True,0
2825,300.3,309.5,1448,42.4,145,9.199999999999989,6429.290309522535,False,False,True,0
2826,300.3,309.4,1470,33.5,148,9.099999999999966,5156.924340867645,False,True,False,0
2827,300.3,309.4,1612,33.1,150,9.099999999999966,5587.55291787071,False,False,True,0
2828,300.4,309.4,1412,51.6,153,9.0,7629.797582214314,False,True,False,0
2829,300.4,309.4,1875,23.9,155,9.0,4692.754026299754,False,False,True,0
2830,300.3,309.3,1612,36.0,158,9.0,6077.096829104095,False,True,False,0
2831,300.4,309.3,1411,41.6,160,8.900000000000034,6146.798298111741,False,False,True,0
2832,300.3,309.2,1490,47.9,163,8.899999999999977,7473.953642645237,False,False,True,0
2833,300.4,309.3,1467,40.3,166,8.900000000000034,6191.042394649797,False,False,True,0
2834,300.3,309.2,1807,26.4,169,8.899999999999977,4995.634974032345,False,True,False,0
2835,300.3,309.1,1368,46.0,171,8.800000000000011,6589.804750169949,False,True,False,0
2836,300.3,309.2,1572,32.0,173,8.899999999999977,5267.822561539365,False,True,False,0
2837,300.3,309.1,1458,44.3,175,8.800000000000011,6763.786151325752,False,False,True,0
2838,300.3,309.1,1699,30.3,178,8.800000000000011,5390.941577633549,False,True,False,0
2839,300.3,309.3,1478,39.5,180,9.0,6113.644023640857,False,True,False,0
2840,300.4,309.4,1362,42.1,182,9.0,6004.651702512316,False,False,True,0
2841,300.4,309.4,1487,38.9,185,9.0,6057.440931068135,True,False,False,0
2842,300.3,309.4,1705,29.4,190,9.099999999999966,5249.287164883185,False,True,False,0
2843,300.3,309.3,1345,53.5,192,9.0,7535.3717790229175,False,True,False,0
2844,300.3,309.2,1532,40.2,194,8.899999999999977,6449.312726701414,False,True,False,0
2845,300.3,309.2,1650,35.2,196,8.899999999999977,6082.12337734984,False,True,False,0
2846,300.3,309.2,1398,54.4,198,8.899999999999977,7964.063040556269,False,True,False,0
2847,300.3,309.2,1412,44.8,200,8.899999999999977,6624.32038145739,False,True,False,0
2848,300.4,309.3,1525,39.6,202,8.900000000000034,6324.026011676253,False,True,False,0
2849,300.3,309.3,1391,57.9,204,9.0,8434.013885606766,False,False,True,0
2850,300.4,309.3,1766,28.2,207,8.900000000000034,5215.1694686652,False,True,False,0
2851,300.4,309.3,1671,35.0,209,8.900000000000034,6124.534878173301,False,True,False,0
2852,300.5,309.3,1373,48.8,211,8.800000000000011,7016.474920429491,False,True,False,0
2853,300.5,309.4,1347,50.1,213,8.899999999999977,7066.9812583237035,False,False,True,0
2854,300.5,309.3,1539,39.1,216,8.800000000000011,6301.500792350014,False,False,True,0
2855,300.5,309.3,1470,40.8,219,8.800000000000011,6280.672033056713,False,True,False,0
2856,300.5,309.3,1528,37.0,221,8.800000000000011,5920.4360754450845,False,True,False,0
2857,300.5,309.3,1471,45.2,223,8.800000000000011,6962.732742102082,True,False,False,0
2858,300.4,309.2,1528,37.2,228,8.800000000000011,5952.438432609653,False,False,True,0
2859,300.5,309.3,1417,51.5,231,8.800000000000011,7641.976489734731,False,True,False,1
2860,300.6,309.4,1549,43.4,233,8.799999999999955,7039.953089527318,False,True,False,0
2861,300.6,309.4,1463,49.2,235,8.799999999999955,7537.6860856110625,True,False,False,0
2862,300.7,309.5,1479,43.6,240,8.800000000000011,6752.7905770381885,False,True,False,0
2863,300.6,309.5,1867,23.0,242,8.899999999999977,4496.77100459331,False,True,False,0
2864,300.6,309.4,1471,44.1,244,8.799999999999955,6793.28570634296,False,True,False,0
2865,300.6,309.4,1380,47.6,246,8.799999999999955,6878.831274300211,True,False,False,1
2866,300.7,309.7,1623,32.7,0,9.0,5557.697315686096,True,False,False,0
2867,300.8,309.7,1997,20.7,5,8.899999999999977,4328.894765160983,False,True,False,0
2868,300.7,309.6,1390,48.5,7,8.900000000000034,7059.682291391863,True,False,False,0
2869,300.8,309.7,1418,46.6,12,8.899999999999977,6919.755754600974,False,True,False,0
2870,300.8,309.7,1519,35.8,14,8.899999999999977,5694.681227358122,False,True,False,0
2871,300.8,309.7,1519,39.7,16,8.899999999999977,6315.051528662499,False,False,True,0
2872,300.7,309.6,1536,37.2,19,8.900000000000034,5983.603031733263,False,False,True,0
2873,300.8,309.6,1680,28.7,22,8.800000000000011,5049.167712849515,False,True,False,0
2874,300.6,309.4,1555,37.9,24,8.799999999999955,6171.606408099588,True,False,False,0
2875,300.6,309.5,1471,49.6,29,8.899999999999977,7640.520885138569,False,True,False,0
2876,300.5,309.4,1877,23.8,31,8.899999999999977,4678.103732558513,False,False,True,0
2877,300.5,309.3,1578,30.5,34,8.800000000000011,5040.057094154105,False,False,True,0
2878,300.5,309.4,1655,32.1,37,8.899999999999977,5563.289350609485,False,False,True,0
2879,300.5,309.4,1502,34.3,40,8.899999999999977,5395.015176107703,True,False,False,0
2880,300.6,309.4,1367,63.2,45,8.799999999999955,9047.200411709935,False,False,True,1
2881,300.7,309.5,1541,37.2,48,8.800000000000011,6003.080906185521,False,True,False,0
2882,300.6,309.6,1588,37.0,50,9.0,6152.913931810729,False,False,True,0
2883,300.6,309.6,1684,32.8,53,9.0,5784.216617985431,False,True,False,0
2884,300.6,309.5,1437,40.0,55,8.899999999999977,6019.291524278044,False,True,False,0
2885,300.6,309.6,1409,42.4,57,9.0,6256.125722456666,False,True,False,0
2886,300.5,309.5,1320,49.9,59,9.0,6897.68083022175,False,False,True,0
2887,300.5,309.5,1635,34.2,62,9.0,5855.614547026016,True,False,False,0
2888,300.5,309.5,1691,27.6,67,9.0,4887.438523042713,False,False,True,0
2889,300.6,309.6,1365,50.0,70,9.0,7147.123286916779,False,False,True,0
2890,300.7,309.7,1523,38.2,73,9.0,6092.448745204638,False,False,True,0
2891,300.6,309.7,1593,32.4,76,9.099999999999966,5404.921664942023,False,True,False,0
2892,300.6,309.6,1682,30.7,78,9.0,5407.455883015919,False,True,False,0
2893,300.7,309.6,1329,54.3,80,8.900000000000034,7557.069712283711,False,True,False,0
2894,300.7,309.6,1568,35.2,82,8.900000000000034,5779.860276172454,False,False,True,0
2895,300.7,309.6,1733,24.8,85,8.900000000000034,4500.687523434785,False,True,False,0
2896,300.7,309.6,1473,48.1,87,8.900000000000034,7419.53078590955,False,False,True,0
2897,300.7,309.5,1633,31.3,90,8.800000000000011,5352.530371455658,False,False,True,0
2898,300.6,309.5,1530,40.2,93,8.899999999999977,6440.893258389794,False,False,True,0
2899,300.6,309.5,1550,40.2,96,8.899999999999977,6525.087941506001,False,False,True,0
2900,300.6,309.4,1410,40.6,99,8.799999999999955,5994.787101580043,False,True,False,0
2901,300.5,309.3,1574,33.5,101,8.800000000000011,5521.76796770454,False,True,False,0
2902,300.6,309.4,1425,40.3,103,8.799999999999955,6013.7937371342605,False,True,False,0
2903,300.6,309.4,1541,35.2,105,8.799999999999955,5680.3346209067295,False,False,True,0
2904,300.7,309.5,1733,26.7,108,8.800000000000011,4845.498261117289,False,False,True,0
2905,300.6,309.4,2496,13.5,111,8.799999999999955,3528.6368685120556,False,True,False,0
2906,300.6,309.4,1552,36.4,113,8.799999999999955,5915.912182023915,False,True,False,0
2907,300.6,309.3,1409,38.7,115,8.699999999999989,5710.190223091344,False,True,False,0
2908,300.6,309.4,1581,35.7,117,8.799999999999955,5910.561002537301,False,False,True,0
2909,300.7,309.5,1251,59.9,120,8.800000000000011,7847.164377916192,False,True,False,0
2910,300.7,309.6,1500,44.1,122,8.900000000000034,6927.211801165494,False,True,False,0
2911,300.6,309.5,1576,38.8,124,8.899999999999977,6403.487361861051,False,True,False,0
2912,300.7,309.5,1352,44.0,126,8.800000000000011,6229.56879255832,False,False,True,0
2913,300.7,309.6,1661,30.3,129,8.900000000000034,5270.367251588773,False,True,False,0
2914,300.7,309.6,1541,34.6,131,8.900000000000034,5583.5107353230915,False,True,False,0
2915,300.6,309.6,1888,20.5,133,9.0,4053.0734021513117,True,False,False,0
2916,300.5,309.5,1255,62.1,138,9.0,8161.386475128244,False,True,False,0
2917,300.6,309.6,1411,41.6,140,9.0,6146.798298111741,False,True,False,0
2918,300.6,309.5,1516,39.0,142,8.899999999999977,6191.450801694764,False,True,False,0
2919,300.6,309.5,1492,34.0,144,8.899999999999977,5312.223737710101,False,False,True,0
2920,300.6,309.6,1726,30.0,147,9.0,5422.388920095983,False,True,False,0
2921,300.7,309.7,1598,33.7,149,9.0,5639.43108455699,False,True,False,0
2922,300.8,309.8,1657,31.1,151,9.0,5396.491724654891,False,True,False,0
2923,300.8,309.7,1481,38.1,153,8.899999999999977,5908.927374357434,False,True,False,0
2924,300.7,309.7,1397,51.3,155,9.0,7504.856442381048,False,False,True,0
2925,300.8,309.7,1461,44.3,158,8.899999999999977,6777.703406781155,False,True,False,0
2926,300.7,309.6,1388,51.1,160,8.900000000000034,7427.437127421084,False,False,True,0
2927,300.7,309.7,1507,52.4,163,9.0,8269.383958583148,False,True,False,0
2928,300.7,309.6,1421,49.8,165,8.900000000000034,7410.577246846819,False,False,True,0
2929,300.8,309.7,1258,54.9,168,8.899999999999977,7232.386111535206,False,False,True,0
2930,300.8,309.7,1482,39.0,171,8.899999999999977,6052.5924064060955,False,False,True,0
2931,300.7,309.6,1403,51.3,174,8.900000000000034,7537.0891830068795,True,False,False,0
2932,300.8,309.7,1373,45.4,179,8.899999999999977,6527.622159579895,False,True,False,0
2933,300.9,309.7,1460,42.1,181,8.800000000000011,6436.7044681850075,False,True,False,0
2934,300.8,309.7,1751,27.9,183,8.899999999999977,5115.863724885226,False,False,True,0
2935,300.8,309.6,1546,42.3,186,8.800000000000011,6848.2321618542455,False,False,True,0
2936,300.8,309.7,1680,28.2,189,8.899999999999977,4961.203118549001,False,False,True,0
2937,300.9,309.7,1394,48.8,192,8.800000000000011,7123.791725476119,False,False,True,0
2938,300.7,309.6,1810,26.0,195,8.900000000000034,4928.111675931189,False,True,False,0
2939,300.7,309.5,1479,34.5,197,8.800000000000011,5343.377864858199,False,True,False,0
2940,300.9,309.7,1431,41.4,199,8.800000000000011,6203.954340456052,False,True,False,0
2941,300.9,309.7,2355,14.4,201,8.800000000000011,3551.256335617902,False,True,False,0
2942,300.7,309.6,1996,19.8,203,8.900000000000034,4138.60849813305,False,False,True,1
2943,300.7,309.5,1461,49.9,0,8.800000000000011,7634.478555268163,False,True,False,0
2944,300.7,309.5,2007,19.7,2,8.800000000000011,4140.399205945596,True,False,False,0
2945,300.7,309.6,1505,34.9,7,8.900000000000034,5500.352777782569,False,True,False,0
2946,300.7,309.6,1925,20.5,9,8.900000000000034,4132.503336409573,True,False,False,0
2947,300.7,309.5,1622,30.5,14,8.800000000000011,5180.591005524689,False,False,True,0
2948,300.7,309.5,1592,29.0,17,8.800000000000011,4834.701654364452,False,True,False,0
2949,300.7,309.5,1850,24.5,19,8.800000000000011,4746.422900798579,False,True,False,0
2950,300.7,309.5,1470,48.7,21,8.800000000000011,7496.782549261323,False,False,True,0
2951,300.7,309.5,1445,46.4,24,8.800000000000011,7021.250141262948,False,False,True,0
2952,300.7,309.5,1685,31.1,27,8.800000000000011,5487.681687413091,False,True,False,0
2953,300.7,309.5,1667,30.5,29,8.800000000000011,5324.318869426421,True,False,False,0
2954,300.7,309.5,1578,35.4,34,8.800000000000011,5849.771184690338,False,True,False,0
2955,300.6,309.4,1691,28.0,36,8.799999999999955,4958.270965405651,True,False,False,0
2956,300.7,309.5,1439,43.8,41,8.800000000000011,6600.29766963294,False,False,True,0
2957,300.8,309.6,1404,38.7,44,8.800000000000011,5689.926950475689,False,False,True,0
2958,300.8,309.6,1498,45.8,47,8.800000000000011,7184.654847151664,False,True,False,0
2959,300.8,309.5,1481,44.5,49,8.699999999999989,6901.503101283617,False,False,True,0
2960,300.7,309.4,1589,35.0,52,8.699999999999989,5823.989180979878,False,False,True,0
2961,300.7,309.5,1467,44.3,55,8.800000000000011,6805.5379176919605,False,True,False,0
2962,300.6,309.4,1654,32.8,57,8.799999999999955,5681.1723789476855,False,True,False,0
2963,300.7,309.5,1508,39.9,59,8.800000000000011,6300.903889745832,False,True,False,0
2964,300.7,309.6,1439,43.0,61,8.900000000000034,6479.744287539187,False,False,True,0
2965,300.7,309.5,1692,30.3,64,8.800000000000011,5368.730517572669,False,True,False,0
2966,300.7,309.5,1838,24.9,66,8.800000000000011,4792.625256757373,False,False,True,0
2967,300.6,309.3,1601,40.2,69,8.699999999999989,6739.784383452327,False,True,False,0
2968,300.6,309.4,1369,51.6,71,8.799999999999955,7397.445389554815,False,True,False,0
2969,300.6,309.4,1312,45.2,73,8.799999999999955,6210.132806008111,False,False,True,0
2970,300.6,309.4,1468,44.1,76,8.799999999999955,6779.43128274063,False,True,False,0
2971,300.6,309.4,1452,39.4,78,8.799999999999955,5990.891526689591,False,False,True,0
2972,300.7,309.5,1393,43.9,81,8.800000000000011,6403.895768906017,False,False,True,0
2973,300.6,309.4,1432,44.2,84,8.799999999999955,6628.174068445794,False,False,True,0
2974,300.6,309.3,1510,46.0,87,8.699999999999989,7273.8341906115675,False,False,True,0
2975,300.6,309.4,1521,37.2,90,8.799999999999955,5925.169408376493,False,False,True,0
2976,300.5,309.4,1360,46.2,93,8.899999999999977,6579.751653678463,True,False,False,0
2977,300.5,309.3,1881,25.5,98,8.800000000000011,5022.93541419204,False,False,True,0
2978,300.4,309.3,1413,50.3,101,8.900000000000034,7442.841403399186,False,True,False,0
2979,300.5,309.4,1642,36.2,103,8.899999999999977,6224.584132214624,True,False,False,0
2980,300.5,309.5,1542,38.5,108,9.0,6216.897702188841,False,True,False,0
2981,300.4,309.5,1447,39.3,110,9.100000000000023,5955.108786365204,False,True,False,0
2982,300.4,309.4,1530,40.4,112,9.0,6472.937503456409,True,False,False,0
2983,300.5,309.5,1795,27.7,117,9.0,5206.823304182163,False,True,False,0
2984,300.6,309.6,1290,57.4,119,9.0,7754.078987590327,False,True,False,0
2985,300.6,309.7,1639,30.4,121,9.099999999999966,5217.72463069012,False,True,False,0
2986,300.7,309.8,1596,31.5,123,9.100000000000023,5264.680968885775,False,True,False,0
2987,300.6,309.8,1455,48.0,125,9.199999999999989,7313.627697557038,False,True,False,0
2988,300.6,309.8,1659,28.9,127,9.199999999999989,5020.799131187599,False,False,True,0
2989,300.6,309.8,1532,42.5,130,9.199999999999989,6818.303255841048,False,False,True,0
2990,300.6,309.8,1502,42.4,133,9.199999999999989,6669.056660844508,False,True,False,0
2991,300.6,309.8,1688,28.6,135,9.199999999999989,5055.534673960791,False,True,False,0
2992,300.5,309.7,1341,50.9,137,9.199999999999989,7147.845853227104,False,False,True,0
2993,300.5,309.7,1685,29.4,140,9.199999999999989,5187.711948872825,False,False,True,0
2994,300.5,309.8,1370,55.9,143,9.300000000000011,8019.753006328904,False,False,True,0
2995,300.5,309.8,1461,52.5,146,9.300000000000011,8032.267017065703,False,True,False,0
2996,300.5,309.8,1550,37.4,148,9.300000000000011,6070.604204286677,False,True,False,0
2997,300.5,309.8,1508,37.8,150,9.300000000000011,5969.277369232893,False,False,True,0
2998,300.5,309.8,1345,62.7,153,9.300000000000011,8831.174028873587,False,True,False,0
2999,300.5,309.7,1616,34.5,155,9.199999999999989,5838.3357874312715,False,True,False,0
3000,300.5,309.7,1395,61.0,157,9.199999999999989,8911.127561907448,False,True,False,0
3001,300.5,309.8,1324,72.8,159,9.300000000000011,10093.643980669669,True,False,False,1
3002,300.5,309.8,1445,43.9,164,9.300000000000011,6642.950025893177,False,True,False,0
3003,300.5,309.8,1555,38.9,166,9.300000000000011,6334.44562731066,False,False,True,0
3004,300.6,309.9,1449,42.4,169,9.299999999999955,6433.730427139609,False,False,True,0
3005,300.5,309.9,1466,53.2,172,9.399999999999977,8167.219365488409,False,False,True,0
3006,300.5,309.9,1503,37.4,175,9.399999999999977,5886.527818737339,False,True,False,0
3007,300.4,309.7,1488,35.7,177,9.300000000000011,5562.880943564519,False,True,False,0
3008,300.4,309.7,1314,50.2,179,9.300000000000011,6907.608263007093,False,True,False,0
3009,300.4,309.7,1547,38.0,181,9.300000000000011,6156.055524464319,False,False,True,0
3010,300.4,309.7,1466,39.8,184,9.300000000000011,6110.0626080157635,False,False,True,0
3011,300.3,309.6,1537,37.1,187,9.300000000000011,5971.403180261824,False,True,False,0
3012,300.2,309.5,1434,51.5,189,9.300000000000011,7733.658635341993,False,False,True,0
3013,300.4,309.6,1432,44.7,192,9.200000000000045,6703.1534131114695,False,True,False,0
3014,300.5,309.6,1390,48.4,194,9.100000000000023,7045.1262454302305,False,True,False,0
3015,300.5,309.7,1580,42.8,196,9.199999999999989,7081.5687202118725,False,True,False,0
3016,300.5,309.7,1589,30.5,198,9.199999999999989,5075.190571996751,False,True,False,0
3017,300.5,309.8,1441,48.8,200,9.300000000000011,7363.976955818571,False,True,False,0
3018,300.5,309.8,1305,51.7,202,9.300000000000011,7065.284798290765,False,True,False,0
3019,300.5,309.8,1566,35.9,204,9.300000000000011,5887.2818009741995,False,False,True,0
3020,300.5,309.8,1379,54.2,207,9.300000000000011,7826.942993202587,False,True,False,1
3021,300.4,309.6,1543,38.1,209,9.200000000000045,6156.296379901095,False,True,False,0
3022,300.5,309.8,1421,49.6,211,9.300000000000011,7380.815892441812,False,True,False,0
3023,300.5,309.6,1760,30.6,213,9.100000000000023,5639.787131724396,False,True,False,0
3024,300.4,309.5,1711,29.2,215,9.100000000000023,5231.924629484345,False,True,False,0
3025,300.5,309.6,1465,41.6,217,9.100000000000023,6382.040756012545,False,True,False,0
3026,300.5,309.6,1366,50.2,219,9.100000000000023,7180.968711771453,False,True,False,0
3027,300.4,309.5,1888,21.9,221,9.100000000000023,4329.868658883596,False,False,True,0
3028,300.5,309.5,1777,23.6,0,9.0,4391.653314404196,False,True,False,0
3029,300.5,309.5,1379,55.6,2,9.0,8029.114952436602,False,True,False,0
3030,300.4,309.5,1525,51.3,4,9.100000000000023,8192.488242398782,False,True,False,0
3031,300.4,309.6,1563,34.0,6,9.200000000000045,5565.017226568959,False,False,True,0
3032,300.5,309.7,1389,43.3,9,9.199999999999989,6298.233535990281,False,False,True,0
3033,300.6,309.8,1447,42.9,12,9.199999999999989,6500.614934734535,False,False,True,0
3034,300.6,309.7,1934,22.8,15,9.099999999999966,4617.638545952422,False,False,True,0
3035,300.6,309.7,1470,43.8,18,9.099999999999966,6742.486153134413,True,False,False,0
3036,300.6,309.7,1428,42.6,23,9.099999999999966,6370.3959192432385,False,False,True,0
3037,300.4,309.6,1319,48.1,26,9.200000000000045,6643.829671836183,False,True,False,0
3038,300.5,309.7,1887,24.3,28,9.199999999999989,4801.830123232391,False,True,False,0
3039,300.4,309.5,1349,50.4,30,9.100000000000023,7119.854262683619,False,True,False,0
3040,300.3,309.5,1665,31.4,32,9.199999999999989,5474.853517410932,False,False,True,0
3041,300.3,309.5,1474,38.7,35,9.199999999999989,5973.612767094848,False,True,False,0
3042,300.4,309.5,1543,38.9,37,9.100000000000023,6285.562445620802,False,True,False,0
3043,300.2,309.4,1459,43.9,39,9.199999999999989,6707.31078738972,False,False,True,0
3044,300.3,309.5,1551,37.9,42,9.199999999999989,6155.730893223447,False,True,False,0
3045,300.2,309.4,1981,21.4,44,9.199999999999989,4439.426466689783,False,True,False,0
3046,300.2,309.4,1526,35.3,46,9.199999999999989,5641.022824834808,False,True,False,0
3047,300.2,309.4,1501,40.0,48,9.199999999999989,6287.374097384372,False,False,True,0
3048,300.2,309.4,1558,38.3,51,9.199999999999989,6248.774395647265,False,True,False,0
3049,300.2,309.3,1532,43.2,53,9.100000000000023,6930.6047212313715,False,True,False,0
3050,300.1,309.2,1326,55.9,55,9.099999999999966,7762.184296636588,False,True,False,0
3051,300.2,309.2,1431,51.3,57,9.0,7687.50863926076,False,True,False,0
3052,300.2,309.3,1366,49.3,59,9.100000000000023,7052.226244827344,False,True,False,0
3053,300.1,309.2,1421,42.5,61,9.099999999999966,6324.287811064052,False,True,False,0
3054,300.2,309.3,1506,35.6,63,9.100000000000023,5614.40306308339,True,False,False,0
3055,300.2,309.3,1342,48.7,68,9.100000000000023,6844.001483747412,True,False,False,0
3056,300.1,309.2,1427,37.6,73,9.099999999999966,5618.759404896369,False,True,False,0
3057,300.2,309.2,1667,29.9,75,9.0,5219.578170355737,False,True,False,0
3058,300.1,309.1,1400,46.7,77,9.0,6846.577589723356,False,True,False,0
3059,300.0,309.0,1709,32.1,79,9.0,5744.810574133903,False,True,False,0
3060,300.0,309.0,1368,45.8,81,9.0,6561.15342516921,False,False,True,0
3061,300.0,309.1,1882,23.8,84,9.100000000000023,4690.565383417752,False,True,False,0
3062,300.1,309.1,1353,58.7,86,9.0,8316.95814333401,False,True,False,0
3063,299.9,309.0,1553,40.0,88,9.100000000000023,6505.191188033265,False,True,False,0
3064,300.0,309.1,1431,45.4,90,9.100000000000023,6803.370218760984,False,True,False,0
3065,300.1,309.1,1731,30.4,92,9.0,5510.604841808783,False,False,True,0
3066,300.1,309.2,1687,27.7,95,9.099999999999966,4893.5436847661895,False,False,True,0
3067,300.1,309.2,1457,44.3,98,9.099999999999966,6759.147066173951,False,False,True,0
3068,300.1,309.2,1533,37.0,101,9.099999999999966,5939.809230142221,False,True,False,0
3069,300.0,309.0,1622,31.8,103,9.0,5401.403081170003,True,False,False,0
3070,300.0,309.1,1791,28.2,108,9.100000000000023,5288.99689602456,False,True,False,0
3071,300.0,309.1,1631,28.3,110,9.100000000000023,4833.581152984672,False,True,False,0
3072,300.0,309.0,2174,16.9,112,9.0,3847.4666349493714,False,True,False,0
3073,300.1,309.0,1314,58.2,114,8.899999999999977,8008.422328824957,False,True,False,0
3074,300.1,309.1,1478,46.9,116,9.0,7258.984929335599,False,True,False,0
3075,300.1,309.2,1783,27.3,118,9.099999999999966,5097.328328229047,False,True,False,0
3076,300.1,309.2,1385,46.1,120,9.099999999999966,6686.199284757597,False,False,True,0
3077,300.0,309.2,1444,43.6,123,9.199999999999989,6592.9882307255875,False,True,False,0
3078,300.1,309.3,1841,23.0,125,9.199999999999989,4434.148591031753,False,True,False,0
3079,300.1,309.4,1349,56.2,127,9.299999999999955,7939.202570690862,False,False,True,0
3080,300.1,309.3,1340,56.0,130,9.199999999999989,7858.170424179269,False,True,False,0
3081,299.9,309.2,1539,43.2,132,9.300000000000011,6962.271975179556,False,False,True,0
3082,300.0,309.3,1932,21.8,135,9.300000000000011,4410.544758227782,False,False,True,0
3083,300.0,309.3,1407,43.9,138,9.300000000000011,6468.25653040256,False,False,True,0
3084,300.1,309.3,1712,28.5,141,9.199999999999989,5109.486291798439,False,True,False,0
3085,300.1,309.4,1329,55.2,143,9.299999999999955,7682.325011382336,True,False,False,0
3086,300.1,309.2,1441,42.9,148,9.099999999999966,6473.660069766735,False,True,False,0
3087,300.0,309.2,1610,32.1,150,9.199999999999989,5412.021664339137,False,True,False,0
3088,300.0,309.1,1474,45.2,152,9.100000000000023,6976.932740896308,False,False,True,0
3089,300.0,309.1,1624,30.8,155,9.100000000000023,5237.998375281286,False,False,True,0
3090,300.1,309.3,1520,38.2,158,9.199999999999989,6080.447861267925,True,False,False,0
3091,300.1,309.3,1448,45.8,163,9.199999999999989,6944.846607927643,True,False,False,0
3092,300.0,309.3,1558,29.7,168,9.300000000000011,4845.655340749969,False,True,False,0
3093,300.0,309.3,2293,16.3,170,9.300000000000011,3913.9950953768916,False,False,True,0
3094,300.0,309.3,1397,51.2,173,9.300000000000011,7490.227092590833,False,True,False,0
3095,300.0,309.3,1972,22.0,175,9.300000000000011,4543.161856111319,False,True,False,0
3096,299.9,309.2,1574,36.5,177,9.300000000000011,6016.254651379573,False,False,True,0
3097,299.9,309.2,1560,38.9,180,9.300000000000011,6354.813619681433,False,True,False,0
3098,299.9,309.2,1353,49.8,182,9.300000000000011,7055.954268109603,False,False,True,0
3099,299.9,309.2,1389,51.2,185,9.300000000000011,7447.33388089382,False,False,True,0
3100,299.9,309.1,1513,43.8,188,9.200000000000045,6939.71533992678,False,False,True,0
3101,299.8,309.1,1578,42.1,191,9.300000000000011,6956.931267668453,False,True,False,0
3102,299.8,309.0,1467,37.3,193,9.199999999999989,5730.170752368174,True,False,False,0
3103,299.9,309.1,1412,48.3,198,9.200000000000045,7141.845411258747,False,True,False,0
3104,299.8,309.1,1668,30.3,200,9.300000000000011,5292.578311649652,False,True,False,0
3105,299.8,309.2,1678,29.8,202,9.399999999999977,5236.448522905515,False,False,True,0
3106,299.8,309.1,1612,35.4,205,9.300000000000011,5975.81188195236,False,True,False,0
3107,299.8,309.1,1485,39.9,207,9.300000000000011,6204.8025704725205,False,True,False,0
3108,299.8,309.1,1456,39.4,209,9.300000000000011,6007.3953600964505,False,False,True,0
3109,299.8,309.2,1504,38.7,212,9.399999999999977,6095.192402788773,False,True,False,0
3110,299.9,309.2,1491,44.3,214,9.300000000000011,6916.875961335183,False,True,False,0
3111,299.9,309.2,1525,33.2,0,9.300000000000011,5301.961201708375,True,False,False,0
3112,300.0,309.2,1759,27.9,5,9.199999999999989,5139.237174227935,False,True,False,0
3113,299.8,309.1,1355,56.7,7,9.300000000000011,8045.46170621078,False,False,True,0
3114,299.9,309.1,1345,56.8,10,9.200000000000045,8000.170412121527,False,False,True,0
3115,299.9,309.2,1683,30.5,13,9.300000000000011,5375.422109924815,False,False,True,0
3116,299.9,309.2,1658,34.8,16,9.300000000000011,6042.162318796177,False,True,False,0
3117,300.0,309.2,1566,34.4,18,9.199999999999989,5641.295096198119,False,True,False,0
3118,300.1,309.3,1469,43.9,20,9.199999999999989,6753.282759887251,False,False,True,0
3119,300.2,309.5,1458,46.9,23,9.300000000000011,7160.757799033358,False,False,True,0
3120,300.1,309.4,1858,23.6,26,9.299999999999955,4591.835598290937,False,True,False,0
3121,300.1,309.4,1563,40.8,28,9.299999999999955,6678.02067188275,True,False,False,0
3122,300.1,309.4,2141,17.9,33,9.299999999999955,4013.2694232303284,False,True,False,0
3123,300.0,309.3,1473,46.0,35,9.300000000000011,7095.6011673979065,False,True,False,0
3124,300.0,309.4,1498,38.5,37,9.399999999999977,6039.502437016137,True,False,False,0
3125,300.1,309.4,1568,39.7,42,9.299999999999955,6518.762868296773,False,True,False,0
3126,300.1,309.4,1694,27.4,44,9.299999999999955,4860.630265732079,False,True,False,0
3127,300.0,309.4,1499,35.7,46,9.399999999999977,5604.004391400009,False,True,False,0
3128,300.0,309.5,1717,28.3,48,9.5,5088.4480929948995,False,True,False,0
3129,300.1,309.5,1462,42.8,50,9.399999999999977,6552.692068955542,False,False,True,0
3130,300.1,309.6,1642,34.5,53,9.5,5932.269407773606,False,True,False,0
3131,300.1,309.6,1760,25.4,55,9.5,4681.39193286927,False,True,False,0
3132,300.1,309.5,1660,32.7,57,9.399999999999977,5684.397747405372,False,True,False,0
3133,300.1,309.5,1557,40.6,59,9.399999999999977,6619.775544085197,False,True,False,0
3134,300.2,309.6,1442,49.2,61,9.400000000000034,7429.489634621431,True,False,False,0
3135,300.2,309.6,1359,51.5,66,9.400000000000034,7329.178581192307,False,True,False,0
3136,300.4,309.8,1342,52.5,68,9.400000000000034,7378.030346955628,False,True,False,0
3137,300.4,309.9,1435,54.8,70,9.5,8234.952103099804,False,True,False,0
3138,300.4,309.9,1567,36.5,72,9.5,5989.4987539465,False,True,False,0
3139,300.4,309.9,1376,43.5,74,9.5,6268.1056624423545,False,True,False,0
3140,300.4,309.9,1513,38.7,76,9.5,6131.666293496951,True,False,False,0
3141,300.4,309.9,2563,12.8,81,9.5,3435.4781743576063,True,False,False,1
3142,300.5,310.0,1521,45.1,86,9.5,7183.471513918814,False,True,False,0
3143,300.6,310.0,1658,34.7,88,9.399999999999977,6024.799783397338,False,True,False,0
3144,300.6,310.0,1419,42.4,90,9.399999999999977,6300.526898627401,True,False,False,0
3145,300.6,310.0,1478,36.3,95,9.399999999999977,5618.361469826913,False,False,True,0
3146,300.5,310.0,1415,43.5,98,9.5,6445.762727002858,False,False,True,0
3147,300.5,309.9,1780,26.5,101,9.399999999999977,4939.630848994351,False,False,True,0
3148,300.4,309.7,1440,42.8,104,9.300000000000011,6454.08794753487,False,False,True,0
3149,300.4,309.8,1448,39.7,107,9.400000000000034,6019.877954906714,True,False,False,0
3150,300.4,309.7,1500,35.2,112,9.300000000000011,5529.203070318036,True,False,False,0
3151,300.4,309.8,1513,32.9,117,9.400000000000034,5212.708554419888,False,True,False,0
3152,300.5,309.8,1428,43.8,119,9.300000000000011,6549.843691616287,False,True,False,0
3153,300.5,309.8,1473,42.3,121,9.300000000000011,6524.868030020248,False,False,True,0
3154,300.5,309.9,1483,49.3,124,9.399999999999977,7656.260264333052,False,False,True,0
3155,300.4,309.7,1534,42.5,127,9.300000000000011,6827.204435026219,False,True,False,0
3156,300.5,309.8,1367,54.0,129,9.300000000000011,7730.202883423045,False,True,False,0
3157,300.4,309.7,1467,36.9,131,9.300000000000011,5668.721200063957,False,True,False,0
3158,300.4,309.7,1488,42.2,133,9.300000000000011,6575.730415081868,False,False,True,0
3159,300.4,309.7,1679,30.1,136,9.300000000000011,5292.316512261854,False,True,False,0
3160,300.4,309.8,1409,47.5,138,9.400000000000034,7008.631410771029,True,False,False,0
3161,300.4,309.7,1367,51.2,143,9.300000000000011,7329.377548727036,False,False,True,0
3162,300.4,309.8,1314,63.1,146,9.400000000000034,8682.6709441384,False,True,False,0
3163,300.5,309.9,1480,40.0,148,9.399999999999977,6199.409503083858,False,True,False,0
3164,300.4,309.8,1549,38.9,150,9.400000000000034,6310.004036465731,False,True,False,0
3165,300.4,309.7,1685,31.3,152,9.300000000000011,5522.972244888416,False,True,False,0
3166,300.4,309.6,1536,34.5,154,9.200000000000045,5549.30926330101,False,True,False,0
3167,300.4,309.7,1539,37.7,156,9.300000000000011,6075.871607969196,False,False,True,0
3168,300.4,309.7,1384,45.1,159,9.300000000000011,6536.439562960972,False,True,False,0
3169,300.4,309.6,1614,30.3,161,9.200000000000045,5121.235848322865,False,False,True,0
3170,300.4,309.6,1675,35.5,164,9.200000000000045,6226.898438802768,False,False,True,0
3171,300.4,309.7,1685,32.3,167,9.300000000000011,5699.425032265041,False,False,True,0
3172,300.4,309.6,1386,56.9,170,9.200000000000045,8258.555935903776,False,True,False,0
3173,300.3,309.6,1488,41.3,172,9.300000000000011,6435.489719025619,False,False,True,0
3174,300.3,309.6,1624,32.6,175,9.300000000000011,5544.115163447075,False,True,False,0
3175,300.3,309.6,1600,34.6,177,9.300000000000011,5797.285643424365,False,True,False,0
3176,300.3,309.6,1468,44.7,179,9.300000000000011,6871.668443050026,False,True,False,0
3177,300.3,309.6,1435,45.4,181,9.300000000000011,6822.387326290714,False,True,False,0
3178,300.2,309.5,1564,33.4,183,9.300000000000011,5470.308680038739,False,False,True,0
3179,300.2,309.4,1329,53.6,186,9.199999999999989,7459.648924095893,False,False,True,0
3180,300.1,309.3,1570,36.8,189,9.199999999999989,6050.288571793462,False,True,False,0
3181,300.2,309.4,1433,48.8,191,9.199999999999989,7323.094363419855,False,False,True,0
3182,300.2,309.4,1527,37.0,194,9.199999999999989,5916.561444505657,False,True,False,0
3183,300.1,309.3,1443,50.3,196,9.199999999999989,7600.863513874752,False,False,True,0
3184,300.1,309.3,1616,32.0,199,9.199999999999989,5415.267976747846,False,True,False,0
3185,300.1,309.3,1654,31.0,201,9.199999999999989,5369.400724005435,False,True,False,0
3186,300.1,309.3,1685,27.1,203,9.199999999999989,4781.870537906584,False,True,False,0
3187,300.2,309.4,1456,48.8,205,9.199999999999989,7440.631816566161,False,False,True,0
3188,300.2,309.4,1752,27.8,208,9.199999999999989,5100.438504956101,False,False,True,0
3189,300.1,309.2,1438,51.0,211,9.099999999999966,7679.937400965608,False,False,True,0
3190,300.1,309.1,1551,33.7,214,9.0,5473.565464422961,False,True,False,0
3191,300.1,309.2,1599,30.1,216,9.099999999999966,5040.1513419337125,False,True,False,0
3192,300.1,309.2,1732,33.7,218,9.099999999999966,6112.32455472635,False,False,True,0
3193,300.1,309.2,1418,39.8,221,9.099999999999966,5910.005987835166,False,False,True,0
3194,300.0,309.1,1401,44.5,0,9.100000000000023,6528.700773057628,False,True,False,0
3195,300.0,309.0,1454,51.7,2,9.0,7871.9724879040405,False,True,False,0
3196,300.0,309.2,1635,32.4,4,9.199999999999989,5547.424307708857,False,False,True,0
3197,300.0,309.1,1489,40.3,7,9.100000000000023,6283.886929538888,False,True,False,0
3198,300.0,309.1,1465,40.6,9,9.100000000000023,6228.626314762243,False,True,False,0
3199,300.0,309.1,1463,45.7,11,9.100000000000023,7001.468579520845,False,False,True,0
3200,300.1,309.1,1560,35.4,14,9.0,5783.043756728091,True,False,False,0
3201,300.1,309.2,1454,44.4,19,9.099999999999966,6760.456063112947,False,False,True,0
3202,300.2,309.1,1479,47.0,22,8.900000000000034,7279.38433763291,False,True,False,0
3203,300.2,309.2,1430,43.4,24,9.0,6499.117442236325,False,True,False,0
3204,300.1,309.1,1533,38.0,26,9.0,6100.34461474066,False,False,True,0
3205,300.1,309.0,1404,54.8,29,8.899999999999977,8057.054183102527,False,True,False,0
3206,300.1,308.9,1548,38.4,31,8.799999999999955,6224.877347528959,False,False,True,0
3207,300.1,309.0,1612,33.0,34,8.899999999999977,5570.672093345421,False,False,True,0
3208,300.2,309.0,1642,31.2,37,8.800000000000011,5364.834942682218,False,False,True,0
3209,300.2,309.1,1406,42.2,40,8.900000000000034,6213.358174465798,False,False,True,0
3210,300.3,309.2,1587,31.4,43,8.899999999999977,5218.373893171861,False,True,False,0
3211,300.3,309.2,1364,47.6,45,8.899999999999977,6799.076708801078,False,False,True,0
3212,300.3,309.2,1462,51.4,48,8.899999999999977,7869.354494026049,False,True,False,0
3213,300.3,309.2,1649,32.4,50,8.899999999999977,5594.925188631134,False,True,False,0
3214,300.4,309.2,1752,29.0,52,8.800000000000011,5320.601318119673,False,True,False,0
3215,300.4,309.3,1396,51.2,54,8.900000000000034,7484.865441128705,True,False,False,0
3216,300.5,309.4,2179,16.3,59,8.899999999999977,3719.4048464135403,False,False,True,0
3217,300.5,309.5,1653,27.6,62,9.0,4777.608443873214,False,True,False,0
3218,300.6,309.5,2025,21.4,64,8.899999999999977,4538.030588110456,False,True,False,0
3219,300.6,309.6,1426,53.6,66,9.0,8004.107874914027,False,True,False,0
3220,300.6,309.6,1503,38.4,68,9.0,6043.921610682187,False,False,True,0
3221,300.7,309.6,1525,36.5,71,8.900000000000034,5828.963369348062,False,False,True,0
3222,300.6,309.6,1423,49.1,74,9.0,7316.695986382045,False,True,False,0
3223,300.7,309.7,1435,44.7,76,9.0,6717.196332273016,False,False,True,0
3224,300.6,309.5,1495,36.5,79,8.899999999999977,5714.295237492034,True,False,False,0
3225,300.6,309.5,1557,33.8,84,8.899999999999977,5511.044664780286,False,False,True,0
3226,300.6,309.4,1474,40.7,87,8.799999999999955,6282.326605187605,False,True,False,0
3227,300.5,309.3,1465,46.0,89,8.800000000000011,7057.064297513872,False,True,False,0
3228,300.5,309.3,1589,34.9,91,8.800000000000011,5807.349211891364,False,False,True,0
3229,300.5,309.3,1475,46.8,94,8.800000000000011,7228.804695910114,False,True,False,0
3230,300.6,309.4,1442,43.2,96,8.799999999999955,6523.454313326133,False,True,False,0
3231,300.6,309.4,1556,36.0,98,8.799999999999955,5865.981802782861,False,True,False,0
3232,300.7,309.3,1425,45.3,100,8.600000000000023,6759.921992361837,False,True,False,0
3233,300.7,309.3,1580,38.3,102,8.600000000000023,6337.0112613110905,False,True,False,0
3234,300.8,309.4,1474,40.7,104,8.599999999999966,6282.326605187605,True,False,False,0
3235,300.8,309.4,1489,38.4,109,8.599999999999966,5987.6242703298585,False,True,False,0
3236,300.8,309.4,1946,20.5,111,8.599999999999966,4177.585190988587,False,True,False,0
3237,300.8,309.4,1342,62.4,113,8.599999999999966,8769.316069524404,False,False,True,1
3238,300.9,309.5,1758,26.8,116,8.600000000000023,4933.808430609698,False,False,True,0
3239,300.9,309.4,1724,25.6,119,8.5,4621.743560353112,False,False,True,0
3240,301.0,309.5,1430,48.5,122,8.5,7262.838616324003,False,True,False,0
3241,300.9,309.5,1612,35.2,124,8.600000000000023,5942.050232901783,False,True,False,0
3242,300.9,309.5,1469,43.4,126,8.600000000000023,6676.36609975186,True,False,False,0
3243,300.9,309.6,1384,42.4,131,8.700000000000045,6145.122782029826,False,True,False,0
3244,301.0,309.6,1724,28.1,133,8.600000000000023,5073.085704918845,False,True,False,0
3245,301.0,309.6,1397,48.0,135,8.600000000000023,7022.087899303905,False,False,True,0
3246,301.0,309.6,1588,32.7,138,8.600000000000023,5437.845555951645,False,False,True,0
3247,301.0,309.7,1468,42.0,141,8.699999999999989,6456.601221657743,False,True,False,0
3248,301.0,309.8,1594,31.1,143,8.800000000000011,5191.314308448942,False,False,True,0
3249,301.0,309.7,1511,39.3,146,8.699999999999989,6218.499914442172,False,False,True,0
3250,301.1,309.8,1493,38.9,149,8.699999999999989,6081.882521913064,False,True,False,0
3251,301.2,309.8,1709,27.0,151,8.600000000000023,4832.083660486461,True,False,False,0
3252,301.1,309.6,1501,36.1,156,8.5,5674.355122889396,False,True,False,0
3253,301.1,309.7,1668,30.8,158,8.599999999999966,5379.914587419449,False,True,False,0
3254,301.1,309.6,1502,48.9,160,8.5,7691.435630077747,False,True,False,0
3255,301.0,309.7,1288,58.4,162,8.699999999999989,7876.936204296711,False,False,True,0
3256,301.0,309.7,1491,42.9,165,8.699999999999989,6698.283944498406,False,True,False,0
3257,301.1,309.8,1519,39.6,167,8.699999999999989,6299.144597859822,False,True,False,0
3258,301.2,309.9,1984,19.7,169,8.699999999999989,4092.9506849008776,False,True,False,0
3259,301.2,309.9,1643,32.9,171,8.699999999999989,5660.594947066673,False,True,False,0
3260,301.2,310.0,1625,31.6,173,8.800000000000011,5377.359425394529,False,False,True,0
3261,301.3,310.0,2068,17.8,176,8.699999999999989,3854.776073856724,False,False,True,0
3262,301.3,310.1,1469,39.7,179,8.800000000000011,6107.182814749974,True,False,False,0
3263,301.3,310.1,1558,36.3,184,8.800000000000011,5922.467638694406,False,True,False,0
3264,301.3,310.0,1344,54.8,186,8.699999999999989,7712.735628269085,False,True,False,0
3265,301.3,310.1,1455,44.1,188,8.800000000000011,6719.395447130529,True,False,False,0
3266,301.3,310.1,1355,53.6,193,8.800000000000011,7605.586374830649,False,True,False,0
3267,301.3,310.1,1269,56.8,195,8.800000000000011,7548.11617322098,False,True,False,1
3268,301.3,310.0,1550,41.5,197,8.699999999999989,6736.098248072114,False,True,False,0
3269,301.3,310.1,1525,37.8,199,8.800000000000011,6036.570283872787,False,False,True,0
3270,301.3,310.0,1696,32.4,202,8.699999999999989,5754.392431727351,False,False,True,0
3271,301.4,310.1,1937,21.8,205,8.700000000000045,4421.959211535825,False,True,False,0
3272,301.4,310.0,1689,32.1,207,8.600000000000023,5677.580491347082,False,False,True,0
3273,301.3,310.0,1593,30.8,210,8.699999999999989,5138.011953093035,False,False,True,0
3274,301.3,309.9,1565,36.0,213,8.599999999999966,5899.911003441631,False,False,True,0
3275,301.3,310.0,1665,31.4,0,8.699999999999989,5474.853517410932,False,True,False,0
3276,301.3,310.0,1532,36.3,2,8.699999999999989,5823.633133812471,True,False,False,0
3277,301.3,310.0,1438,40.9,7,8.699999999999989,6159.008621558693,False,True,False,0
3278,301.3,310.1,1531,41.6,9,8.800000000000011,6669.559315669082,False,True,False,0
3279,301.3,310.0,1506,40.8,11,8.699999999999989,6434.48440937647,False,True,False,0
3280,301.2,309.9,1382,52.4,13,8.699999999999989,7583.469562549378,False,True,False,0
3281,301.2,309.9,1456,50.8,15,8.699999999999989,7745.575743474611,False,False,True,0
3282,301.2,310.0,1445,45.6,18,8.800000000000011,6900.194104344621,False,False,True,0
3283,301.2,309.9,1515,40.9,21,8.699999999999989,6488.8025463570375,False,True,False,0
3284,301.2,309.9,1449,45.5,23,8.699999999999989,6904.1210951616085,False,True,False,0
3285,301.2,309.9,1362,50.7,25,8.699999999999989,7231.255138179915,True,False,False,0
3286,301.2,309.9,1687,29.7,30,8.699999999999989,5246.868138539921,False,True,False,0
3287,301.2,310.0,1618,37.6,32,8.800000000000011,6370.814798263717,False,True,False,0
3288,301.2,310.1,1558,32.6,34,8.900000000000034,5318.800138331616,False,False,True,0
3289,301.3,310.1,1662,31.0,37,8.800000000000011,5395.37122327511,False,True,False,0
3290,301.2,310.1,1295,56.6,39,8.900000000000034,7675.643891005702,False,False,True,0
3291,301.2,310.2,1385,42.3,42,9.0,6135.059213562827,False,True,False,0
3292,301.2,310.1,1479,45.5,44,8.900000000000034,7047.063560899944,False,False,True,0
3293,301.3,310.3,1400,44.3,47,9.0,6494.719212521298,False,True,False,0
3294,301.2,310.3,1357,54.5,49,9.100000000000023,7744.706569507118,False,False,True,0
3295,301.1,310.2,1657,34.1,52,9.099999999999966,5917.0536273547195,False,True,False,0
3296,301.1,310.2,1496,43.4,54,9.099999999999966,6799.076708801078,False,True,False,0
3297,301.2,310.3,1379,43.2,56,9.100000000000023,6238.449027792468,False,False,True,0
3298,301.2,310.3,1548,38.6,59,9.100000000000023,6257.298583714007,False,True,False,0
3299,301.2,310.3,1499,38.1,61,9.100000000000023,5980.744182418497,False,True,False,0
3300,301.3,310.5,1390,45.8,63,9.199999999999989,6666.669050427779,False,True,False,0
3301,301.3,310.4,1538,38.4,65,9.099999999999966,6184.6649615630095,True,False,False,0
3302,301.3,310.5,1365,47.7,70,9.199999999999989,6818.355615718608,False,True,False,0
3303,301.3,310.5,1503,48.6,72,9.199999999999989,7649.338288519643,False,True,False,0
3304,301.2,310.4,1390,49.9,74,9.199999999999989,7263.466934854721,False,True,False,0
3305,301.2,310.3,1497,45.7,76,9.100000000000023,7164.182135025772,False,True,False,0
3306,301.3,310.4,1577,48.3,78,9.099999999999966,7976.409499684876,False,False,True,0
3307,301.4,310.5,1432,54.3,81,9.100000000000023,8142.756830692455,False,True,False,0
3308,301.4,310.5,1563,39.9,83,9.100000000000023,6530.711392355925,False,False,True,0
3309,301.4,310.4,1433,43.4,86,9.0,6512.751954352903,False,True,False,0
3310,301.3,310.4,1384,50.1,88,9.099999999999966,7261.100268389017,False,True,False,0
3311,301.3,310.4,1346,46.7,90,9.099999999999966,6582.495311262598,False,True,False,0
3312,301.3,310.4,1459,44.7,92,9.099999999999966,6829.539685565387,False,True,False,0
3313,301.4,310.4,1639,28.9,94,9.0,4960.271112728436,False,True,False,0
3314,301.4,310.4,1737,31.9,96,9.0,5802.553047106883,False,True,False,0
3315,301.4,310.5,1489,43.5,98,9.100000000000023,6782.855618733042,False,True,False,0
3316,301.5,310.6,1492,43.0,100,9.100000000000023,6718.400609456892,False,False,True,0
3317,301.4,310.5,1217,60.6,103,9.100000000000023,7723.102884025931,False,False,True,0
3318,301.5,310.5,1636,28.7,106,9.0,4916.927606084409,False,True,False,0
3319,301.4,310.4,1436,49.7,108,9.0,7473.765147086022,False,True,False,0
3320,301.4,310.4,1689,30.6,110,9.0,5412.272991751423,False,True,False,0
3321,301.5,310.5,2289,16.4,112,9.0,3931.1377192899795,False,True,False,0
3322,301.5,310.6,1522,41.0,114,9.100000000000023,6534.722158977009,False,True,False,0
3323,301.5,310.5,1351,52.9,116,9.0,7484.100986916332,False,True,False,0
3324,301.5,310.5,1589,36.7,118,9.0,6106.868655484615,False,True,False,0
3325,301.5,310.6,1578,34.1,120,9.100000000000023,5634.949079037869,False,True,False,0
3326,301.5,310.6,1587,33.7,122,9.100000000000023,5600.611471334132,False,True,False,0
3327,301.5,310.6,1962,20.2,124,9.100000000000023,4150.295222804404,False,True,False,0
3328,301.5,310.6,2432,14.2,126,9.100000000000023,3616.4339112043785,False,False,True,0
3329,301.6,310.6,1418,43.9,129,9.0,6518.825700149844,False,True,False,0
3330,301.6,310.7,1683,29.7,131,9.099999999999966,5234.427431631705,False,True,False,0
3331,301.7,310.8,1385,50.7,133,9.100000000000023,7353.368844624949,False,True,False,0
3332,301.7,310.8,1559,44.5,135,9.100000000000023,7264.9853713039565,False,True,False,0
3333,301.7,310.8,1671,31.6,137,9.100000000000023,5529.580061436467,False,False,True,0
3334,301.6,310.8,1343,49.5,140,9.199999999999989,6961.612240722302,False,False,True,0
3335,301.6,310.8,1548,34.2,143,9.199999999999989,5544.03138764298,False,False,True,0
3336,301.7,310.9,1705,31.2,146,9.199999999999989,5570.672093345421,False,True,False,0
3337,301.6,310.8,1535,35.4,148,9.199999999999989,5690.366773447192,False,True,False,0
3338,301.6,310.8,1564,34.1,150,9.199999999999989,5584.955867943742,False,True,False,0
3339,301.6,310.9,1510,40.9,152,9.299999999999955,6467.387356435068,False,False,True,0
3340,301.6,310.9,1492,45.2,155,9.299999999999955,7062.132733661664,False,True,False,0
3341,301.5,310.8,1452,44.1,157,9.300000000000011,6705.541023528198,False,False,True,0
3342,301.4,310.7,1329,52.0,160,9.300000000000011,7236.9728368094475,True,False,False,0
3343,301.5,310.8,1382,52.4,165,9.300000000000011,7583.469562549378,False,True,False,0
3344,301.5,310.8,1628,36.4,167,9.300000000000011,6205.608912586942,False,False,True,0
3345,301.4,310.7,1706,27.9,170,9.300000000000011,4984.388072332493,False,True,False,0
3346,301.3,310.7,1594,34.1,172,9.399999999999977,5692.084177431155,False,True,False,0
3347,301.3,310.7,1761,24.3,174,9.399999999999977,4481.199177007017,False,True,False,0
3348,301.3,310.6,1529,41.8,176,9.300000000000011,6692.869933158719,False,True,False,0
3349,301.3,310.7,1532,40.7,178,9.399999999999977,6529.528059123074,False,False,True,0
3350,301.4,310.7,1673,27.8,181,9.300000000000011,4870.452978762304,False,True,False,0
3351,301.4,310.8,1285,62.6,183,9.400000000000034,8423.76182158055,False,True,False,1
3352,301.4,310.8,1680,31.4,185,9.400000000000034,5524.176522072292,False,True,False,0
3353,301.4,310.8,1610,34.6,187,9.400000000000034,5833.5186786957665,False,True,False,0
3354,301.6,310.9,1632,31.6,189,9.299999999999955,5400.523435226998,False,True,False,0
3355,301.6,310.9,1559,40.2,191,9.299999999999955,6562.975548908294,False,True,False,0
3356,301.5,310.8,1367,49.0,193,9.300000000000011,7014.44335718017,False,True,False,0
3357,301.6,310.8,1355,57.8,195,9.199999999999989,8201.546501216633,False,True,False,1
3358,301.6,310.7,1414,51.7,197,9.099999999999966,7655.412034316584,True,False,False,0
3359,301.5,310.6,1522,36.6,202,9.100000000000023,5833.434902891671,False,True,False,0
3360,301.5,310.6,1525,41.9,204,9.100000000000023,6691.33055275846,False,True,False,0
3361,301.5,310.6,1394,46.5,206,9.100000000000023,6788.039246611465,False,True,False,0
3362,301.5,310.6,1519,40.7,208,9.100000000000023,6474.1208366892615,False,True,False,0
3363,301.4,310.6,1445,43.9,210,9.200000000000045,6642.950025893177,False,True,False,0
3364,301.4,310.6,1555,43.3,212,9.200000000000045,7050.938191839372,False,True,False,0
3365,301.4,310.5,1633,39.5,0,9.100000000000023,6754.790724360973,False,True,False,0
3366,301.4,310.6,1630,30.3,2,9.200000000000045,5172.003985604876,False,False,True,0
3367,301.4,310.7,1692,32.3,5,9.300000000000011,5723.102168897598,False,False,True,0
3368,301.5,310.7,1790,26.2,8,9.199999999999989,4911.147075601803,True,False,False,0
3369,301.5,310.8,1350,58.5,13,9.300000000000011,8270.24266057513,False,True,False,0
3370,301.5,310.9,2760,8.0,15,9.399999999999977,2312.2121930420876,False,True,False,1
3371,301.4,310.7,1584,32.2,17,9.300000000000011,5341.210165927223,False,True,False,0
3372,301.4,310.7,1989,21.8,19,9.300000000000011,4540.669525939472,False,True,False,0
3373,301.4,310.8,1431,44.3,21,9.400000000000034,6638.530852227127,False,True,False,0
3374,301.4,310.7,1568,35.2,23,9.300000000000011,5779.860276172454,False,True,False,0
3375,301.4,310.7,1376,50.6,25,9.300000000000011,7291.175782059384,False,True,False,0
3376,301.4,310.6,1459,46.9,27,9.200000000000045,7165.6691555484695,False,False,True,0
3377,301.5,310.8,1385,47.5,30,9.300000000000011,6889.250889934617,False,False,True,0
3378,301.5,310.8,1591,29.6,33,9.300000000000011,4931.63025970321,True,False,False,0
3379,301.5,310.7,1568,33.1,38,9.199999999999989,5435.039066514438,False,True,False,0
3380,301.4,310.7,1459,37.7,40,9.300000000000011,5760.036826528302,False,False,True,0
3381,301.4,310.7,1590,36.3,43,9.300000000000011,6044.110106241402,False,True,False,0
3382,301.3,310.6,1376,47.6,45,9.300000000000011,6858.892632925427,False,True,False,0
3383,301.3,310.6,1510,38.5,47,9.300000000000011,6087.88296388142,False,True,False,0
3384,301.4,310.6,1674,33.6,49,9.200000000000045,5890.109234362431,True,False,False,0
3385,301.3,310.6,1426,40.7,54,9.300000000000011,6077.746091585838,False,True,False,0
3386,301.5,310.7,1466,43.6,56,9.199999999999989,6693.435419836365,False,True,False,0
3387,301.5,310.8,1474,38.7,58,9.300000000000011,5973.612767094848,True,False,False,0
3388,301.6,310.8,1290,65.3,63,9.199999999999989,8821.27801201478,False,False,True,0
3389,301.7,310.9,1435,48.0,66,9.199999999999989,7213.096732642165,False,False,True,0
3390,301.5,310.7,1416,53.2,69,9.199999999999989,7888.664816870113,False,False,True,0
3391,301.5,310.7,1599,40.4,72,9.199999999999989,6764.854292827973,True,False,False,0
3392,301.5,310.7,1466,47.3,77,9.199999999999989,7261.456315556424,False,True,False,0
3393,301.5,310.7,1408,47.3,79,9.199999999999989,6974.168139361148,False,True,False,0
3394,301.5,310.6,1490,48.1,81,9.100000000000023,7505.160129670896,False,True,False,0
3395,301.5,310.6,1405,42.3,83,9.100000000000023,6223.6521263940585,False,True,False,0
3396,301.4,310.5,1647,33.3,85,9.100000000000023,5743.365441513251,False,True,False,0
3397,301.4,310.6,1459,35.0,87,9.200000000000045,5347.514295185426,False,False,True,0
3398,301.4,310.6,1648,30.7,90,9.200000000000045,5298.149402622018,False,True,False,0
3399,301.4,310.7,1675,30.7,92,9.300000000000011,5384.951607640704,False,True,False,0
3400,301.4,310.7,1605,34.2,94,9.300000000000011,5748.172078273245,False,True,False,0
3401,301.4,310.7,1536,44.4,96,9.300000000000011,7141.719747552604,True,False,False,0
3402,301.4,310.7,1617,34.3,101,9.300000000000011,5808.082250177202,False,False,True,0
3403,301.4,310.6,1347,53.3,104,9.200000000000045,7518.365290791484,False,True,False,0
3404,301.3,310.5,1337,52.7,106,9.199999999999989,7378.543473755716,False,True,False,0
3405,301.3,310.4,1695,30.9,108,9.099999999999966,5484.74953426974,False,True,False,0
3406,301.3,310.4,1635,32.5,110,9.099999999999966,5564.545987670921,False,False,True,0
3407,301.2,310.4,1470,44.0,113,9.199999999999989,6773.273761139593,False,True,False,0
3408,301.2,310.4,1381,49.8,115,9.199999999999989,7201.975494648457,False,True,False,0
3409,301.2,310.4,1382,41.6,117,9.199999999999989,6020.464385535384,False,False,True,0
3410,301.2,310.4,1697,30.0,120,9.199999999999989,5331.282733141878,False,False,True,0
3411,301.2,310.3,1451,39.7,123,9.100000000000023,6032.350077741466,False,True,False,0
3412,301.3,310.3,1419,55.7,125,9.0,8276.871421074206,False,True,False,0
3413,301.3,310.3,1313,55.6,127,9.0,7644.8353390494985,False,True,False,0
3414,301.3,310.3,1560,36.3,129,9.0,5930.0702929160925,False,True,False,0
3415,301.3,310.3,1555,41.2,131,9.0,6708.975831496124,False,True,False,0
3416,301.4,310.4,1579,36.9,133,9.0,6101.507004022488,False,True,False,0
3417,301.5,310.5,1435,44.6,135,9.0,6702.169047413345,False,True,False,0
3418,301.6,310.6,1621,33.7,137,9.0,5720.599366750238,False,True,False,0
3419,301.6,310.6,1555,40.4,139,9.0,6578.704456127266,True,False,False,0
3420,301.5,310.5,1611,33.8,144,9.0,5702.179161824689,False,True,False,0
3421,301.6,310.6,1834,23.5,146,9.0,4513.316725902217,False,True,False,0
3422,301.5,310.5,1612,29.8,148,9.0,5030.485708536168,False,False,True,0
3423,301.5,310.4,1629,34.1,151,8.899999999999977,5817.067205166469,False,True,False,0
3424,301.4,310.4,1496,35.2,153,9.0,5514.458528797188,False,True,False,0
3425,301.5,310.5,1593,32.9,155,9.0,5488.330949894832,False,True,False,0
3426,301.5,310.5,1623,33.5,157,9.0,5693.665445733462,False,False,True,0
3427,301.5,310.5,1380,48.7,160,9.0,7037.795862571854,False,True,False,0
3428,301.6,310.6,1562,34.4,162,9.0,5626.885657893654,False,True,False,0
3429,301.6,310.6,1391,49.4,164,9.0,7195.859860949468,False,True,False,0
3430,301.5,310.5,1551,34.3,166,9.0,5571.017668537315,True,False,False,0
3431,301.6,310.6,1821,26.2,171,9.0,4996.200460709991,True,False,False,0
3432,301.6,310.7,1429,43.6,176,9.099999999999966,6524.5015108773305,False,True,False,0
3433,301.6,310.7,2012,20.7,178,9.099999999999966,4361.410249125638,False,False,True,0
3434,301.6,310.6,1924,23.6,181,9.0,4754.9470888653195,False,False,True,0
3435,301.5,310.5,1412,44.1,184,9.0,6520.815375497118,False,False,True,0
3436,301.5,310.5,1389,54.9,187,9.0,7985.5201183802865,False,True,False,0
3437,301.5,310.5,1466,48.1,189,9.0,7384.2716443607615,False,True,False,0
3438,301.5,310.5,2297,15.8,191,9.0,3800.552184655764,False,True,False,0
3439,301.4,310.4,1471,37.5,193,9.0,5776.603491788232,False,True,False,0
3440,301.4,310.3,1492,41.4,195,8.900000000000034,6468.41361003524,False,True,False,0
3441,301.3,310.3,1460,41.5,197,9.0,6344.9699627001855,False,True,False,0
3442,301.4,310.4,1559,39.4,199,9.0,6432.369070323053,False,True,False,0
3443,301.4,310.5,1495,52.5,201,9.100000000000023,8219.191779954295,False,False,True,0
3444,301.5,310.5,1535,39.0,204,9.0,6269.048140238432,False,True,False,0
3445,301.5,310.6,1381,50.7,206,9.100000000000023,7332.131678286682,False,True,False,0
3446,301.6,310.6,1599,36.1,208,9.0,6044.832672551728,False,False,True,0
3447,301.6,310.6,1400,49.5,211,9.0,7257.079029792421,True,False,False,0
3448,301.7,310.6,1624,34.5,216,8.900000000000034,5867.238439844297,False,True,False,0
3449,301.6,310.6,1478,36.6,218,9.0,5664.794209246971,False,True,False,0
3450,301.7,310.7,1605,33.3,220,9.0,5596.904392002895,False,True,False,0
3451,301.6,310.6,1506,43.4,222,9.0,6844.5250825230105,False,True,False,0
3452,301.6,310.6,1455,43.9,0,9.0,6688.921998390708,False,True,False,0
3453,301.6,310.5,1602,32.3,2,8.899999999999977,5418.681840764747,True,False,False,0
3454,301.5,310.4,1425,54.4,7,8.899999999999977,8117.875416876025,False,True,False,0
3455,301.5,310.4,1918,21.8,9,8.899999999999977,4378.584288965262,False,True,False,0
3456,301.4,310.3,1611,41.5,11,8.900000000000034,7001.196308157533,True,False,False,0
3457,301.4,310.4,1610,38.6,16,9.0,6507.913901666376,True,False,False,0
3458,301.5,310.4,2639,12.0,21,8.899999999999977,3316.2652051293853,False,False,True,1
3459,301.5,310.4,1329,46.6,24,8.899999999999977,6485.441042217697,False,True,False,0
3460,301.5,310.4,1270,54.2,26,8.899999999999977,7208.27962390666,False,True,False,0
3461,301.5,310.3,1415,41.6,28,8.800000000000011,6164.223665363653,False,True,False,0
3462,301.6,310.4,1330,49.5,30,8.799999999999955,6894.2250783028,True,False,False,0
3463,301.6,310.5,1786,27.1,35,8.899999999999977,5068.498979644605,True,False,False,0
3464,301.6,310.5,1809,25.5,40,8.899999999999977,4830.669943792345,False,True,False,0
3465,301.7,310.6,1303,59.7,42,8.900000000000034,8146.0555029787265,False,True,False,0
3466,301.8,310.7,1383,45.7,44,8.899999999999977,6618.613154803369,False,False,True,0
3467,301.7,310.6,1447,56.9,47,8.900000000000034,8622.027733948604,False,True,False,0
3468,301.8,310.7,1461,44.2,49,8.899999999999977,6762.403850558174,False,True,False,0
3469,301.8,310.7,2092,18.6,51,8.899999999999977,4074.7713354121056,False,True,False,0
3470,301.8,310.7,1429,47.9,53,8.899999999999977,7167.972990161103,False,False,True,0
3471,301.8,310.8,1736,26.5,56,9.0,4817.527614524828,False,True,False,0
3472,301.8,310.7,1441,49.3,58,8.899999999999977,7439.427539382285,False,True,False,0
3473,301.8,310.7,1523,43.3,60,8.899999999999977,6905.8384991455705,False,True,False,0
3474,301.8,310.8,1691,33.4,62,9.0,5914.5089373053115,False,False,True,0
3475,301.9,310.8,1557,35.3,65,8.900000000000034,5755.617652862252,False,False,True,0
3476,301.8,310.7,1644,33.4,68,8.899999999999977,5750.11986571847,False,True,False,0
3477,301.8,310.6,1522,43.8,70,8.800000000000011,6980.9958673949495,False,True,False,0
3478,301.8,310.7,1547,41.7,72,8.899999999999977,6755.46093079374,False,True,False,0
3479,301.8,310.7,1597,30.8,74,8.899999999999977,5150.913426923777,False,True,False,0
3480,301.8,310.8,1619,31.0,76,9.0,5255.779789700604,False,False,True,0
3481,301.9,310.8,1400,58.2,79,8.900000000000034,8532.565647149877,False,True,False,0
3482,302.0,310.9,1663,31.5,81,8.899999999999977,5485.692012065817,False,True,False,0
3483,301.9,310.8,1540,37.6,83,8.900000000000034,6063.692700448779,False,True,False,0
3484,301.9,310.8,1455,42.7,85,8.900000000000034,6506.081305951782,True,False,False,0
3485,301.9,310.8,1519,39.0,90,8.900000000000034,6203.703013043764,False,True,False,0
3486,301.9,310.8,1427,47.7,92,8.900000000000034,7128.05381950949,False,True,False,0
3487,301.9,310.8,1650,29.8,94,8.900000000000034,5149.07035923367,False,True,False,0
3488,301.8,310.8,1508,38.8,96,9.0,6127.1947599533405,False,False,True,0
3489,301.9,310.9,1379,54.8,99,9.0,7913.588118588593,False,True,False,0
3490,301.9,310.9,1542,36.7,101,9.0,5926.237549878714,False,True,False,0
3491,301.9,310.9,1763,28.4,103,9.0,5243.234363037269,False,False,True,0
3492,301.9,310.9,1590,34.3,106,9.0,5711.101284960884,True,False,False,0
3493,301.9,311.0,1336,63.6,111,9.100000000000023,8897.995704615443,True,False,False,0
3494,301.9,311.0,1638,35.4,116,9.100000000000023,6072.195944564495,False,False,True,0
3495,301.9,311.0,1356,45.7,119,9.100000000000023,6489.3994489612205,False,True,False,0
3496,301.9,311.0,1384,47.4,121,9.100000000000023,6869.783487457871,False,False,True,0
3497,301.9,310.9,1309,48.0,124,9.0,6579.751653678462,False,True,False,0
3498,301.9,311.0,1642,33.1,126,9.100000000000023,5691.539634704533,False,True,False,0
3499,301.9,311.0,1289,54.9,128,9.100000000000023,7410.608662773354,False,True,False,0
3500,301.9,311.0,1353,43.8,130,9.100000000000023,6205.839296048204,False,True,False,0
3501,301.9,311.0,1871,26.0,132,9.100000000000023,5094.197207550969,True,False,False,0
3502,301.9,311.0,1291,63.6,137,9.100000000000023,8598.287765462977,True,False,False,0
3503,301.8,310.9,1346,44.6,142,9.099999999999966,6286.494451441367,False,False,True,0
3504,301.7,310.8,1493,47.6,145,9.100000000000023,7442.097893137837,False,True,False,0
3505,301.7,310.8,1524,41.3,147,9.100000000000023,6591.1870509375285,False,False,True,0
3506,301.6,310.8,1726,26.7,150,9.199999999999989,4825.926138885424,False,True,False,0
3507,301.6,310.8,1435,47.2,152,9.199999999999989,7092.878453764795,True,False,False,0
3508,301.7,310.8,1502,34.4,157,9.100000000000023,5410.744083326676,False,False,True,0
3509,301.7,310.9,1608,33.0,160,9.199999999999989,5556.849085669626,False,True,False,0
3510,301.8,311.0,1771,27.2,162,9.199999999999989,5044.476267820154,False,True,False,0
3511,301.7,311.0,1474,42.6,164,9.300000000000011,6575.604751375724,False,True,False,0
3512,301.8,311.0,1322,53.0,166,9.199999999999989,7337.294362214081,False,True,False,0
3513,301.8,311.0,1393,49.5,168,9.199999999999989,7220.79363464346,False,False,True,0
3514,301.9,311.1,1417,52.5,171,9.200000000000045,7790.364382739289,False,False,True,0
3515,301.9,311.0,1430,49.8,174,9.100000000000023,7457.512641091451,True,False,False,0
3516,301.9,311.1,1605,40.0,179,9.200000000000045,6723.008278682157,False,False,True,0
3517,302.0,311.1,1402,47.8,182,9.100000000000023,7017.85722119707,False,True,False,0
3518,302.0,311.0,1550,35.2,184,9.0,5713.509839328638,False,True,False,0
3519,301.9,311.0,1376,44.9,186,9.100000000000023,6469.837798704868,False,True,False,0
3520,301.9,310.9,1569,32.5,188,9.0,5339.922112939251,False,False,True,0
3521,301.9,311.0,1669,32.2,191,9.100000000000023,5627.828135689731,False,True,False,0
3522,301.9,311.0,1541,38.9,193,9.100000000000023,6277.415248672492,False,True,False,0
3523,301.8,311.0,1651,32.5,195,9.199999999999989,5619.000260333144,False,True,False,0
3524,301.8,310.9,1521,39.3,197,9.099999999999966,6259.654778204198,False,True,False,0
3525,301.8,310.8,1365,48.2,199,9.0,6889.826848587775,False,False,True,0
3526,301.8,310.9,1609,31.7,202,9.099999999999966,5341.262525804782,False,True,False,0
3527,301.8,310.8,1470,37.6,204,9.0,5788.070304973835,True,False,False,0
3528,301.9,310.9,1573,38.9,209,9.0,6407.770399845444,False,False,True,0
3529,302.0,310.9,1378,53.1,212,8.899999999999977,7662.53297766472,False,True,False,1
3530,301.9,310.9,1567,39.0,214,9.0,6399.738394627767,False,True,False,1
3531,301.9,310.9,1441,43.7,0,9.0,6594.381003468679,False,False,True,0
3532,301.9,310.9,1641,33.2,3,9.0,5705.257922625208,False,False,True,0
3533,301.9,310.9,1486,40.3,6,9.0,6271.22631114492,False,True,False,0
3534,302.0,311.0,1563,36.2,8,9.0,5925.106576523422,False,True,False,0
3535,302.0,311.1,1769,26.0,10,9.100000000000023,4816.480416973632,False,False,True,0
3536,301.9,311.0,1672,29.9,13,9.100000000000023,5235.233773746127,True,False,False,0
3537,302.0,311.0,1632,34.2,18,9.0,5844.870300150738,False,True,False,0
3538,302.0,311.0,1980,21.5,20,9.0,4457.919975443916,False,False,True,0
3539,302.0,311.1,1635,36.0,23,9.100000000000023,6163.804786343174,False,True,False,0
3540,302.0,311.0,1686,32.5,25,9.0,5738.118981781757,False,True,False,0
3541,301.9,310.9,1574,31.4,27,9.0,5175.627289132016,False,True,False,0
3542,301.8,310.8,1546,43.4,29,9.0,7026.318577410739,False,True,False,0
3543,301.8,310.9,1899,24.7,31,9.099999999999966,4911.911529814177,False,True,False,0
3544,301.8,310.9,1449,36.5,33,9.099999999999966,5538.470768646125,False,True,False,0
3545,301.9,310.9,1483,37.0,35,9.0,5746.077683170851,False,False,True,0
3546,301.8,310.8,1576,38.6,38,9.0,6370.479695047335,False,True,False,0
3547,301.9,310.9,1317,51.9,40,9.0,7157.8361178655205,False,False,True,0
3548,301.9,311.0,1467,48.1,43,9.100000000000023,7389.308664582016,False,False,True,0
3549,301.9,310.9,1616,34.5,46,9.0,5838.3357874312715,False,True,False,0
3550,301.8,310.9,1299,60.4,48,9.099999999999966,8216.270098786457,False,False,True,0
3551,301.9,311.0,1432,41.5,51,9.100000000000023,6223.28560725114,False,False,True,0
3552,301.9,310.9,1799,24.2,54,9.0,4559.058314938483,False,True,False,0
3553,301.8,310.9,1358,52.3,56,9.099999999999966,7437.553055765643,False,False,True,0
3554,301.8,310.8,1618,37.8,59,9.0,6404.702111020439,False,False,True,0
3555,301.9,310.8,1525,43.2,62,8.900000000000034,6898.9374672831855,False,True,False,0
3556,301.8,310.7,1551,37.7,64,8.899999999999977,6123.24682518533,False,True,False,0
3557,301.9,310.8,1735,31.5,66,8.900000000000034,5723.196416677205,False,True,False,0
3558,301.8,310.7,1309,43.3,68,8.899999999999977,5935.4843042557795,False,False,True,0
3559,301.7,310.6,1743,26.2,71,8.900000000000034,4782.195169147454,False,True,False,0
3560,301.7,310.7,1659,29.9,73,9.0,5194.529204931115,False,False,True,0
3561,301.8,310.7,1680,32.4,76,8.899999999999977,5700.105710673321,False,True,False,0
3562,301.7,310.6,1486,38.5,78,8.900000000000034,5991.121910150855,False,True,False,0
3563,301.7,310.6,1471,43.8,80,8.900000000000034,6747.072878408654,False,True,False,0
3564,301.8,310.7,1465,35.8,82,8.899999999999977,5492.236996760795,False,False,True,0
3565,301.7,310.6,1492,42.2,85,8.900000000000034,6593.407109746066,False,False,True,0
3566,301.8,310.7,1420,52.0,88,8.899999999999977,7732.506718035677,False,False,True,0
3567,301.8,310.6,1295,62.3,91,8.800000000000011,8448.63276342147,False,True,False,0
3568,301.8,310.5,1548,34.1,93,8.699999999999989,5527.820769550456,False,True,False,0
3569,301.8,310.6,1372,54.7,95,8.800000000000011,7859.0500701222745,False,True,False,0
3570,301.8,310.6,1552,35.9,97,8.800000000000011,5834.649652051059,False,False,True,0
3571,301.8,310.6,1441,46.3,100,8.800000000000011,6986.724037999997,True,False,False,0
3572,301.7,310.6,1691,27.7,105,8.900000000000034,4905.146633633447,False,False,True,0
3573,301.8,310.6,1451,50.7,108,8.800000000000011,7703.782089206354,False,True,False,0
3574,301.8,310.6,1452,48.4,110,8.800000000000011,7359.369286593305,False,True,False,0
3575,301.7,310.6,1406,46.0,112,8.900000000000034,6772.854882119115,False,True,False,0
3576,301.7,310.5,1567,39.1,114,8.800000000000011,6416.147980255018,False,True,False,0
3577,301.6,310.4,1599,41.7,116,8.799999999999955,6982.53524779521,False,True,False,0
3578,301.6,310.4,1455,39.0,118,8.799999999999955,5942.322504265094,False,False,True,0
3579,301.7,310.5,1625,35.9,121,8.800000000000011,6109.0887142931515,False,False,True,0
3580,301.8,310.6,2672,11.8,124,8.800000000000011,3301.7719910208248,False,True,False,1
3581,301.8,310.6,1650,31.9,126,8.800000000000011,5511.9243107232915,False,True,False,0
3582,301.8,310.6,1459,40.2,128,8.800000000000011,6142.002133327261,False,False,True,0
3583,301.8,310.6,1395,50.5,131,8.800000000000011,7377.244948792231,False,True,False,0
3584,301.8,310.7,1751,29.3,133,8.899999999999977,5372.573732585561,False,True,False,0
3585,301.8,310.6,1192,68.9,135,8.800000000000011,8600.507824271514,False,True,False,0
3586,301.9,310.7,1947,25.0,137,8.800000000000011,5097.234080449439,False,True,False,0
3587,301.8,310.5,1593,34.9,139,8.699999999999989,5821.968089706068,False,True,False,0
3588,301.8,310.5,1478,38.6,141,8.699999999999989,5974.345805380685,True,False,False,0
3589,301.7,310.6,1505,44.5,146,8.900000000000034,7013.343799751414,False,False,True,0
3590,301.7,310.5,2465,13.7,149,8.800000000000011,3536.43849026847,False,True,False,0
3591,301.8,310.6,1403,46.8,151,8.800000000000011,6875.941009058907,False,True,False,0
3592,301.7,310.5,1458,41.4,153,8.800000000000011,6321.010082728807,False,False,True,0
3593,301.6,310.4,1369,45.4,156,8.799999999999955,6508.605052050166,True,False,False,0
3594,301.6,310.4,1377,44.9,161,8.799999999999955,6474.5397157097395,False,False,True,0
3595,301.6,310.4,1452,45.7,164,8.799999999999955,6948.825958622192,False,False,True,0
3596,301.6,310.4,1517,41.1,167,8.799999999999955,6529.140596029131,False,True,False,0
3597,301.7,310.5,1354,50.0,169,8.800000000000011,7089.527421600967,False,True,False,0
3598,301.7,310.5,1724,33.0,171,8.800000000000011,5957.716308267683,False,False,True,0
3599,301.7,310.5,1399,53.2,174,8.800000000000011,7793.956270339894,False,True,False,0
3600,301.7,310.5,1388,50.5,176,8.800000000000011,7340.226515357432,True,False,False,0
3601,301.7,310.5,1523,34.7,181,8.800000000000011,5534.2400905392915,False,True,False,0
3602,301.7,310.5,1377,43.1,183,8.800000000000011,6214.981330670152,False,True,False,0
3603,301.7,310.6,1417,45.2,185,8.900000000000034,6707.132763806017,False,False,True,0
3604,301.7,310.7,1542,40.0,188,9.0,6459.114495780615,False,True,False,0
3605,301.8,310.8,1557,33.3,190,9.0,5429.520335419631,False,True,False,0
3606,301.7,310.7,1641,31.9,192,9.0,5481.859269028437,False,True,False,0
3607,301.7,310.7,1318,55.0,194,9.0,7591.135048624136,False,True,False,0
3608,301.6,310.7,1638,33.8,196,9.099999999999966,5797.74641034689,False,True,False,0
3609,301.7,310.8,1954,21.6,198,9.100000000000023,4419.843872482408,False,False,True,0
3610,301.7,310.9,1644,32.5,201,9.199999999999989,5595.1765160434215,False,False,True,0
3611,301.7,310.8,1594,32.4,204,9.100000000000023,5408.3145850079,False,False,True,0
3612,301.7,310.9,1405,46.4,207,9.199999999999989,6826.890275760859,False,True,False,1
3613,301.7,310.8,1622,37.8,0,9.100000000000023,6420.535737994532,False,True,False,0
3614,301.7,310.9,1557,39.4,2,9.199999999999989,6424.117153619623,False,True,False,0
3615,301.8,311.0,1606,33.3,4,9.199999999999989,5600.39155984838,False,True,False,0
3616,301.8,311.1,1647,31.6,6,9.300000000000011,5450.160599153717,False,False,True,0
3617,301.8,311.1,1413,42.2,9,9.300000000000011,6244.292390128145,False,False,True,0
3618,301.8,311.0,1529,41.6,12,9.199999999999989,6660.846632043127,False,True,False,0
3619,301.9,311.1,1448,46.3,14,9.200000000000045,7020.663710634277,False,True,False,0
3620,301.9,311.2,1435,44.2,16,9.300000000000011,6642.059907974661,False,True,False,0
3621,301.9,311.2,1474,41.8,18,9.300000000000011,6452.119216138621,True,False,False,0
3622,301.9,311.2,1657,29.1,23,9.300000000000011,5049.450456188339,False,True,False,0
3623,302.0,311.3,1509,39.9,25,9.300000000000011,6305.082207975107,False,True,False,0
3624,302.0,311.3,1530,36.4,27,9.300000000000011,5832.052602124092,False,False,True,0
3625,302.0,311.4,1587,35.9,30,9.399999999999977,5966.230024358912,False,False,True,0
3626,302.1,311.4,1467,43.4,33,9.299999999999955,6667.276425007473,False,False,True,0
3627,302.2,311.5,1360,53.0,36,9.300000000000011,7548.1999490250755,False,False,True,0
3628,302.2,311.5,1588,30.6,39,9.300000000000011,5088.626116578604,False,True,False,0
3629,302.2,311.4,1609,32.1,41,9.199999999999989,5408.660160199795,False,True,False,0
3630,302.1,311.3,1415,44.1,43,9.199999999999989,6534.669799099449,False,True,False,0
3631,302.0,311.2,1845,27.3,45,9.199999999999989,5274.576985744583,False,True,False,0
3632,302.1,311.4,1419,36.2,47,9.299999999999955,5379.223437035659,False,False,True,0
3633,302.1,311.3,1634,30.6,50,9.199999999999989,5236.029643885036,False,True,False,0
3634,302.2,311.3,1521,40.6,52,9.100000000000023,6466.717150002301,False,False,True,0
3635,302.2,311.4,1499,37.7,55,9.199999999999989,5917.954217248749,False,True,False,0
3636,302.1,311.2,1616,35.1,57,9.099999999999966,5939.872061995294,False,False,True,0
3637,302.2,311.4,1449,46.5,60,9.199999999999989,7055.860020329996,False,True,False,0
3638,302.2,311.4,1626,31.6,62,9.199999999999989,5380.668569656311,False,False,True,0
3639,302.3,311.5,1445,44.8,65,9.199999999999989,6779.138067426294,False,False,True,0
3640,302.4,311.6,1622,35.0,68,9.200000000000045,5944.940498143085,False,True,False,0
3641,302.4,311.6,1544,39.1,70,9.200000000000045,6321.973504475908,True,False,False,0
3642,302.3,311.6,1488,41.8,75,9.300000000000011,6513.401216834645,False,True,False,0
3643,302.3,311.6,1309,57.6,77,9.300000000000011,7895.701984414156,False,True,False,0
3644,302.3,311.6,1784,26.4,79,9.300000000000011,4932.049138723688,False,True,False,0
3645,302.2,311.5,1548,32.4,81,9.300000000000011,5252.240261977559,False,True,False,0
3646,302.2,311.5,1413,43.5,83,9.300000000000011,6436.652108307448,False,True,False,0
3647,302.2,311.5,1863,25.7,85,9.300000000000011,5013.887627349702,False,False,True,0
3648,302.2,311.5,1427,43.8,88,9.300000000000011,6545.256966342046,False,True,False,0
3649,302.2,311.5,1443,47.0,90,9.300000000000011,7102.198511970445,False,False,True,0
3650,302.2,311.5,1481,40.4,93,9.300000000000011,6265.634276221531,False,True,False,0
3651,302.1,311.4,1446,39.7,95,9.299999999999955,6011.563206350213,False,True,False,0
3652,302.1,311.5,1444,44.9,97,9.399999999999977,6789.568155036212,False,True,False,0
3653,302.1,311.5,1341,50.8,99,9.399999999999977,7133.8029340655585,False,False,True,0
3654,302.1,311.4,1518,37.4,102,9.299999999999955,5945.275601359467,False,True,False,0
3655,302.1,311.4,1603,35.9,104,9.299999999999955,6026.381051699644,False,True,False,0
3656,302.1,311.4,1686,30.9,106,9.299999999999955,5455.626970370962,False,True,False,0
3657,302.1,311.5,1383,53.6,108,9.399999999999977,7762.749783314235,False,False,True,0
3658,302.1,311.5,1477,45.4,111,9.399999999999977,7022.066955352881,False,True,False,0
3659,302.2,311.5,1449,44.5,113,9.300000000000011,6752.382169993221,False,False,True,0
3660,302.2,311.5,1734,25.0,116,9.300000000000011,4539.601384437251,False,False,True,0
3661,302.3,311.6,1398,49.1,119,9.300000000000011,7188.152486972662,False,True,False,0
3662,302.3,311.7,1639,36.6,121,9.399999999999977,6281.865838265078,False,False,True,0
3663,302.3,311.7,1517,37.6,124,9.399999999999977,5973.1310562212975,False,False,True,0
3664,302.3,311.7,1442,41.7,127,9.399999999999977,6296.94548300231,False,False,True,0
3665,302.3,311.7,1685,30.8,130,9.399999999999977,5434.745851200102,False,False,True,0
3666,302.4,311.8,1358,50.6,133,9.400000000000034,7195.797029096398,False,False,True,0
3667,302.3,311.6,1608,39.9,136,9.300000000000011,6718.735712673275,False,False,True,0
3668,302.3,311.6,1665,34.3,139,9.300000000000011,5980.492855006209,False,True,False,0
3669,302.3,311.7,1510,38.7,141,9.399999999999977,6119.508329927558,False,True,False,0
3670,302.4,311.8,1465,40.2,143,9.400000000000034,6167.260538262123,False,True,False,0
3671,302.3,311.7,1701,27.5,145,9.399999999999977,4898.528345109885,False,True,False,0
3672,302.3,311.7,1486,39.6,147,9.399999999999977,6162.2968218694505,False,False,True,0
3673,302.3,311.6,1658,32.3,150,9.300000000000011,5608.098933825187,False,True,False,0
3674,302.3,311.7,1449,44.5,152,9.399999999999977,6752.382169993221,True,False,False,0
3675,302.2,311.5,1346,52.4,157,9.300000000000011,7385.926216491651,False,True,False,0
3676,302.1,311.5,1866,23.1,159,9.399999999999977,4513.903156530887,False,False,True,0
3677,302.2,311.5,1562,38.0,162,9.300000000000011,6215.745784882525,False,False,True,0
3678,302.3,311.7,1368,53.6,165,9.399999999999977,7678.555100198028,False,False,True,0
3679,302.2,311.5,1567,33.1,168,9.300000000000011,5431.572842619978,False,True,False,0
3680,302.2,311.5,1725,34.0,170,9.300000000000011,6141.813637768045,False,True,False,0
3681,302.2,311.5,1744,31.2,172,9.300000000000011,5698.095091375022,False,True,False,0
3682,302.1,311.3,1453,45.1,174,9.199999999999989,6862.31696891784,False,False,True,0
3683,302.1,311.2,1550,34.8,177,9.099999999999966,5648.583591154447,False,True,False,0
3684,302.0,311.2,1558,39.1,179,9.199999999999989,6379.29709842841,False,False,True,0
3685,302.0,311.2,1270,65.3,182,9.199999999999989,8684.514011828503,False,True,False,1
3686,301.9,311.1,1380,51.6,184,9.200000000000045,7456.8843225607325,False,False,True,0
3687,302.0,311.1,1406,50.5,187,9.100000000000023,7435.416772761202,False,True,False,0
3688,302.0,311.2,1625,30.7,189,9.199999999999989,5224.206783532027,False,False,True,0
3689,302.0,311.2,1420,45.8,192,9.199999999999989,6810.553993962192,False,True,False,0
3690,302.1,311.4,1889,22.7,194,9.299999999999955,4490.414515457546,False,True,False,0
3691,302.1,311.3,1477,43.6,196,9.199999999999989,6743.659014391755,False,True,False,0
3692,302.1,311.2,1460,46.9,198,9.099999999999966,7170.580512063583,False,True,False,0
3693,302.1,311.3,1758,24.4,200,9.199999999999989,4491.9748398088295,False,True,False,0
3694,302.1,311.3,1521,31.5,202,9.199999999999989,5017.280547415578,False,True,False,0
3695,302.1,311.3,1511,45.0,204,9.199999999999989,7120.4197493612655,False,False,True,0
3696,302.2,311.3,1530,37.3,207,9.100000000000023,5976.251704923862,False,True,False,1
3697,302.1,311.2,1454,46.8,0,9.099999999999966,7125.8861205785115,False,True,False,0
3698,302.2,311.2,1928,23.1,2,9.0,4663.882789813263,False,True,False,0
3699,302.2,311.3,1758,26.4,4,9.100000000000023,4860.169498809553,True,False,False,0
3700,302.2,311.2,1649,33.2,9,9.0,5733.07148958499,False,True,False,0
3701,302.1,311.2,1447,50.3,11,9.099999999999966,7621.933128604827,False,True,False,0
3702,302.1,311.2,1417,48.0,13,9.099999999999966,7122.618864218779,False,True,False,0
3703,302.0,311.2,1434,44.9,15,9.199999999999989,6742.548984987486,False,True,False,0
3704,302.0,311.2,1418,49.5,17,9.199999999999989,7350.384331604038,False,False,True,0
3705,302.0,311.2,1400,49.5,20,9.199999999999989,7257.079029792421,False,False,True,0
3706,302.0,311.3,1725,27.7,23,9.300000000000011,5003.771699005143,False,False,True,0
3707,302.0,311.3,1567,41.1,26,9.300000000000011,6744.339692800032,False,True,False,0
3708,302.1,311.3,1497,38.4,28,9.199999999999989,6019.794179102617,False,False,True,0
3709,302.1,311.4,1549,44.6,31,9.299999999999955,7234.6061703437435,False,True,False,0
3710,302.2,311.4,1754,26.9,33,9.199999999999989,4940.950317908859,False,True,False,0
3711,302.2,311.5,1489,38.3,35,9.300000000000011,5972.03149879254,False,True,False,0
3712,302.2,311.5,1543,38.5,37,9.300000000000011,6220.929412760948,False,True,False,0
3713,302.3,311.5,1543,33.1,39,9.199999999999989,5348.383469152919,False,True,False,0
3714,302.3,311.5,1565,35.6,41,9.199999999999989,5834.356436736724,False,True,False,0
3715,302.3,311.4,1855,23.9,43,9.099999999999966,4642.697983352556,False,False,True,0
3716,302.4,311.4,1475,45.2,46,9.0,6981.666073827717,False,False,True,0
3717,302.3,311.4,1609,32.3,49,9.099999999999966,5442.358977397302,False,True,False,0
3718,302.3,311.4,1443,44.1,51,9.099999999999966,6663.977752721205,True,False,False,0
3719,302.4,311.4,1450,44.1,56,9.0,6696.304741126643,False,True,False,0
3720,302.4,311.5,1590,39.9,58,9.100000000000023,6643.525984546335,False,True,False,0
3721,302.4,311.4,1508,41.2,60,9.0,6506.196497682414,False,False,True,0
3722,302.2,311.2,1544,43.6,63,9.0,7049.566363047305,False,False,True,0
3723,302.2,311.2,1451,41.8,66,9.0,6351.44164356658,False,True,False,0
3724,302.3,311.2,1758,24.4,68,8.899999999999977,4491.9748398088295,False,True,False,0
3725,302.3,311.2,1507,47.7,70,8.899999999999977,7527.664405046112,False,False,True,0
3726,302.3,311.1,1543,37.5,73,8.800000000000011,6059.346830611314,True,False,False,0
3727,302.3,311.2,1505,36.7,78,8.899999999999977,5784.038594401728,False,False,True,0
3728,302.3,311.2,1786,24.3,81,8.899999999999977,4544.81642824221,False,True,False,0
3729,302.3,311.3,1457,44.5,83,9.0,6789.66240281582,False,True,False,0
3730,302.4,311.3,1312,61.5,85,8.900000000000034,8449.627601095108,False,False,True,0
3731,302.3,311.2,1405,47.7,88,8.899999999999977,7018.160908486918,False,False,True,0
3732,302.2,311.2,1377,43.0,91,9.0,6200.561420390174,False,False,True,0
3733,302.2,311.2,1347,49.8,94,9.0,7024.664005279848,False,False,True,0
3734,302.2,311.1,1470,39.6,97,8.900000000000034,6095.946385025634,False,True,False,0
3735,302.2,311.2,1873,24.0,99,9.0,4707.362432138946,False,False,True,0
3736,302.2,311.1,1434,58.6,102,8.900000000000034,8799.852350117299,False,False,True,0
3737,302.2,311.1,1628,30.6,105,8.900000000000034,5216.803096845067,True,False,False,0
3738,302.2,311.1,1351,48.6,110,8.900000000000034,6875.752513499693,False,True,False,0
3739,302.3,311.2,1454,43.8,112,8.899999999999977,6669.098548746556,False,False,True,0
3740,302.2,311.2,1663,29.6,115,9.0,5154.809001814228,False,False,True,0
3741,302.3,311.2,1401,49.7,118,8.899999999999977,7291.605133055374,False,True,False,0
3742,302.4,311.3,1503,38.2,120,8.900000000000034,6012.4428522932185,False,True,False,0
3743,302.4,311.4,1564,35.0,122,9.0,5732.359395250176,False,True,False,0
3744,302.5,311.4,1759,24.6,124,8.899999999999977,4531.370411684846,False,True,False,0
3745,302.5,311.4,1409,53.1,126,8.899999999999977,7834.912166567194,False,True,False,0
3746,302.6,311.4,1738,25.8,128,8.799999999999955,4695.675707467592,False,True,False,0
3747,302.5,311.3,1393,47.5,130,8.800000000000011,6929.044396880087,True,False,False,0
3748,302.5,311.1,1499,38.8,135,8.600000000000023,6090.626621465555,False,True,False,0
3749,302.5,311.1,1493,39.0,137,8.600000000000023,6097.517181352429,False,True,False,0
3750,302.4,311.1,1652,33.9,139,8.700000000000045,5864.599502015281,False,True,False,0
3751,302.3,311.1,1589,29.9,141,8.800000000000011,4975.350757465667,False,True,False,0
3752,302.4,311.1,1520,42.2,143,8.700000000000045,6717.143972395457,False,True,False,0
3753,302.3,311.1,1455,40.3,145,8.800000000000011,6140.399921073929,True,False,False,0
3754,302.2,311.0,1463,46.8,150,8.800000000000011,7169.994081434912,False,True,False,0
3755,302.3,311.0,1442,43.7,152,8.699999999999989,6598.957256767409,False,True,False,0
3756,302.3,311.0,1329,51.5,154,8.699999999999989,7167.386559532433,False,True,False,0
3757,302.3,311.1,1546,33.1,156,8.800000000000011,5358.782140836302,False,True,False,0
3758,302.2,311.1,1516,33.7,158,8.900000000000034,5350.048513259322,False,False,True,0
3759,302.2,311.0,1476,47.4,161,8.800000000000011,7326.445395583683,False,False,True,0
3760,302.3,311.0,1412,47.0,164,8.699999999999989,6949.621828761101,False,True,False,0
3761,302.3,310.9,1377,46.8,166,8.599999999999966,6748.518011029306,False,True,False,1
3762,302.4,311.0,1490,37.1,168,8.600000000000023,5788.803343259672,False,False,True,0
3763,302.3,311.0,1526,37.7,171,8.699999999999989,6024.548455985051,False,False,True,0
3764,302.3,311.0,1428,47.9,174,8.699999999999989,7162.956913890871,False,True,False,0
3765,302.4,311.0,1329,54.6,176,8.600000000000023,7598.82147864992,False,True,False,0
3766,302.4,311.1,1443,51.8,178,8.700000000000045,7827.529423831255,False,False,True,0
3767,302.3,311.1,1373,53.0,181,8.800000000000011,7620.351860302521,False,True,False,0
3768,302.3,311.1,1630,35.6,183,8.800000000000011,6076.677950083616,False,True,False,0
3769,302.2,311.0,1555,34.2,185,8.800000000000011,5569.101297018627,False,True,False,0
3770,302.2,311.0,1436,47.0,187,8.800000000000011,7067.745712536077,False,False,True,0
3771,302.3,311.0,1609,31.0,190,8.699999999999989,5223.316665613509,False,True,False,0
3772,302.3,311.0,1384,49.7,192,8.699999999999989,7203.127411954773,False,False,True,0
3773,302.4,311.1,1448,44.8,195,8.700000000000045,6793.212402514377,False,True,False,0
3774,302.4,311.1,1887,22.4,197,8.700000000000045,4426.378385201874,False,False,True,0
3775,302.4,311.1,1480,45.7,200,8.700000000000045,7082.825357273308,False,False,True,0
3776,302.5,311.1,1850,23.3,203,8.600000000000023,4513.945044432934,True,False,False,0
3777,302.5,311.1,1538,36.8,208,8.600000000000023,5926.9705881645505,False,True,False,0
3778,302.4,311.1,1721,30.1,210,8.700000000000045,5424.703226684128,False,False,True,0
3779,302.4,311.1,1366,54.4,0,8.700000000000045,7781.766890843965,False,False,True,0
3780,302.3,311.0,1657,31.1,3,8.699999999999989,5396.491724654891,False,True,False,0
3781,302.4,311.1,1446,42.9,5,8.700000000000045,6496.122457239902,False,True,False,0
3782,302.3,310.8,1465,43.8,7,8.5,6719.552526763207,False,True,False,0
3783,302.2,310.8,1827,23.8,9,8.600000000000023,4553.487223966117,False,True,False,0
3784,302.2,310.8,1397,47.6,11,8.600000000000023,6963.570500143039,True,False,False,0
3785,302.2,310.8,1744,29.7,16,8.600000000000023,5424.148211981992,False,True,False,0
3786,302.3,310.9,1545,36.7,18,8.599999999999966,5937.767194917389,False,True,False,0
3787,302.3,310.9,1587,36.6,20,8.599999999999966,6082.563200321342,False,True,False,0
3788,302.3,310.8,1377,47.3,22,8.5,6820.617562429192,False,True,False,1
3789,302.3,310.8,1511,48.1,24,8.5,7610.937554317265,False,True,False,0
3790,302.3,310.8,1650,32.4,26,8.5,5598.318108697011,False,True,False,0
3791,302.3,310.9,1412,48.9,28,8.599999999999966,7230.563987796124,False,True,False,0
3792,302.3,311.0,1528,43.1,30,8.699999999999989,6896.50796896441,False,True,False,0
3793,302.3,310.9,1459,35.0,32,8.599999999999966,5347.514295185426,False,True,False,0
3794,302.3,310.9,1379,49.3,34,8.599999999999966,7119.341135883533,False,True,False,1
3795,302.2,310.8,1356,48.3,36,8.600000000000023,6858.599417611092,False,False,True,0
3796,302.1,310.8,1409,41.3,39,8.699999999999989,6093.820573996705,False,False,True,0
3797,302.1,310.8,1504,37.5,42,8.699999999999989,5906.194188748811,False,False,True,0
3798,302.1,310.8,1622,36.8,45,8.699999999999989,6250.680295190444,False,True,False,0
3799,302.1,310.8,1786,25.7,47,8.699999999999989,4806.657703943407,False,True,False,0
3800,302.2,310.9,1506,34.0,49,8.699999999999989,5362.070341147059,False,True,False,0
3801,302.1,310.9,1916,23.1,51,8.799999999999955,4634.854473694094,False,False,True,0
3802,302.2,310.9,1771,27.6,54,8.699999999999989,5118.659742346922,False,False,True,0
3803,302.2,310.9,1488,44.2,57,8.699999999999989,6887.376406317975,False,False,True,0
3804,302.2,310.9,1531,37.5,60,8.699999999999989,6012.222940807466,False,True,False,0
3805,302.3,310.9,1529,33.4,62,8.599999999999966,5347.891286303857,False,True,False,0
3806,302.4,311.0,1580,36.5,64,8.600000000000023,6039.188277750779,False,False,True,0
3807,302.3,310.9,1360,44.0,67,8.599999999999966,6266.430146360441,False,False,True,1
3808,302.3,311.0,1546,35.5,70,8.699999999999989,5747.334320232287,False,False,True,0
3809,302.3,310.9,1762,24.5,73,8.599999999999966,4520.647108760592,False,False,True,0
3810,302.2,310.8,1350,56.6,76,8.600000000000023,8001.636488693202,False,True,False,0
3811,302.2,310.8,1562,38.1,78,8.600000000000023,6232.103010632216,False,False,True,0
3812,302.1,310.7,1608,30.3,81,8.599999999999966,5102.1977968421115,False,False,True,0
3813,302.0,310.6,1392,50.0,84,8.600000000000023,7288.49495632832,False,True,False,0
3814,302.0,310.6,1467,44.9,86,8.600000000000023,6897.712246148286,False,True,False,0
3815,302.1,310.6,1326,59.1,88,8.5,8206.53116156033,False,False,True,1
3816,302.2,310.7,1769,24.9,91,8.5,4612.706245486285,False,True,False,0
3817,302.1,310.6,1459,47.6,93,8.5,7272.619441452181,False,True,False,0
3818,302.1,310.6,1421,52.0,95,8.5,7737.9521453019,False,False,True,0
3819,302.1,310.7,1491,42.8,98,8.599999999999966,6682.670229010064,False,True,False,0
3820,302.2,310.7,1567,36.4,100,8.5,5973.089168319249,False,True,False,0
3821,302.3,310.8,1421,41.4,102,8.5,6160.600361836512,False,True,False,0
3822,302.3,310.9,1596,33.5,104,8.599999999999966,5598.946427227729,False,True,False,0
3823,302.4,311.0,1464,44.2,106,8.600000000000023,6776.28969008704,False,False,True,0
3824,302.3,310.9,1581,36.1,109,8.599999999999966,5976.7857756749745,False,False,True,0
3825,302.3,310.9,1620,30.3,112,8.599999999999966,5140.273899803619,False,True,False,0
3826,302.2,310.7,1413,48.9,114,8.5,7235.684783821475,True,False,False,0
3827,302.3,310.8,1438,43.8,119,8.5,6595.710944358698,True,False,False,0
3828,302.4,310.9,1469,41.6,124,8.5,6399.466123264457,False,False,True,0
3829,302.3,310.8,1762,27.8,127,8.5,5129.550596879366,False,False,True,0
3830,302.3,310.9,1366,48.4,130,8.599999999999966,6923.483777883233,True,False,False,1
3831,302.3,310.9,1891,22.7,135,8.599999999999966,4495.168792339979,False,True,False,0
3832,302.3,310.9,1742,29.7,137,8.599999999999966,5417.927858527885,False,False,True,0
3833,302.2,310.9,1465,43.5,140,8.699999999999989,6673.528194388117,False,False,True,0
3834,302.3,311.0,1541,36.6,143,8.699999999999989,5906.257020601884,False,False,True,0
3835,302.3,311.1,1295,57.1,146,8.800000000000011,7743.449932445682,False,False,True,0
3836,302.3,311.1,1435,43.1,149,8.800000000000011,6476.7597745182775,False,False,True,0
3837,302.4,311.2,1466,43.9,152,8.800000000000011,6739.491168137992,False,True,False,0
3838,302.4,311.2,1450,47.9,154,8.800000000000011,7273.310591835969,False,True,False,0
3839,302.4,311.1,1880,24.5,156,8.700000000000045,4823.3919208115285,False,True,False,0
3840,302.3,311.0,1578,33.5,158,8.699999999999989,5535.800414890574,False,False,True,0
3841,302.4,311.0,1610,33.1,161,8.600000000000023,5580.620470081789,False,True,False,0
3842,302.4,311.1,1565,42.8,163,8.700000000000045,7014.33863742505,False,True,False,0
3843,302.5,311.2,1545,40.1,165,8.699999999999989,6487.860068560961,False,True,False,0
3844,302.5,311.2,1227,60.1,167,8.699999999999989,7722.317485862534,False,True,False,0
3845,302.4,311.1,1484,45.9,169,8.700000000000045,7133.048951828696,False,True,False,0
3846,302.3,311.0,1591,32.7,171,8.699999999999989,5448.118563928883,False,True,False,0
3847,302.3,310.9,1403,47.2,173,8.599999999999966,6934.709735632062,False,True,False,0
3848,302.3,311.0,1450,45.7,175,8.699999999999989,6939.254573004255,False,False,True,0
3849,302.3,310.9,1720,28.1,178,8.599999999999966,5061.3152044433955,False,True,False,0
3850,302.3,311.0,1561,37.2,180,8.699999999999989,6080.992403994547,False,True,False,0
3851,302.3,311.0,1421,41.3,182,8.699999999999989,6145.719684634008,False,False,True,0
3852,302.2,310.9,1415,48.4,185,8.699999999999989,7171.837149125019,True,False,False,0
3853,302.3,310.9,2034,19.7,190,8.599999999999966,4196.099643693742,False,True,False,0
3854,302.4,311.0,1486,40.4,192,8.600000000000023,6286.787666755702,False,True,False,0
3855,302.4,311.0,1338,67.6,194,8.600000000000023,9471.77618686708,False,True,False,1
3856,302.4,311.1,1578,32.3,196,8.700000000000045,5337.503086595986,True,False,False,0
3857,302.4,311.2,1330,58.6,201,8.800000000000011,8161.648274516043,False,False,True,0
3858,302.4,311.2,1506,40.8,204,8.800000000000011,6434.48440937647,True,False,False,0
3859,302.5,311.4,1559,37.6,209,8.899999999999977,6138.504493506264,False,True,False,0
3860,302.6,311.5,1599,37.0,211,8.899999999999977,6195.534872144431,False,True,False,0
3861,302.6,311.5,1427,38.9,213,8.899999999999977,5813.025022618849,False,True,False,0
3862,302.5,311.5,1481,41.1,215,9.0,6374.197246354082,False,False,True,0
3863,302.5,311.5,1496,43.8,218,9.0,6861.741010264682,True,False,False,0
3864,302.5,311.4,1674,27.0,223,8.899999999999977,4733.123491898382,False,True,False,0
3865,302.5,311.4,1629,31.7,225,8.899999999999977,5407.654850550646,False,False,True,0
3866,302.6,311.5,1629,34.4,228,8.899999999999977,5868.243749493446,True,False,False,1
3867,302.6,311.6,1311,53.2,0,9.0,7303.700264771694,False,True,False,0
3868,302.7,311.6,2709,9.7,2,8.900000000000034,2751.7524212058356,False,False,True,1
3869,302.7,311.7,1759,29.9,5,9.0,5507.641272738898,False,False,True,0
3870,302.7,311.7,1480,45.2,8,9.0,7005.33273848476,False,True,False,0
3871,302.7,311.8,1461,46.1,10,9.100000000000023,7053.095418794837,False,True,False,0
3872,302.7,311.8,1728,30.0,12,9.100000000000023,5428.672105403162,False,False,True,0
3873,302.7,311.9,1389,46.5,15,9.199999999999989,6763.691903546145,False,True,False,0
3874,302.6,311.8,1638,35.1,17,9.199999999999989,6020.736656898695,False,True,False,0
3875,302.6,311.7,1254,54.1,19,9.099999999999966,7104.334794974887,False,True,False,0
3876,302.6,311.8,1427,50.1,21,9.199999999999989,7486.6980368433,False,True,False,0
3877,302.6,311.8,1627,31.8,23,9.199999999999989,5418.053522234029,False,True,False,0
3878,302.6,311.7,1471,48.3,25,9.099999999999966,7440.265297423243,True,False,False,0
3879,302.6,311.7,1773,27.1,30,9.099999999999966,5031.606209915949,False,True,False,0
3880,302.6,311.7,1430,51.7,32,9.099999999999966,7742.0362157515665,False,False,True,0
3881,302.5,311.6,1595,29.5,35,9.100000000000023,4927.326277767791,False,True,False,0
3882,302.5,311.5,1521,44.1,37,9.0,7024.192766381811,False,True,False,0
3883,302.5,311.6,1419,43.7,39,9.100000000000023,6493.703430896639,False,True,False,0
3884,302.4,311.4,1534,40.1,41,9.0,6441.668184577679,False,False,True,0
3885,302.5,311.5,1626,36.0,44,9.0,6129.875585684404,True,False,False,0
3886,302.5,311.5,1677,29.2,49,9.0,5127.958856601547,False,True,False,0
3887,302.4,311.3,1392,50.5,51,8.900000000000034,7361.379905891603,False,True,False,0
3888,302.4,311.2,1448,50.5,53,8.800000000000011,7657.5273733700005,False,True,False,0
3889,302.3,311.2,1903,22.9,55,8.899999999999977,4563.550792433117,False,True,False,0
3890,302.4,311.2,1404,52.0,57,8.800000000000011,7645.37988177612,False,True,False,0
3891,302.3,311.2,1386,53.5,59,8.899999999999977,7765.074561877891,False,True,False,0
3892,302.2,311.1,1418,47.0,61,8.900000000000034,6979.152799704845,False,True,False,0
3893,302.3,311.1,1338,53.3,63,8.800000000000011,7468.131224260584,False,False,True,0
3894,302.3,311.2,1549,40.6,66,8.899999999999977,6585.762567622331,False,True,False,0
3895,302.3,311.2,1432,42.7,68,8.899999999999977,6403.236034448764,False,False,True,0
3896,302.3,311.2,1546,40.0,71,8.899999999999977,6475.86965659976,False,False,True,0
3897,302.2,311.2,1627,33.2,74,9.0,5656.5841804455895,False,False,True,0
3898,302.2,311.1,1640,32.8,77,8.900000000000034,5633.085067396737,False,False,True,0
3899,302.1,311.1,1423,36.8,80,9.0,5483.796584498151,False,False,True,0
3900,302.1,311.0,1711,28.7,83,8.899999999999977,5142.336878979476,False,False,True,0
3901,302.1,311.1,1450,51.6,86,9.0,7835.132078052944,False,False,True,0
3902,302.2,311.1,1553,34.1,89,8.900000000000034,5545.6754877983585,True,False,False,0
3903,302.2,311.1,1630,34.6,94,8.900000000000034,5905.984749238572,False,True,False,0
3904,302.2,311.1,1476,39.6,96,8.900000000000034,6120.827798842065,True,False,False,0
3905,302.2,311.1,1426,50.6,101,8.900000000000034,7556.1167625121225,True,False,False,0
3906,302.2,311.2,1561,34.9,106,9.0,5705.017067188432,False,False,True,0
3907,302.3,311.2,1297,62.5,109,8.899999999999977,8488.84514938742,False,True,False,0
3908,302.3,311.2,1842,23.9,111,8.899999999999977,4610.161555436877,False,False,True,0
3909,302.3,311.2,1633,36.4,114,8.899999999999977,6224.66790801872,False,True,False,0
3910,302.3,311.3,1744,30.3,116,9.0,5533.7269637392055,True,False,False,0
3911,302.4,311.4,1831,26.9,121,9.0,5157.85634668821,False,True,False,0
3912,302.3,311.3,1339,50.8,123,9.0,7123.1634069454,False,False,True,0
3913,302.4,311.4,1475,40.4,126,9.0,6240.250207580525,False,True,False,0
3914,302.4,311.4,1675,29.6,128,9.0,5192.005458832731,False,False,True,0
3915,302.5,311.5,1493,35.1,131,9.0,5487.765463217186,False,True,False,0
3916,302.5,311.5,1700,29.5,133,9.0,5251.695719250937,False,True,False,0
3917,302.6,311.6,1453,37.0,135,9.0,5629.838754988029,False,True,False,0
3918,302.6,311.7,1542,34.1,137,9.099999999999966,5506.395107652974,False,True,False,0
3919,302.5,311.5,1358,52.7,139,9.0,7494.436826746643,False,False,True,0
3920,302.5,311.5,1655,32.3,142,9.0,5597.951589554092,True,False,False,0
3921,302.6,311.5,1885,27.5,147,8.899999999999977,5428.410306015363,False,True,False,0
3922,302.7,311.5,1494,41.4,149,8.800000000000011,6477.084405759148,False,True,False,0
3923,302.6,311.4,1757,29.5,151,8.799999999999955,5427.7819874846455,False,False,True,0
3924,302.6,311.4,1718,31.2,154,8.799999999999955,5613.1464260219545,False,False,True,0
3925,302.5,311.4,1636,35.0,157,8.899999999999977,5996.253178151718,False,False,True,0
3926,302.6,311.6,1638,29.6,160,9.0,5077.31638302568,False,True,False,0
3927,302.6,311.5,1609,36.0,162,8.899999999999977,6065.787095551173,False,True,False,0
3928,302.7,311.5,1556,35.0,164,8.800000000000011,5703.037863816671,True,False,False,0
3929,302.6,311.5,1442,59.8,169,8.899999999999977,9030.152035576451,False,True,False,1
3930,302.7,311.6,1501,38.8,171,8.900000000000034,6098.752874462841,False,False,True,0
3931,302.6,311.6,2041,19.2,174,9.0,4103.673987825131,False,False,True,0
3932,302.7,311.7,1784,25.1,177,9.0,4689.183082650173,False,False,True,0
3933,302.6,311.6,1953,22.4,180,9.0,4581.19607117078,False,True,False,0
3934,302.6,311.6,1576,34.7,182,9.0,5726.830192179858,False,True,False,0
3935,302.6,311.6,1518,39.0,184,9.0,6199.6189425940975,False,False,True,0
3936,302.6,311.6,1227,68.2,187,9.0,8763.095716070298,False,False,True,1
3937,302.5,311.5,1985,18.8,190,9.0,3907.931821555463,False,True,False,0
3938,302.5,311.5,1802,26.4,192,9.0,4981.811966356549,False,True,False,0
3939,302.5,311.5,1603,32.4,194,9.0,5438.8508656007925,False,True,False,0
3940,302.5,311.6,1400,54.0,196,9.100000000000023,7916.813487046278,False,True,False,0
3941,302.3,311.5,1395,54.2,198,9.199999999999989,7917.755964842355,False,True,False,0
3942,302.2,311.4,1987,19.9,200,9.199999999999989,4140.755253113002,False,True,False,0
3943,302.2,311.4,1398,47.2,202,9.199999999999989,6909.995873423822,False,False,True,0
3944,302.3,311.4,1333,66.7,205,9.099999999999966,9310.748619419583,False,True,False,1
3945,302.2,311.2,1381,49.4,207,9.0,7144.1283019203565,False,True,False,0
3946,302.2,311.3,1570,36.1,0,9.100000000000023,5935.201560916957,False,True,False,0
3947,302.2,311.3,1658,31.0,2,9.100000000000023,5382.385973640273,False,False,True,0
3948,302.2,311.3,1749,29.2,5,9.100000000000023,5348.12166976512,True,False,False,0
3949,302.2,311.3,1510,37.1,10,9.100000000000023,5866.50540155846,False,False,True,0
3950,302.3,311.5,1384,50.8,13,9.199999999999989,7362.552767148943,False,True,False,0
3951,302.3,311.4,1570,37.2,15,9.099999999999966,6116.05257800861,False,True,False,0
3952,302.3,311.4,1571,32.7,17,9.099999999999966,5379.631844080626,False,False,True,0
3953,302.3,311.4,1476,37.3,20,9.099999999999966,5765.325174161844,False,True,False,0
3954,302.3,311.4,1484,39.5,22,9.099999999999966,6138.462605604216,False,False,True,0
3955,302.3,311.4,1909,23.2,25,9.099999999999966,4637.912290543587,False,False,True,0
3956,302.3,311.5,1448,49.6,28,9.199999999999989,7521.056588498061,False,True,False,0
3957,302.3,311.4,1500,40.2,30,9.099999999999966,6314.601233715484,False,False,True,0
3958,302.2,311.4,1510,44.9,33,9.199999999999989,7099.894677357813,False,True,False,0
3959,302.2,311.3,1378,55.5,35,9.100000000000023,8008.862151796459,False,True,False,0
3960,302.2,311.4,1538,37.4,37,9.199999999999989,6023.605978188973,False,False,True,0
3961,302.2,311.4,1390,48.1,40,9.199999999999989,7001.4581075453325,False,True,False,0
3962,302.2,311.4,1642,32.1,42,9.199999999999989,5519.589796798051,False,False,True,0
3963,302.4,311.5,1785,24.8,45,9.100000000000023,4635.734119637099,False,True,False,0
3964,302.3,311.5,1526,38.2,47,9.199999999999989,6104.449629141351,True,False,False,0
3965,302.3,311.6,1668,33.2,52,9.300000000000011,5799.128711114471,False,False,True,0
3966,302.3,311.5,1507,37.5,55,9.199999999999989,5917.975161199773,False,True,False,0
3967,302.3,311.5,1530,37.8,57,9.199999999999989,6056.362317590402,False,True,False,0
3968,302.3,311.4,1479,45.6,59,9.099999999999966,7062.551612682143,False,False,True,0
3969,302.3,311.4,1418,41.3,62,9.099999999999966,6132.744906974682,False,False,True,0
3970,302.3,311.4,1504,38.7,65,9.099999999999966,6095.192402788773,False,True,False,0
3971,302.3,311.4,1345,47.6,67,9.099999999999966,6704.368162270857,False,False,True,0
3972,302.2,311.4,1625,35.4,70,9.199999999999989,6024.003913258428,True,False,False,0
3973,302.3,311.4,1511,34.7,75,9.099999999999966,5490.634784507465,False,True,False,0
3974,302.3,311.4,1535,41.8,77,9.099999999999966,6719.1336477427285,False,True,False,0
3975,302.4,311.5,1505,37.9,79,9.100000000000023,5973.162472147833,False,True,False,0
3976,302.4,311.5,1540,43.7,81,9.100000000000023,7047.430080042863,True,False,False,0
3977,302.3,311.4,1372,46.0,86,9.099999999999966,6609.073185111967,True,False,False,0
3978,302.2,311.3,1510,36.6,91,9.100000000000023,5787.441986443117,False,False,True,0
3979,302.2,311.3,1382,46.4,94,9.100000000000023,6715.133353097158,False,True,False,0
3980,302.3,311.3,1439,41.8,96,9.0,6298.914214398558,False,True,False,0
3981,302.2,311.3,1375,47.0,98,9.100000000000023,6767.514174608013,False,False,True,0
3982,302.2,311.3,1931,21.9,101,9.100000000000023,4428.48325227978,False,False,True,0
3983,302.2,311.3,1475,48.6,104,9.100000000000023,7506.835645752811,False,True,False,0
3984,302.2,311.3,1389,46.9,106,9.100000000000023,6821.874199490628,False,True,False,0
3985,302.3,311.3,1652,32.8,108,9.0,5674.302763011836,False,True,False,0
3986,302.3,311.2,1386,50.3,110,8.899999999999977,7300.621503971177,False,True,False,0
3987,302.2,311.3,1577,29.8,112,9.100000000000023,4921.263003946363,False,False,True,0
3988,302.3,311.3,1444,43.1,115,9.0,6517.380567529193,False,False,True,0
3989,302.2,311.3,1554,40.2,118,9.100000000000023,6541.926878129241,False,True,False,0
3990,302.2,311.3,1602,32.8,120,9.100000000000023,5502.562364615594,False,True,False,0
3991,302.2,311.2,1692,28.2,122,9.0,4996.640283681494,True,False,False,0
3992,302.3,311.3,1682,34.4,127,9.0,6059.16880702761,False,True,False,0
3993,302.3,311.3,1614,34.1,129,9.0,5763.5030504227625,False,True,False,0
3994,302.3,311.3,1324,47.8,131,9.0,6627.420086208931,False,True,False,0
3995,302.3,311.4,1434,40.3,133,9.099999999999966,6051.775592316161,False,True,False,0
3996,302.3,311.3,1621,31.6,135,9.0,5364.122848347404,False,True,False,0
3997,302.3,311.3,1625,33.1,137,9.0,5632.6138284987,False,False,True,0
3998,302.2,311.1,1394,53.7,140,8.900000000000034,7839.0904847964675,False,True,False,0
3999,302.1,311.0,1586,35.1,142,8.899999999999977,5829.602159854292,False,True,False,0
4000,302.0,311.0,1420,45.9,144,9.0,6825.424199189184,False,True,False,0
4001,302.1,311.2,1422,50.3,146,9.099999999999966,7490.248036541855,False,True,False,0
4002,302.1,311.2,1598,37.9,148,9.099999999999966,6342.268193018098,True,False,False,0
4003,302.1,311.2,1454,59.2,153,9.099999999999966,9013.94141748393,False,True,False,1
4004,302.1,311.2,1519,39.3,155,9.099999999999966,6251.423805451793,False,True,False,0
4005,302.0,311.1,1373,55.7,157,9.100000000000023,8008.558464506613,False,True,False,0
4006,302.0,311.1,1406,48.8,159,9.100000000000023,7185.115614074192,False,False,True,0
4007,302.1,311.2,1492,45.0,162,9.099999999999966,7030.884358733957,False,True,False,0
4008,302.1,311.2,1369,50.8,164,9.099999999999966,7282.756313747762,False,True,False,0
4009,302.2,311.2,1471,41.9,166,9.0,6454.391634824718,False,False,True,0
4010,302.2,311.2,1630,36.0,169,9.0,6144.955230421635,False,True,False,0
4011,302.1,311.1,1605,37.6,171,9.0,6319.627781961228,False,False,True,0
4012,302.2,311.1,1447,52.1,174,8.900000000000034,7894.686202789494,False,True,False,0
4013,302.2,311.2,1360,52.8,176,9.0,7519.716175632529,False,False,True,0
4014,302.2,311.1,1728,34.0,179,8.900000000000034,6152.49505279025,False,False,True,0
4015,302.1,311.0,1740,30.8,182,8.899999999999977,5612.141116372806,False,True,False,0
4016,302.1,310.9,1477,41.4,184,8.799999999999955,6403.382642105931,False,True,False,0
4017,302.1,310.9,1658,30.3,186,8.799999999999955,5260.8482258483955,False,True,False,0
4018,302.0,310.8,1902,23.4,188,8.800000000000011,4660.741197159673,False,True,False,0
4019,302.0,310.8,1783,23.1,190,8.800000000000011,4313.123970039963,False,False,True,0
4020,302.0,310.9,1558,45.3,193,8.899999999999977,7390.848044982275,False,False,True,0
4021,302.1,311.0,1351,49.5,196,8.899999999999977,7003.081263749687,False,True,False,0
4022,302.1,310.9,1452,42.5,198,8.799999999999955,6462.256088434204,True,False,False,0
4023,302.1,310.9,1666,30.7,203,8.799999999999955,5356.017539301142,False,True,False,0
4024,302.1,311.0,1364,50.0,205,8.899999999999977,7141.887299160796,False,True,False,0
4025,302.1,311.0,1351,60.3,207,8.899999999999977,8531.026266749619,False,False,True,1
4026,302.1,311.0,1729,26.1,210,8.899999999999977,4725.677917309375,True,False,False,0
4027,302.1,311.0,1574,34.1,215,8.899999999999977,5620.665304439547,False,False,True,0
4028,302.0,311.0,1566,37.8,218,9.0,6198.864960357236,False,True,False,0
4029,302.0,310.9,1455,43.2,220,8.899999999999977,6582.264927801335,False,True,False,0
4030,302.0,310.9,1679,29.0,222,8.899999999999977,5098.909596531354,True,False,False,0
4031,302.0,310.8,2143,17.3,227,8.800000000000011,3882.369729330754,False,True,False,0
4032,302.0,310.8,1447,42.7,229,8.800000000000011,6470.309037602906,False,True,False,0
4033,302.0,310.8,1383,50.3,231,8.800000000000011,7284.819292923619,False,True,False,1
4034,302.1,310.8,1772,27.1,233,8.699999999999989,5028.768304552206,False,True,False,0
4035,302.0,310.8,1615,29.0,235,8.800000000000011,4904.549731029265,False,True,False,1
4036,302.0,310.8,1454,36.6,0,8.800000000000011,5572.808376349863,False,True,False,0
4037,302.0,310.8,1445,49.1,2,8.800000000000011,7429.814265862301,False,True,False,0
4038,302.0,310.8,1609,35.2,4,8.800000000000011,5930.9918267611465,False,False,True,0
4039,302.0,310.9,1546,34.4,7,8.899999999999977,5569.247904675793,False,True,False,0
4040,301.9,310.8,1567,39.3,9,8.900000000000034,6448.967151509519,False,True,False,0
4041,302.0,310.8,1767,27.4,11,8.800000000000011,5070.090719922423,False,True,False,0
4042,302.0,310.9,1539,34.2,13,8.899999999999977,5511.798647017148,False,True,False,0
4043,302.0,310.9,1564,39.0,15,8.899999999999977,6387.486183278767,False,True,False,0
4044,302.0,310.8,1445,46.3,17,8.800000000000011,7006.118136648157,False,False,True,0
4045,301.9,310.9,1419,47.7,20,9.0,7088.0927609558275,False,False,True,1
4046,301.8,310.9,1881,20.9,23,9.099999999999966,4116.837261043672,False,False,True,0
4047,301.9,310.9,1421,46.2,26,9.0,6874.872867556687,False,False,True,0
4048,301.9,311.0,1455,46.0,29,9.100000000000023,7008.893210158828,False,True,False,0
4049,301.9,311.0,2691,12.1,31,9.100000000000023,3409.7904184267536,False,True,False,1
4050,301.8,310.8,1505,41.2,33,9.0,6493.253135949624,False,True,False,0
4051,301.8,310.8,1456,46.6,35,9.0,7105.193496966868,False,True,False,0
4052,301.8,310.8,1383,46.4,37,9.0,6719.992349734711,False,True,False,0
4053,301.9,310.8,1563,39.2,39,8.900000000000034,6416.137508279507,False,False,True,0
4054,301.9,310.9,2305,16.1,42,9.0,3886.202472368134,False,False,True,0
4055,301.9,310.9,1456,43.6,45,9.0,6647.777606604193,False,False,True,0
4056,302.0,311.0,1865,22.7,48,9.0,4433.363192868356,False,True,False,0
4057,301.9,310.9,1597,36.9,50,9.0,6171.061865372966,False,True,False,0
4058,302.0,310.9,1495,38.6,52,8.899999999999977,6043.062908690206,False,True,False,0
4059,302.0,310.9,1456,47.2,54,8.899999999999977,7196.676675039402,False,False,True,0
4060,301.9,310.8,1465,44.3,57,8.900000000000034,6796.259747388358,False,True,False,0
4061,302.0,310.9,1352,55.5,59,8.899999999999977,7857.751545158791,False,False,True,0
4062,301.9,310.8,1906,21.7,62,8.900000000000034,4331.230015700152,False,True,False,0
4063,302.0,310.9,1446,44.0,64,8.899999999999977,6662.689699733233,False,True,False,0
4064,302.0,310.8,1948,19.7,66,8.800000000000011,4018.6834345700154,False,True,False,0
4065,301.9,310.7,1480,47.1,68,8.800000000000011,7299.804689881243,False,True,False,0
4066,301.9,310.7,1511,37.6,70,8.800000000000011,5949.506279466302,False,False,True,0
4067,301.9,310.7,1472,47.0,73,8.800000000000011,7244.931538198542,False,False,True,0
4068,301.9,310.7,1429,51.0,76,8.800000000000011,7631.8710333656845,False,True,False,0
4069,301.9,310.7,1405,48.8,78,8.800000000000011,7180.005290024352,False,True,False,0
4070,301.9,310.7,1405,47.9,80,8.800000000000011,7047.587159675542,False,False,True,0
4071,302.0,310.7,1348,58.1,83,8.699999999999989,8201.52555726561,False,True,False,0
4072,301.9,310.6,1331,68.6,85,8.700000000000045,9561.604792808725,False,True,False,1
4073,301.9,310.6,1610,33.4,87,8.700000000000045,5631.200111804585,False,True,False,0
4074,301.9,310.6,1412,46.5,89,8.700000000000045,6875.689681646621,False,False,True,0
4075,302.0,310.7,1453,42.7,92,8.699999999999989,6497.138238864563,False,True,False,0
4076,302.0,310.6,1583,38.9,94,8.600000000000023,6448.506384586993,False,True,False,0
4077,302.0,310.6,1539,37.4,96,8.600000000000023,6027.522497030449,False,False,True,0
4078,302.0,310.5,1635,39.8,99,8.5,6814.4286249016195,False,True,False,0
4079,302.1,310.7,1294,62.4,101,8.599999999999966,8455.659458989998,True,False,False,1
4080,302.0,310.5,1978,22.0,106,8.5,4556.984863787115,False,True,False,0
4081,302.0,310.4,1357,58.0,108,8.399999999999977,8242.073046447942,False,True,False,1
4082,302.0,310.4,1336,58.2,110,8.399999999999977,8142.505503280168,False,True,False,1
4083,302.0,310.4,1568,39.2,112,8.399999999999977,6436.66258028296,False,True,False,0
4084,302.0,310.4,1567,36.4,114,8.399999999999977,5973.089168319249,False,False,True,0
4085,302.0,310.4,1611,35.6,117,8.399999999999977,6005.84550772068,False,True,False,0
4086,302.0,310.5,1841,23.6,119,8.5,4549.82203253693,True,False,False,0
4087,302.0,310.5,1567,36.1,124,8.5,5923.8604114374975,False,True,False,0
4088,301.9,310.4,1376,54.9,126,8.5,7910.7816291513855,False,True,False,1
4089,301.9,310.5,1477,42.4,128,8.600000000000023,6558.053720417668,False,True,False,0
4090,301.9,310.5,1590,40.3,130,8.600000000000023,6710.127748802438,False,False,True,0
4091,302.0,310.5,2197,15.8,133,8.5,3635.0949715667016,False,True,False,0
4092,302.0,310.4,1595,32.9,135,8.399999999999977,5495.221509781706,False,False,True,0
4093,302.0,310.5,1812,24.4,138,8.5,4629.953589154493,True,False,False,0
4094,302.0,310.5,1573,32.1,143,8.5,5287.646011183517,False,False,True,0
4095,302.0,310.5,1651,30.9,146,8.5,5342.37255520905,False,True,False,0
4096,302.0,310.5,1459,43.2,148,8.5,6600.360501486011,True,False,False,0
4097,301.9,310.4,1370,51.7,153,8.5,7417.195535370382,False,True,False,1
4098,301.9,310.4,1518,34.1,155,8.5,5420.692460063045,False,True,False,0
4099,302.0,310.3,1648,29.6,157,8.300000000000011,5108.3134305410995,False,True,False,0
4100,302.0,310.4,1464,47.2,159,8.399999999999977,7236.218854572586,False,True,False,0
4101,302.0,310.4,1895,23.2,161,8.399999999999977,4603.8993140807215,False,True,False,0
4102,301.9,310.4,1884,23.4,163,8.5,4616.6332363032725,False,True,False,0
4103,302.0,310.4,1450,46.6,165,8.399999999999977,7075.913853435411,False,True,False,0
4104,302.0,310.4,1448,43.4,167,8.399999999999977,6580.924514935802,False,True,False,0
4105,302.1,310.5,1389,49.6,169,8.399999999999977,7214.6046971158885,False,True,False,0
4106,302.0,310.6,1583,35.2,171,8.600000000000023,5835.152306875634,False,True,False,0
4107,301.9,310.5,1425,51.1,173,8.600000000000023,7625.430768425825,False,True,False,0
4108,302.0,310.5,1809,27.1,175,8.5,5133.770803010689,False,True,False,0
4109,301.9,310.5,1892,21.8,177,8.600000000000023,4319.229131763439,False,True,False,0
4110,301.9,310.6,1475,47.8,179,8.700000000000045,7383.266334711612,False,False,True,0
4111,302.0,310.6,1361,46.7,182,8.600000000000023,6655.85149972392,False,True,False,0
4112,302.0,310.6,1563,41.0,184,8.600000000000023,6710.756067333156,False,False,True,0
4113,301.9,310.5,1472,39.7,187,8.600000000000023,6119.654937584725,True,False,False,0
4114,302.0,310.6,1325,55.3,192,8.600000000000023,7673.078257005271,False,True,False,0
4115,302.0,310.6,1358,53.1,194,8.600000000000023,7551.320597727642,False,True,False,0
4116,302.0,310.6,1346,54.7,196,8.600000000000023,7710.117634391094,True,False,False,0
4117,302.0,310.5,1381,58.4,201,8.5,8445.690138302607,False,False,True,0
4118,301.9,310.5,1340,55.7,204,8.600000000000023,7816.073082621166,False,True,False,1
4119,302.0,310.6,1366,47.7,206,8.600000000000023,6823.350748037816,False,True,False,0
4120,302.1,310.7,1325,45.1,208,8.599999999999966,6257.790766563068,False,True,False,1
4121,302.1,310.7,1376,46.3,210,8.599999999999966,6671.56993496738,False,False,True,1
4122,302.1,310.7,1364,47.8,213,8.599999999999966,6827.644257997721,False,False,True,1
4123,302.2,310.6,1462,43.6,0,8.400000000000034,6675.172294543497,False,True,False,0
4124,302.1,310.6,1517,38.9,2,8.5,6179.648885292778,False,False,True,0
4125,302.1,310.6,1385,53.6,5,8.5,7773.975741063063,False,True,False,0
4126,302.1,310.6,1439,40.0,7,8.5,6027.669104687616,False,True,False,0
4127,302.0,310.6,1623,34.3,9,8.600000000000023,5829.6335757808265,False,False,True,0
4128,302.0,310.6,1438,43.2,12,8.600000000000023,6505.358739641457,True,False,False,0
4129,301.9,310.4,1708,24.8,17,8.5,4435.761275260596,False,True,False,0
4130,301.8,310.3,1666,32.7,19,8.5,5704.943763359849,False,False,True,0
4131,301.9,310.4,1286,62.8,22,8.5,8457.25119926782,False,True,False,1
4132,301.9,310.3,1485,46.3,24,8.400000000000034,7200.059123129767,False,True,False,0
4133,301.8,310.3,1409,52.5,26,8.5,7746.382085589032,False,False,True,0
4134,301.8,310.3,1765,27.3,29,8.5,5045.869040563246,False,True,False,0
4135,301.8,310.3,1688,28.8,31,8.5,5090.888063289188,False,True,False,0
4136,301.7,310.3,1787,26.7,33,8.600000000000023,4996.4832040488145,False,False,True,0
4137,301.7,310.1,1487,48.0,36,8.400000000000034,7474.4772414208355,False,True,False,0
4138,301.7,310.1,1384,50.5,38,8.400000000000034,7319.0731248232605,False,True,False,0
4139,301.7,310.2,1311,57.4,40,8.5,7880.3081804115645,False,True,False,1
4140,301.7,310.2,1620,30.8,42,8.5,5225.096901450544,True,False,False,0
4141,301.7,310.2,1331,61.2,47,8.5,8530.178036733148,False,True,False,1
4142,301.7,310.1,1462,38.3,49,8.400000000000034,5863.740800023301,True,False,False,0
4143,301.7,310.1,1424,50.2,54,8.400000000000034,7485.8707507778545,False,True,False,0
4144,301.7,310.1,1500,39.6,56,8.400000000000034,6220.35345410779,False,True,False,0
4145,301.8,310.1,1738,28.0,58,8.300000000000011,5096.082163143123,False,True,False,0
4146,301.8,310.3,1465,46.5,60,8.5,7133.771518139022,False,False,True,0
4147,301.8,310.3,1482,41.4,63,8.5,6425.0596314157,False,True,False,0
4148,301.9,310.3,1398,44.0,65,8.400000000000034,6441.5215769205115,False,True,False,0
4149,301.9,310.3,1972,21.3,67,8.400000000000034,4398.606706144141,False,True,False,0
4150,301.9,310.4,1603,37.6,69,8.5,6311.75285637623,False,True,False,0
4151,301.9,310.4,1610,34.8,71,8.5,5867.238439844296,False,True,False,0
4152,301.9,310.4,1373,48.0,73,8.5,6901.450741406057,False,False,True,1
4153,302.0,310.5,1425,44.7,76,8.5,6670.386601734529,False,False,True,0
4154,302.0,310.4,1212,55.6,79,8.399999999999977,7056.771082199536,False,False,True,1
4155,302.0,310.4,1828,26.3,82,8.399999999999977,5034.5488350348105,False,False,True,0
4156,302.0,310.5,1370,44.4,85,8.5,6369.893264418664,False,True,False,1
4157,302.0,310.5,1823,25.1,87,8.5,4791.693250936808,False,False,True,0
4158,302.0,310.5,1263,60.6,90,8.5,8015.019673397495,False,True,False,1
4159,301.9,310.4,1889,21.5,92,8.5,4253.0357745523015,False,True,False,0
4160,302.0,310.5,1639,32.9,94,8.5,5646.813827292925,False,False,True,0
4161,302.0,310.4,1608,33.1,97,8.399999999999977,5573.688022292868,False,False,True,0
4162,301.9,310.3,1653,32.4,100,8.400000000000034,5608.496868894642,True,False,False,0
4163,302.0,310.4,1591,29.8,105,8.399999999999977,4964.952085782285,False,True,False,0
4164,302.1,310.5,1696,30.9,107,8.399999999999977,5487.9853747029365,False,True,False,0
4165,302.2,310.6,1346,47.5,109,8.400000000000034,6695.257543575447,False,True,False,1
4166,302.2,310.5,1507,40.4,111,8.300000000000011,6375.631906999221,False,False,True,0
4167,302.3,310.6,1525,48.7,114,8.300000000000011,7777.274413349332,True,False,False,0
4168,302.3,310.7,1559,33.9,119,8.399999999999977,5534.44953004953,False,False,True,0
4169,302.2,310.6,1632,30.5,122,8.400000000000034,5212.530530836185,False,True,False,0
4170,302.1,310.5,1559,36.0,124,8.399999999999977,5877.291536335784,False,True,False,0
4171,302.2,310.6,1355,51.5,126,8.400000000000034,7307.606311637657,False,False,True,1
4172,302.2,310.5,1832,23.7,129,8.300000000000011,4546.764215687435,False,False,True,0
4173,302.2,310.6,1386,50.0,132,8.400000000000034,7257.079029792421,False,True,False,0
4174,302.2,310.6,1346,49.2,134,8.400000000000034,6934.877287240252,False,False,True,1
4175,302.3,310.7,1499,37.8,137,8.399999999999977,5933.651708541185,False,True,False,0
4176,302.3,310.7,1612,33.4,139,8.399999999999977,5638.195391446577,False,True,False,0
4177,302.3,310.7,1544,39.7,141,8.399999999999977,6418.985885618761,False,False,True,0
4178,302.5,310.9,1477,39.2,144,8.399999999999977,6063.106269820109,False,True,False,0
4179,302.5,310.9,1624,34.4,146,8.399999999999977,5850.231951612865,False,True,False,0
4180,302.4,310.9,1349,46.1,148,8.5,6512.40637916101,False,True,False,1
4181,302.4,310.8,1686,28.8,150,8.400000000000034,5084.856205394296,False,True,False,0
4182,302.4,310.7,1521,40.4,152,8.300000000000011,6434.861400494901,False,False,True,0
4183,302.4,310.7,1362,54.8,155,8.300000000000011,7816.031194719117,False,True,False,1
4184,302.3,310.7,1402,50.9,157,8.399999999999977,7472.990220898137,False,True,False,0
4185,302.2,310.6,1334,53.2,159,8.400000000000034,7431.83535713611,False,True,False,1
4186,302.2,310.6,1348,48.4,161,8.400000000000034,6832.251927222986,False,True,False,1
4187,302.2,310.6,1570,34.6,163,8.400000000000034,5688.586537610157,False,False,True,0
4188,302.2,310.7,1601,33.0,166,8.5,5532.658822236985,False,False,True,0
4189,302.3,310.8,1611,31.8,169,8.5,5364.772110829146,False,False,True,0
4190,302.4,310.9,1560,31.8,172,8.5,5194.937611976082,False,True,False,0
4191,302.4,310.9,1444,40.7,174,8.5,6154.463784186501,True,False,False,0
4192,302.4,311.0,1317,59.4,179,8.600000000000023,8192.205499059959,False,True,False,0
4193,302.5,311.0,1463,43.1,181,8.5,6603.135574996682,False,False,True,0
4194,302.4,311.1,1634,34.2,184,8.700000000000045,5852.033131400923,False,True,False,0
4195,302.4,311.0,1423,46.2,186,8.600000000000023,6884.548972929745,False,True,False,0
4196,302.5,311.0,1548,38.4,188,8.5,6224.877347528959,False,True,False,0
4197,302.5,311.0,1563,35.6,190,8.5,5826.900390172204,False,False,True,0
4198,302.4,311.0,1573,36.5,193,8.600000000000023,6012.432380317706,False,True,False,0
4199,302.4,311.1,1432,44.5,195,8.700000000000045,6673.161675245199,False,False,True,0
4200,302.5,311.1,1638,32.0,198,8.600000000000023,5488.990684352087,False,False,True,0
4201,302.5,311.1,1571,34.2,201,8.600000000000023,5626.403947020104,False,True,False,0
4202,302.4,311.0,2211,15.4,203,8.600000000000023,3565.6448299713434,False,True,False,0
4203,302.4,311.0,1555,40.6,205,8.600000000000023,6611.27229996948,False,True,False,0
4204,302.3,310.9,1558,31.9,207,8.599999999999966,5204.592773398114,False,False,True,0
4205,302.3,310.9,1523,43.2,210,8.599999999999966,6889.889680440848,False,False,True,0
4206,302.3,310.8,1723,26.3,213,8.5,4745.3652312718705,False,True,False,0
4207,302.3,310.8,1721,28.4,215,8.5,5118.324639130538,False,False,True,0
4208,302.3,310.9,1710,30.4,218,8.599999999999966,5443.751750140394,False,False,True,1
4209,302.3,310.9,1627,32.3,0,8.599999999999966,5503.243043023872,False,False,True,0
4210,302.2,310.8,1422,47.0,3,8.600000000000023,6998.840113667341,False,False,True,0
4211,302.1,310.8,1565,35.3,6,8.699999999999989,5785.190511708043,False,True,False,0
4212,302.1,310.7,1314,52.8,8,8.599999999999966,7265.372834397898,False,True,False,1
4213,302.0,310.6,1392,60.5,10,8.600000000000023,8819.078897157267,False,False,True,0
4214,302.1,310.7,1465,40.7,13,8.599999999999966,6243.967758887274,False,True,False,0
4215,301.9,310.6,1573,36.6,15,8.700000000000045,6028.904797798028,False,True,False,0
4216,302.0,310.7,2157,17.8,17,8.699999999999989,4020.673109917289,False,False,True,0
4217,301.9,310.7,1370,50.3,20,8.800000000000011,7216.343045050874,False,True,False,0
4218,301.9,310.6,1462,38.8,22,8.700000000000045,5940.290941015772,False,True,False,0
4219,302.0,310.6,1479,40.5,24,8.600000000000023,6272.66097179006,False,False,True,0
4220,301.9,310.7,1717,26.8,27,8.800000000000011,4818.742363684216,False,True,False,0
4221,301.9,310.6,1260,65.9,29,8.700000000000045,8695.300146605829,False,False,True,0
4222,301.9,310.6,1467,39.3,32,8.700000000000045,6037.418513889256,False,True,False,0
4223,302.0,310.6,1535,38.6,34,8.600000000000023,6204.750210594961,False,False,True,0
4224,302.0,310.7,1657,31.9,37,8.699999999999989,5535.3082320415115,False,True,False,0
4225,302.0,310.7,1698,28.1,39,8.699999999999989,4996.577451828422,False,True,False,0
4226,302.1,310.7,1359,49.3,41,8.599999999999966,7016.087457335549,False,True,False,1
4227,302.1,310.8,1596,37.1,43,8.699999999999989,6200.624252243247,False,True,False,0
4228,302.2,310.8,1383,46.9,45,8.600000000000023,6792.406060399955,False,True,False,0
4229,302.2,310.8,2203,16.6,47,8.600000000000023,3829.580500774934,False,True,False,0
4230,302.2,310.8,1408,46.8,49,8.600000000000023,6900.445431756908,False,False,True,0
4231,302.2,310.8,1673,32.9,52,8.600000000000023,5763.953345369777,False,True,False,0
4232,302.2,310.8,1340,47.8,54,8.600000000000023,6707.5097549244465,False,True,False,0
4233,302.2,310.9,1452,42.3,56,8.699999999999989,6431.8454715474545,False,True,False,0
4234,302.2,310.9,1302,53.4,58,8.699999999999989,7280.829470253561,False,False,True,0
4235,302.2,310.9,1522,35.9,61,8.699999999999989,5721.866475787186,True,False,False,0
4236,302.2,310.8,1438,41.4,66,8.600000000000023,6234.3021254897285,False,True,False,0
4237,302.2,310.9,1604,40.5,68,8.699999999999989,6802.8047320833375,False,True,False,0
4238,302.2,311.0,1832,23.2,70,8.800000000000011,4450.840919997828,False,True,False,0
4239,302.3,311.0,1521,34.8,72,8.699999999999989,5542.9004142876865,False,False,True,0
4240,302.3,311.0,1446,37.6,75,8.699999999999989,5693.571197953854,False,True,False,0
4241,302.4,311.1,1905,20.9,77,8.700000000000045,4169.364690211693,False,True,False,0
4242,302.4,311.0,1475,47.9,79,8.600000000000023,7398.712498591762,False,True,False,0
4243,302.4,311.0,1462,48.5,81,8.600000000000023,7425.363676269715,False,True,False,0
4244,302.4,310.9,1435,42.3,83,8.5,6356.541495640907,False,False,True,0
4245,302.4,310.9,1469,39.6,86,8.5,6091.799482722896,False,True,False,0
4246,302.6,311.1,1520,43.0,88,8.5,6844.483194620962,False,False,True,0
4247,302.6,311.0,1537,35.5,91,8.399999999999977,5713.876358471555,False,True,False,0
4248,302.6,311.0,1369,60.0,93,8.399999999999977,8601.680685528852,False,True,False,1
4249,302.6,311.0,1506,37.2,95,8.399999999999977,5866.735785019723,False,True,False,0
4250,302.5,310.9,1330,56.9,97,8.399999999999977,7924.876908190492,False,True,False,1
4251,302.6,311.0,1660,38.0,99,8.399999999999977,6605.722152948138,False,True,False,0
4252,302.5,310.9,1356,55.5,101,8.399999999999977,7880.999330795355,True,False,False,1
4253,302.6,311.0,1438,51.0,106,8.399999999999977,7679.937400965608,True,False,False,0
4254,302.6,311.0,1329,48.6,111,8.399999999999977,6763.786151325753,False,False,True,1
4255,302.6,311.0,1284,68.0,114,8.399999999999977,9143.291259007734,False,True,False,1
4256,302.5,311.0,1387,52.1,116,8.5,7567.332248285437,False,False,True,0
4257,302.6,311.0,1591,33.9,119,8.399999999999977,5648.049520403337,False,False,True,0
4258,302.6,311.0,1589,39.0,122,8.399999999999977,6489.5879445204355,False,False,True,0
4259,302.7,311.1,1297,60.7,125,8.400000000000034,8244.366409085063,False,False,True,1
4260,302.7,311.2,1545,35.1,128,8.5,5678.8999602615895,False,True,False,0
4261,302.7,311.1,1418,43.4,130,8.400000000000034,6444.5793937700055,True,False,False,0
4262,302.7,311.1,1730,28.1,135,8.400000000000034,5090.74145563202,False,True,False,0
4263,302.6,311.0,2001,20.7,137,8.399999999999977,4337.565560884891,False,True,False,0
4264,302.6,311.0,1620,36.2,139,8.399999999999977,6141.185319237328,False,True,False,0
4265,302.6,311.0,1542,39.7,141,8.399999999999977,6410.67113706226,False,False,True,0
4266,302.6,311.0,1424,38.0,144,8.399999999999977,5666.595389035029,False,True,False,0
4267,302.7,311.1,1440,39.5,146,8.400000000000034,5956.459671206248,False,True,False,0
4268,302.6,311.0,1520,42.8,148,8.399999999999977,6812.648389064585,False,True,False,0
4269,302.7,311.0,1694,29.8,150,8.300000000000011,5286.378902146569,False,True,False,0
4270,302.6,311.0,1610,39.2,152,8.399999999999977,6609.073185111968,False,True,False,0
4271,302.6,310.9,1331,52.0,154,8.299999999999955,7247.863691341891,False,True,False,1
4272,302.6,310.8,1470,41.2,156,8.199999999999989,6342.247249067075,False,True,False,0
4273,302.5,310.8,1577,36.9,158,8.300000000000011,6093.778686094657,False,True,False,0
4274,302.6,310.8,1486,36.4,160,8.199999999999989,5664.333442324445,False,True,False,0
4275,302.4,310.6,1445,40.3,162,8.200000000000045,6098.197859760706,False,True,False,0
4276,302.4,310.5,1500,36.7,164,8.100000000000023,5764.822519337271,False,False,True,0
4277,302.2,310.4,1456,47.5,167,8.199999999999989,7242.418264075669,False,False,True,0
4278,302.2,310.4,1743,28.1,170,8.199999999999989,5128.995582177232,False,True,False,0
4279,302.0,310.1,1409,50.4,172,8.100000000000023,7436.52680216547,False,True,False,0
4280,302.0,310.1,1361,45.4,174,8.100000000000023,6470.570836990705,False,True,False,1
4281,302.1,310.1,1753,28.9,176,8.0,5305.280817945667,False,True,False,0
4282,302.0,310.0,1832,22.9,178,8.0,4393.286942584062,False,True,False,0
4283,301.9,309.9,1374,48.5,180,8.0,6978.419761419007,False,True,False,1
4284,301.8,309.9,1334,61.0,182,8.099999999999966,8521.465353107194,False,False,True,1
4285,301.8,310.0,1493,40.3,185,8.199999999999989,6300.767754064176,False,True,False,0
4286,301.7,309.9,1317,49.0,187,8.199999999999989,6757.879957137004,False,True,False,1
4287,301.7,309.9,1434,47.9,189,8.199999999999989,7193.053371512261,False,False,True,0
4288,301.7,309.9,1457,39.2,192,8.199999999999989,5981.0059818062955,False,False,True,0
4289,301.7,310.0,1391,50.6,195,8.300000000000011,7370.6580761952055,False,False,True,0
4290,301.8,310.0,1781,23.9,198,8.199999999999989,4457.490624447925,False,False,True,0
4291,301.8,310.0,1642,32.6,201,8.199999999999989,5605.564715751292,False,True,False,0
4292,301.8,310.0,2032,19.0,203,8.199999999999989,4043.0203056598243,False,True,False,0
4293,301.8,310.1,2372,13.9,205,8.300000000000011,3452.6941020992786,False,False,True,1
4294,301.8,310.0,1393,44.9,208,8.199999999999989,6549.770387787704,False,True,False,0
4295,301.7,310.1,1743,27.3,210,8.400000000000034,4982.974355638378,False,False,True,0
4296,301.8,310.2,1457,40.4,213,8.399999999999977,6164.098001657509,False,True,False,0
4297,301.8,310.2,2825,5.8,215,8.399999999999977,1715.8331876356253,False,True,False,1
4298,301.8,310.2,1609,34.2,217,8.399999999999977,5762.497740773614,False,False,True,0
4299,301.8,310.2,1437,42.3,0,8.399999999999977,6365.40078692403,False,False,True,0
4300,301.7,310.1,1402,50.1,3,8.400000000000034,7355.536543555925,False,True,False,0
4301,301.7,310.1,1644,34.6,5,8.400000000000034,5956.710998618535,False,False,True,0
4302,301.7,310.2,1471,51.1,8,8.5,7871.585024810098,False,True,False,0
4303,301.7,310.1,2695,12.6,10,8.400000000000034,3555.968724598287,False,True,False,0
4304,301.7,310.2,1435,48.1,12,8.5,7228.124017501836,False,True,False,0
4305,301.6,310.1,1694,26.3,14,8.5,4665.495474042106,False,True,False,0
4306,301.6,310.1,1687,26.6,16,8.5,4699.215235190637,False,True,False,0
4307,301.6,310.0,1869,22.9,18,8.399999999999977,4482.01599109695,False,True,False,0
4308,301.4,309.9,1259,63.9,20,8.5,8424.714771352139,False,True,False,1
4309,301.4,309.9,1460,47.2,22,8.5,7216.447764805994,True,False,False,0
4310,301.3,309.9,1501,39.5,27,8.599999999999966,6208.781921167068,False,False,True,0
4311,301.4,310.0,1776,25.6,30,8.600000000000023,4761.146498368404,False,True,False,0
4312,301.5,310.1,1468,40.8,32,8.600000000000023,6272.12690103895,False,False,True,0
4313,301.5,310.1,1430,46.5,35,8.600000000000023,6963.340116681776,False,True,False,0
4314,301.4,310.1,1502,46.6,37,8.700000000000045,7329.67076404137,False,True,False,0
4315,301.4,310.1,1623,32.3,39,8.700000000000045,5489.713250662411,True,False,False,0
4316,301.4,310.0,1651,29.8,44,8.600000000000023,5152.191007936237,False,False,True,0
4317,301.5,310.1,1639,33.4,47,8.600000000000023,5732.631666613486,False,True,False,0
4318,301.5,310.0,1417,44.6,49,8.5,6618.100028003282,False,False,True,0
4319,301.5,310.1,1541,42.2,52,8.600000000000023,6809.946619382499,False,True,False,0
4320,301.6,310.2,1411,45.1,54,8.599999999999966,6663.956808770181,False,False,True,0
4321,301.7,310.3,1397,44.6,57,8.600000000000023,6524.690006436545,False,True,False,0
4322,301.7,310.2,1686,28.9,59,8.5,5102.511956107469,False,True,False,0
4323,301.7,310.1,1431,44.0,61,8.400000000000034,6593.574661354258,False,False,True,0
4324,301.8,310.3,1341,50.5,64,8.5,7091.674176580919,False,True,False,1
4325,301.7,310.2,1486,43.0,66,8.5,6691.38291263602,False,True,False,0
4326,301.6,310.2,1384,57.1,68,8.599999999999966,8275.625255988281,False,True,False,0
4327,301.6,310.1,1362,55.8,70,8.5,7958.659501192094,False,True,False,1
4328,301.7,310.1,1660,29.3,72,8.400000000000034,5093.3594495100115,True,False,False,0
4329,301.6,310.1,1326,48.2,77,8.5,6692.974652913839,False,True,False,1
4330,301.6,310.0,1566,30.3,79,8.399999999999977,4968.9314364768325,False,True,False,0
4331,301.5,309.8,1549,38.5,81,8.300000000000011,6245.11967619359,False,True,False,0
4332,301.6,309.9,1746,31.1,83,8.299999999999955,5686.345534850598,False,False,True,0
4333,301.7,309.9,1452,41.5,86,8.199999999999989,6310.203004000458,False,False,True,0
4334,301.6,309.8,1588,33.9,89,8.199999999999989,5637.399521307668,False,True,False,0
4335,301.6,309.8,1472,42.5,91,8.199999999999989,6551.2678802859145,False,True,False,0
4336,301.7,309.9,1607,37.7,93,8.199999999999989,6344.331172193955,False,True,False,0
4337,301.6,309.9,1423,53.6,95,8.299999999999955,7987.268938290786,True,False,False,0
4338,301.6,309.9,1440,43.4,100,8.299999999999955,6544.565815958256,False,True,False,0
4339,301.6,309.9,1397,43.7,102,8.299999999999955,6393.025858324597,False,True,False,0
4340,301.7,309.9,1524,46.6,104,8.199999999999989,7437.029456990046,False,True,False,0
4341,301.7,309.9,1533,40.9,106,8.199999999999989,6565.897230076132,False,False,True,0
4342,301.7,309.8,1398,46.0,109,8.100000000000023,6734.3180122350805,False,True,False,0
4343,301.7,309.8,1284,68.2,111,8.100000000000023,9170.183292122463,False,False,True,1
4344,301.7,309.8,1491,39.3,114,8.100000000000023,6136.190186918119,False,True,False,0
4345,301.8,309.9,1418,51.3,116,8.099999999999966,7617.671034571457,True,False,False,0
4346,301.8,309.8,1546,39.8,121,8.0,6443.490308316761,False,False,True,0
4347,301.8,309.7,1598,30.4,124,7.899999999999977,5087.201927908975,False,True,False,0
4348,301.9,309.8,1724,27.5,126,7.900000000000034,4964.7635902230695,True,False,False,0
4349,301.9,309.8,1507,44.7,131,7.900000000000034,7054.22639215013,False,True,False,0
4350,301.9,309.7,1595,31.4,133,7.800000000000011,5244.67949565792,False,True,False,0
4351,301.9,309.7,1568,37.5,135,7.800000000000011,6157.5216010359945,False,False,True,0
4352,301.8,309.6,1432,43.7,138,7.800000000000011,6553.194723780117,False,True,False,0
4353,301.9,309.7,1424,42.8,140,7.800000000000011,6382.375859228928,False,True,False,0
4354,302.0,309.7,1386,62.7,142,7.699999999999989,9100.377103359697,False,False,True,1
4355,302.0,309.8,1456,58.1,145,7.800000000000011,8858.621076690451,False,True,False,0
4356,302.0,309.8,1280,57.3,147,7.800000000000011,7680.565719496326,True,False,False,1
4357,302.0,309.8,1649,31.0,152,7.800000000000011,5353.169161961888,False,True,False,0
4358,302.0,309.9,1407,52.8,154,7.899999999999977,7779.588719937476,False,True,False,0
4359,302.0,309.9,1606,34.5,156,7.899999999999977,5802.207471914989,True,False,False,0
4360,302.1,310.0,1531,38.0,161,7.899999999999977,6092.385913351566,False,False,True,0
4361,302.1,310.1,1543,35.8,164,8.0,5784.656440956933,False,True,False,0
4362,302.1,310.1,1379,48.2,166,8.0,6960.491739342522,False,False,True,1
4363,302.1,310.1,1447,46.6,169,8.0,7061.274031669682,False,True,False,0
4364,302.1,310.1,1844,24.6,171,8.0,4750.339419640054,True,False,False,0
4365,302.1,310.1,1615,29.9,176,8.0,5056.759895095691,True,False,False,0
4366,302.0,310.0,1449,48.8,181,8.0,7404.859548217285,False,True,False,0
4367,302.0,309.9,1388,51.4,183,7.899999999999977,7471.042433452911,False,True,False,0
4368,302.0,309.9,1447,42.8,185,7.899999999999977,6485.461986168721,True,False,False,0
4369,302.0,310.0,1664,28.6,190,8.0,4983.6550340466565,False,True,False,0
4370,302.0,309.9,1735,27.2,192,7.899999999999977,4941.9346836069835,True,False,False,0
4371,302.0,309.9,1308,57.6,197,7.899999999999977,7889.670126519263,False,True,False,1
4372,302.0,309.8,1480,40.0,199,7.800000000000011,6199.409503083858,False,True,False,0
4373,301.9,309.6,1439,41.7,201,7.7000000000000455,6283.8450416368405,False,False,True,0
4374,301.9,309.7,1533,35.9,204,7.800000000000011,5763.220307083939,False,False,True,0
4375,302.0,309.7,1551,34.8,207,7.699999999999989,5652.227838632612,False,True,False,0
4376,302.0,309.7,1414,36.3,209,7.699999999999989,5375.07653473292,False,True,False,0
4377,301.9,309.6,1551,34.6,211,7.7000000000000455,5619.743770594494,False,False,True,0
4378,301.8,309.6,1436,49.0,214,7.800000000000011,7368.50084923974,False,False,True,0
4379,301.9,309.6,1385,45.8,217,7.7000000000000455,6642.688226505377,False,False,True,0
4380,301.8,309.5,1732,30.1,220,7.699999999999989,5459.375937604247,False,False,True,0
4381,301.9,309.6,1410,49.0,223,7.7000000000000455,7235.087881217293,False,True,False,0
4382,301.9,309.6,1446,43.2,225,7.7000000000000455,6541.549887010811,False,True,False,0
4383,301.8,309.5,1525,39.6,227,7.699999999999989,6324.026011676253,False,True,False,0
4384,301.7,309.5,1298,65.5,229,7.800000000000011,8903.168860518354,False,True,False,1
4385,301.8,309.6,1443,42.7,231,7.800000000000011,6452.422903428469,False,True,False,0
4386,301.8,309.7,1442,45.3,233,7.899999999999977,6840.566675779487,False,True,False,1
4387,301.9,309.7,1719,31.9,0,7.800000000000011,5742.422963717175,False,True,False,0
4388,302.0,309.8,1532,39.4,2,7.800000000000011,6320.968194826759,False,True,False,0
4389,302.0,309.8,1701,27.2,4,7.800000000000011,4845.089854072322,False,True,False,0
4390,302.1,310.0,1355,45.1,6,7.899999999999977,6399.476595239968,False,False,True,1
4391,302.2,310.1,1421,45.4,9,7.900000000000034,6755.827449936659,False,False,True,0
4392,302.2,310.1,1368,51.6,12,7.900000000000034,7392.04185019064,False,False,True,1
4393,302.2,310.1,1458,45.1,15,7.900000000000034,6885.931273697324,False,True,False,0
4394,302.2,310.1,1572,34.6,17,7.900000000000034,5695.833144664439,False,False,True,0
4395,302.2,310.0,1483,48.7,20,7.800000000000011,7563.08062622758,False,True,False,0
4396,302.3,310.1,1513,40.4,22,7.800000000000011,6401.015975640227,False,True,False,0
4397,302.3,310.1,1383,42.9,24,7.800000000000011,6213.096375077997,True,False,False,0
4398,302.4,310.2,1539,37.7,29,7.800000000000011,6075.871607969196,False,True,False,0
4399,302.3,310.1,1563,37.8,31,7.800000000000011,6186.989740126666,False,False,True,0
4400,302.3,310.1,1653,29.7,34,7.800000000000011,5141.122129820088,False,True,False,0
4401,302.3,310.1,1353,50.9,36,7.800000000000011,7211.808679654193,False,True,False,1
4402,302.2,310.0,1468,43.6,38,7.800000000000011,6702.5669824828,True,False,False,0
4403,302.3,310.2,1506,33.8,43,7.899999999999977,5330.528750905017,True,False,False,0
4404,302.3,310.1,1388,49.9,48,7.800000000000011,7253.015903293779,False,True,False,0
4405,302.4,310.2,1485,45.9,50,7.800000000000011,7137.855588588689,False,False,True,0
4406,302.4,310.2,1331,45.5,53,7.800000000000011,6341.880729924155,False,True,False,1
4407,302.5,310.3,1326,58.5,55,7.800000000000011,8123.216124387128,False,True,False,1
4408,302.3,310.2,1394,55.4,57,7.899999999999977,8087.2553604790355,False,True,False,0
4409,302.4,310.1,2009,18.9,59,7.7000000000000455,3976.219573868993,False,True,False,0
4410,302.4,310.1,1358,54.6,61,7.7000000000000455,7764.634738906389,False,False,True,1
4411,302.5,310.2,1586,32.2,64,7.699999999999989,5347.954118156929,False,True,False,0
4412,302.5,310.3,1688,31.6,66,7.800000000000011,5585.835513886748,False,True,False,0
4413,302.6,310.5,1450,43.2,68,7.899999999999977,6559.6454606954885,False,True,False,0
4414,302.7,310.5,1398,47.3,70,7.800000000000011,6924.63569518955,False,False,True,0
4415,302.7,310.5,1520,39.3,73,7.800000000000011,6255.539291827995,False,True,False,0
4416,302.6,310.4,1514,42.7,75,7.7999999999999545,6769.901785024741,False,True,False,0
4417,302.6,310.4,1532,36.1,77,7.7999999999999545,5791.547000843808,False,False,True,0
4418,302.6,310.4,1365,66.8,80,7.7999999999999545,9548.556711320816,False,True,False,1
4419,302.6,310.3,1642,33.2,82,7.699999999999989,5708.73461849518,False,True,False,0
4420,302.6,310.2,2676,10.8,84,7.599999999999966,3026.484698762263,False,False,True,1
4421,302.6,310.2,1873,21.3,87,7.599999999999966,4177.7841585233145,True,False,False,0
4422,302.6,310.2,1325,62.4,92,7.599999999999966,8658.22935329347,False,True,False,1
4423,302.6,310.2,2157,17.2,94,7.599999999999966,3885.144802841425,False,False,True,0
4424,302.6,310.2,1563,39.0,97,7.599999999999966,6383.402112829101,False,False,True,0
4425,302.6,310.2,1631,31.0,100,7.599999999999966,5294.735538605118,False,False,True,0
4426,302.5,310.2,1547,36.9,103,7.699999999999989,5977.853917177194,False,True,False,0
4427,302.6,310.3,1479,40.4,105,7.699999999999989,6257.172920007863,False,True,False,0
4428,302.4,310.1,1379,48.9,107,7.7000000000000455,7061.577718959528,False,False,True,1
4429,302.4,310.1,1906,21.2,110,7.7000000000000455,4231.432089071116,False,True,False,0
4430,302.3,310.1,1731,33.4,112,7.800000000000011,6054.414530145176,False,False,True,0
4431,302.3,310.1,1688,30.4,115,7.800000000000011,5373.715177916364,True,False,False,0
4432,302.3,310.2,1443,54.6,120,7.899999999999977,8250.63912241673,True,False,False,0
4433,302.4,310.2,1445,46.4,125,7.800000000000011,7021.250141262948,False,True,False,0
4434,302.4,310.2,1435,44.9,127,7.800000000000011,6747.250901992358,True,False,False,0
4435,302.4,310.1,1556,32.9,132,7.7000000000000455,5360.85559198767,False,True,False,0
4436,302.3,310.1,1321,52.7,134,7.800000000000011,7290.243776238818,False,True,False,1
4437,302.4,310.1,1577,35.8,136,7.7000000000000455,5912.121326888583,False,False,True,0
4438,302.4,310.2,1578,31.2,139,7.800000000000011,5155.730535659281,False,True,False,0
4439,302.4,310.1,1418,52.3,141,7.7000000000000455,7766.1636473311355,False,True,False,0
4440,302.4,310.2,1392,55.8,143,7.800000000000011,8133.960371262404,False,False,True,0
4441,302.5,310.3,1446,44.0,146,7.800000000000011,6662.689699733233,False,True,False,0
4442,302.5,310.2,1329,50.6,148,7.699999999999989,7042.131260433809,False,True,False,1
4443,302.5,310.2,1563,34.8,150,7.699999999999989,5695.958808370581,False,True,False,0
4444,302.5,310.3,1405,57.4,152,7.800000000000011,8445.3340911352,False,True,False,0
4445,302.4,310.2,2224,16.0,154,7.800000000000011,3726.347766177973,False,True,False,0
4446,302.5,310.2,1716,29.9,156,7.699999999999989,5373.0030835815505,False,True,False,0
4447,302.5,310.3,1584,35.5,158,7.800000000000011,5888.601269888708,False,True,False,0
4448,302.5,310.3,1488,41.8,160,7.800000000000011,6513.401216834645,False,False,True,0
4449,302.4,310.3,1374,51.2,163,7.900000000000034,7366.909108961921,False,True,False,1
4450,302.4,310.3,1378,54.3,165,7.900000000000034,7835.697564730589,False,False,True,1
4451,302.5,310.3,1551,37.3,168,7.800000000000011,6058.278689109092,False,True,False,0
4452,302.5,310.3,1549,40.9,170,7.800000000000011,6634.425837826437,False,True,False,0
4453,302.5,310.3,1447,39.2,172,7.800000000000011,5939.955837799389,False,False,True,0
4454,302.4,310.2,1400,53.7,175,7.800000000000011,7872.831189896021,False,True,False,0
4455,302.4,310.1,1401,48.8,177,7.7000000000000455,7159.563993824995,False,True,False,0
4456,302.4,310.1,1597,28.9,179,7.7000000000000455,4833.1622739641925,True,False,False,0
4457,302.3,310.1,1487,46.0,184,7.800000000000011,7163.040689694967,False,True,False,0
4458,302.5,310.3,1710,27.3,186,7.800000000000011,4888.632328251077,False,False,True,0
4459,302.6,310.4,1478,47.7,189,7.7999999999999545,7382.805567789086,False,True,False,0
4460,302.6,310.4,1743,26.3,191,7.7999999999999545,4800.447822464812,False,True,False,0
4461,302.6,310.5,1596,32.8,193,7.899999999999977,5481.953516808045,False,True,False,0
4462,302.7,310.5,1642,30.8,195,7.800000000000011,5296.055007519625,False,True,False,0
4463,302.7,310.5,1263,67.8,197,7.800000000000011,8967.299238553633,False,True,False,1
4464,302.8,310.6,2016,19.9,199,7.800000000000011,4201.189023792558,False,True,False,0
4465,302.8,310.6,1671,30.5,201,7.800000000000011,5337.09467955102,False,True,False,0
4466,302.8,310.6,1404,43.2,203,7.800000000000011,6351.5463633217005,False,True,False,0
4467,302.8,310.6,1470,41.1,205,7.800000000000011,6326.853445064484,False,True,False,0
4468,302.8,310.6,1617,37.9,207,7.800000000000011,6417.6768886797645,False,True,False,0
4469,302.7,310.5,1725,29.0,209,7.800000000000011,5238.60574986098,False,True,False,0
4470,302.7,310.5,1446,40.9,211,7.800000000000011,6193.2729254338465,False,True,False,1
4471,302.7,310.6,1564,34.3,0,7.900000000000034,5617.712207345172,False,True,False,0
4472,302.8,310.6,1670,29.1,2,7.800000000000011,5089.065939550105,False,True,False,0
4473,302.7,310.6,1501,48.7,4,7.900000000000034,7654.877963565473,False,True,False,0
4474,302.7,310.5,1551,35.9,6,7.800000000000011,5830.890212842263,False,True,False,0
4475,302.7,310.5,1563,35.0,8,7.800000000000011,5728.694203820987,False,True,False,0
4476,302.7,310.5,1351,41.8,10,7.800000000000011,5913.713067166402,False,True,False,1
4477,302.6,310.4,1415,52.1,12,7.7999999999999545,7720.097427053997,False,True,False,0
4478,302.6,310.3,1647,34.2,14,7.699999999999989,5898.591534527123,False,True,False,0
4479,302.5,310.2,1477,41.6,16,7.699999999999989,6434.316857768279,False,True,False,0
4480,302.6,310.2,1923,21.5,18,7.599999999999966,4329.585915544773,False,True,False,0
4481,302.7,310.4,1305,55.2,20,7.699999999999989,7543.592279799811,True,False,False,1
4482,302.6,310.4,1544,35.1,25,7.7999999999999545,5675.224296856889,False,False,True,0
4483,302.7,310.5,1568,36.9,28,7.800000000000011,6059.001255419418,True,False,False,0
4484,302.7,310.4,1489,42.7,33,7.699999999999989,6658.113446434504,False,True,False,0
4485,302.6,310.4,1451,43.1,35,7.7999999999999545,6548.974517648794,False,False,True,0
4486,302.7,310.4,1542,35.7,38,7.699999999999989,5764.759687484198,False,True,False,0
4487,302.6,310.5,1965,20.2,40,7.899999999999977,4156.641239964655,False,False,True,0
4488,302.5,310.5,1436,36.5,43,8.0,5488.781244841847,False,True,False,0
4489,302.5,310.4,1509,37.6,45,7.899999999999977,5941.631353881304,False,False,True,0
4490,302.5,310.4,1487,40.2,48,7.899999999999977,6259.87468968995,False,True,False,0
4491,302.5,310.4,1967,20.3,50,7.899999999999977,4181.470293903526,False,True,False,0
4492,302.6,310.4,1409,53.3,52,7.7999999999999545,7864.422193559913,True,False,False,0
4493,302.6,310.5,1420,56.4,57,7.899999999999977,8386.79574802331,False,False,True,0
4494,302.7,310.5,1511,37.7,60,7.800000000000011,5965.329434464883,False,True,False,0
4495,302.6,310.4,1649,30.1,62,7.7999999999999545,5197.754573388801,True,False,False,0
4496,302.6,310.4,1359,57.2,67,7.7999999999999545,8140.369220275728,False,True,False,1
4497,302.5,310.4,1605,36.0,69,7.899999999999977,6050.707450813941,False,False,True,0
4498,302.5,310.3,1523,36.0,72,7.800000000000011,5741.574733700706,False,True,False,0
4499,302.6,310.4,1614,36.0,74,7.7999999999999545,6084.6366514727115,True,False,False,0
4500,302.6,310.3,1721,27.4,79,7.699999999999989,4938.101940569603,True,False,False,0
4501,302.6,310.4,1638,36.2,84,7.7999999999999545,6209.420711673298,False,True,False,0
4502,302.5,310.2,1307,54.0,86,7.699999999999989,7390.910876835347,False,True,False,1
4503,302.4,310.2,1642,28.3,88,7.800000000000011,4866.1804127534215,False,True,False,0
4504,302.5,310.2,1751,30.5,90,7.699999999999989,5592.61088204299,False,False,True,0
4505,302.4,310.1,1645,31.6,93,7.7000000000000455,5443.542310630154,False,True,False,0
4506,302.4,310.1,1426,46.8,95,7.7000000000000455,6988.66135346971,False,True,False,0
4507,302.4,310.1,1520,36.6,97,7.7000000000000455,5825.769416816912,False,False,True,0
4508,302.4,310.1,1709,31.8,100,7.7000000000000455,5691.120755684054,False,True,False,0
4509,302.4,310.0,1426,46.6,102,7.600000000000023,6958.795279309584,False,True,False,0
4510,302.4,310.1,1429,43.7,104,7.7000000000000455,6539.465963883929,False,True,False,0
4511,302.4,310.2,1346,62.4,106,7.800000000000011,8795.454120402272,False,True,False,1
4512,302.5,310.2,1454,43.0,108,7.699999999999989,6547.2885295913675,False,True,False,0
4513,302.5,310.3,1411,49.5,110,7.800000000000011,7314.098936455077,False,False,True,0
4514,302.4,310.3,1900,24.4,113,7.900000000000034,4854.807847347427,False,True,False,0
4515,302.4,310.3,1479,36.2,115,7.900000000000034,5606.67474515556,False,True,False,0
4516,302.5,310.4,1415,48.2,117,7.899999999999977,7142.201458426155,False,True,False,0
4517,302.5,310.3,1539,39.0,119,7.800000000000011,6285.384422037098,False,True,False,0
4518,302.4,310.3,1520,31.6,121,7.900000000000034,5029.899277907498,False,True,False,0
4519,302.4,310.3,1480,45.8,123,7.900000000000034,7098.323881031018,False,True,False,0
4520,302.4,310.4,1666,29.7,125,8.0,5181.554427271789,False,True,False,0
4521,302.4,310.4,1456,47.6,127,8.0,7257.665460421093,False,True,False,0
4522,302.4,310.4,1865,23.9,129,8.0,4667.726004826154,False,True,False,0
4523,302.5,310.5,1918,21.6,131,8.0,4338.413790901361,False,False,True,0
4524,302.5,310.4,1488,48.4,134,7.899999999999977,7541.8329879138,False,True,False,0
4525,302.5,310.5,1527,38.8,136,8.0,6204.394163427553,False,False,True,0
4526,302.4,310.4,1463,42.2,139,8.0,6465.251073430627,False,False,True,0
4527,302.4,310.4,1521,38.5,142,8.0,6132.231780174597,False,True,False,0
4528,302.4,310.5,1372,45.7,144,8.100000000000023,6565.970533904715,False,False,True,1
4529,302.5,310.5,1507,39.5,147,8.0,6233.600503130427,False,True,False,0
4530,302.4,310.4,1586,34.3,149,8.0,5696.7337345584665,False,False,True,0
4531,302.5,310.4,1487,42.0,152,7.899999999999977,6540.167586243231,False,True,False,0
4532,302.5,310.5,1520,41.2,154,8.0,6557.969944613574,False,True,False,0
4533,302.5,310.4,1422,41.9,156,7.899999999999977,6239.391505588544,True,False,False,0
4534,302.4,310.3,1375,52.5,161,7.900000000000034,7559.457322700439,False,False,True,1
4535,302.4,310.2,1633,28.0,164,7.800000000000011,4788.206083091323,False,True,False,0
4536,302.4,310.2,1503,36.2,166,7.800000000000011,5697.6552684035205,False,True,False,0
4537,302.4,310.2,1351,45.1,168,7.800000000000011,6380.585151416381,False,True,False,1
4538,302.3,310.2,1548,35.3,170,7.899999999999977,5722.348186660735,False,True,False,0
4539,302.4,310.3,1923,23.3,172,7.900000000000034,4692.062875915964,False,True,False,0
4540,302.5,310.3,1592,32.6,174,7.800000000000011,5434.871514906246,False,True,False,0
4541,302.5,310.4,1580,35.6,176,7.899999999999977,5890.276785970623,False,False,True,0
4542,302.5,310.4,1427,46.8,179,7.899999999999977,6993.562238009309,False,True,False,0
4543,302.5,310.4,1581,32.7,181,7.899999999999977,5413.875204004755,False,False,True,0
4544,302.6,310.5,1542,39.9,184,7.899999999999977,6442.966709541162,False,False,True,0
4545,302.5,310.4,1349,55.1,187,7.899999999999977,7783.808926068799,False,True,False,1
4546,302.5,310.5,1463,43.0,189,8.0,6587.815074822676,False,True,False,0
4547,302.5,310.4,1429,43.2,191,7.899999999999977,6464.643698850933,False,False,True,0
4548,302.5,310.4,1451,53.6,194,7.899999999999977,8144.432346774372,False,False,True,0
4549,302.6,310.5,1511,37.2,197,7.899999999999977,5886.2136594719805,False,True,False,0
4550,302.6,310.6,1549,37.5,199,8.0,6082.908775513237,False,True,False,0
4551,302.5,310.5,1507,40.2,201,8.0,6344.069372806156,False,False,True,0
4552,302.6,310.5,1524,33.7,204,7.899999999999977,5378.280959239582,False,False,True,0
4553,302.7,310.5,1880,22.7,207,7.800000000000011,4469.0202694866,False,False,True,0
4554,302.6,310.5,1461,45.4,0,7.899999999999977,6945.99852523396,False,True,False,0
4555,302.6,310.5,1748,28.2,2,7.899999999999977,5162.013720966461,False,True,False,0
4556,302.7,310.6,1690,26.7,4,7.900000000000034,4725.2695102644075,False,True,False,0
4557,302.7,310.6,1349,51.2,6,7.900000000000034,7232.867822408757,False,False,True,1
4558,302.7,310.6,1686,26.3,9,7.900000000000034,4643.46243756493,False,True,False,0
4559,302.7,310.7,1369,47.5,11,8.0,6809.663876043675,False,True,False,1
4560,302.7,310.7,1433,43.7,13,8.0,6557.770977078846,False,True,False,0
4561,302.7,310.7,1597,41.9,15,8.0,7007.2491100034495,False,True,False,0
4562,302.9,310.8,1610,32.2,17,7.900000000000034,5428.881544913403,False,True,False,0
4563,302.7,310.7,1398,57.7,19,8.0,8447.177158825309,False,True,False,0
4564,302.7,310.7,1977,20.0,21,8.0,4140.619117431347,False,True,False,0
4565,302.8,310.8,1516,39.5,23,8.0,6270.828376075466,False,True,False,0
4566,302.7,310.8,1275,55.0,25,8.100000000000023,7343.472827766141,True,False,False,1
4567,302.8,310.8,1402,50.5,30,8.0,7414.263382227031,False,True,False,0
4568,302.8,310.8,1451,44.7,32,8.0,6792.091901134597,False,False,True,0
4569,302.7,310.8,1555,36.1,35,8.100000000000023,5878.495813519661,False,False,True,0
4570,302.8,310.9,1636,35.0,38,8.099999999999966,5996.253178151718,False,True,False,0
4571,302.8,310.9,1312,52.2,40,8.099999999999966,7171.879037027067,False,True,False,1
4572,302.8,310.9,1708,29.8,42,8.099999999999966,5330.067983982491,False,True,False,0
4573,302.9,311.0,1556,36.5,44,8.100000000000023,5947.453772265957,False,False,True,0
4574,302.8,311.0,1436,43.5,47,8.199999999999989,6541.424223304667,True,False,False,0
4575,302.9,311.0,1402,40.7,52,8.100000000000023,5975.455834784954,False,False,True,0
4576,302.9,311.0,1437,49.9,55,8.100000000000023,7509.0661765368595,False,False,True,0
4577,302.9,311.1,1926,21.8,58,8.200000000000045,4396.847414258131,False,False,True,0
4578,303.0,311.2,1800,23.7,61,8.199999999999989,4467.344753404685,False,True,False,0
4579,303.0,311.2,1641,32.6,63,8.199999999999989,5602.150851734391,False,True,False,0
4580,303.0,311.2,1374,48.2,65,8.199999999999989,6935.254278358684,False,True,False,1
4581,303.0,311.2,1494,37.0,67,8.199999999999989,5788.698623504552,False,True,False,0
4582,303.0,311.2,1601,32.9,69,8.199999999999989,5515.893189442326,False,True,False,0
4583,302.9,311.2,1634,36.9,71,8.300000000000011,6314.035747037838,False,True,False,0
4584,302.9,311.2,1467,37.7,73,8.300000000000011,5791.620304672391,False,False,True,0
4585,302.8,311.1,1550,32.3,76,8.300000000000011,5242.794540065765,False,True,False,0
4586,302.8,311.1,1563,32.2,78,8.300000000000011,5270.398667515309,False,True,False,0
4587,302.7,310.9,1395,48.3,80,8.199999999999989,7055.860020329996,False,True,False,0
4588,302.8,311.0,1507,33.4,82,8.199999999999989,5270.9432102419305,False,False,True,0
4589,302.8,311.0,1564,38.5,85,8.199999999999989,6305.595334775193,False,True,False,0
4590,302.8,311.1,1721,30.0,87,8.300000000000011,5406.680956828034,False,True,False,0
4591,302.8,311.1,1456,36.1,89,8.300000000000011,5504.237880697508,False,True,False,0
4592,302.9,311.2,2102,17.8,91,8.300000000000011,3918.152469655142,True,False,False,0
4593,302.9,311.1,1555,33.9,96,8.200000000000045,5520.249531255305,False,True,False,0
4594,303.0,311.2,1409,41.9,98,8.199999999999989,6182.350654974865,False,True,False,0
4595,303.0,311.2,1387,41.4,100,8.199999999999989,6013.196834530078,False,False,True,0
4596,303.0,311.2,1460,43.9,103,8.199999999999989,6711.907984639473,False,False,True,0
4597,303.0,311.2,1361,47.6,106,8.199999999999989,6784.12272776999,False,True,False,1
4598,303.0,311.1,1490,43.0,108,8.100000000000023,6709.394710516601,False,False,True,0
4599,303.1,311.2,1399,49.2,111,8.099999999999966,7207.944520690277,False,True,False,0
4600,303.1,311.1,1420,55.8,113,8.0,8297.574516661361,False,True,False,0
4601,303.0,311.0,1359,44.2,115,8.0,6290.285306576699,False,True,False,1
4602,303.0,311.1,1372,54.3,117,8.100000000000023,7801.579868512604,False,False,True,1
4603,303.0,311.0,1409,41.7,120,8.0,6152.840627982146,False,False,True,0
4604,302.9,311.0,1452,58.3,123,8.100000000000023,8864.69482248739,True,False,False,0
4605,302.9,311.0,1820,24.6,128,8.100000000000023,4688.512876217407,False,True,False,0
4606,302.9,311.0,1469,48.7,130,8.100000000000023,7491.682697186996,True,False,False,0
4607,302.9,311.1,1556,45.3,135,8.200000000000045,7381.360435168433,False,True,False,0
4608,303.0,311.1,1980,20.2,137,8.100000000000023,4188.371325765912,False,True,False,0
4609,303.0,311.2,1519,38.0,139,8.199999999999989,6044.633705017001,False,False,True,0
4610,303.0,311.2,1456,44.0,142,8.199999999999989,6708.766391985883,False,True,False,0
4611,303.1,311.2,1394,45.3,144,8.099999999999966,6612.864040247298,False,True,False,0
4612,303.0,311.3,1365,56.2,146,8.300000000000011,8033.366574494459,False,True,False,1
4613,303.0,311.3,2194,16.5,148,8.300000000000011,3790.959855086803,False,True,False,0
4614,303.1,311.3,1403,55.6,150,8.199999999999989,8168.852993668275,False,True,False,0
4615,303.0,311.2,1503,37.0,152,8.199999999999989,5823.570301959399,True,False,False,0
4616,303.0,311.3,1793,29.3,157,8.300000000000011,5501.441863235814,False,True,False,0
4617,303.1,311.4,1829,24.5,159,8.299999999999955,4692.544586789514,False,True,False,0
4618,303.1,311.4,1831,23.3,161,8.299999999999955,4467.585608841461,False,False,True,0
4619,303.0,311.3,1335,53.6,164,8.300000000000011,7493.326797342374,False,False,True,1
4620,303.1,311.3,2056,19.7,167,8.199999999999989,4241.485185562603,True,False,False,0
4621,303.1,311.3,1336,52.6,172,8.199999999999989,7359.0341833769235,False,True,False,1
4622,303.0,311.2,1341,51.0,174,8.199999999999989,7161.888772388651,False,True,False,1
4623,303.0,311.1,1526,37.3,176,8.100000000000023,5960.62751746001,False,False,True,0
4624,303.0,311.1,1525,40.7,179,8.100000000000023,6499.693400889483,False,True,False,0
4625,303.0,311.1,1428,39.8,181,8.100000000000023,5951.684450372791,False,False,True,0
4626,303.0,311.2,1511,45.7,184,8.199999999999989,7231.18183435133,False,True,False,0
4627,303.0,311.2,1664,29.8,186,8.199999999999989,5192.759441069593,False,True,False,0
4628,303.0,311.2,1592,38.9,188,8.199999999999989,6485.168770854385,False,False,True,0
4629,303.0,311.1,1597,36.7,191,8.100000000000023,6137.614375587747,False,False,True,0
4630,303.0,311.2,1735,26.1,194,8.199999999999989,4742.077030961113,False,True,False,0
4631,302.9,311.2,1751,23.8,196,8.300000000000011,4364.070130905678,False,True,False,0
4632,303.0,311.2,1383,44.6,198,8.199999999999989,6459.30299133983,False,True,False,0
4633,302.9,311.2,1330,53.7,200,8.300000000000011,7479.18963040122,False,False,True,1
4634,303.0,311.2,1382,50.5,203,8.199999999999989,7308.496429556175,False,True,False,0
4635,303.0,311.2,1755,30.4,205,8.199999999999989,5587.008375144088,False,True,False,0
4636,303.0,311.2,1614,35.7,207,8.199999999999989,6033.9313460437725,False,False,True,0
4637,303.0,311.3,1466,43.0,210,8.300000000000011,6601.3239232331125,False,True,False,0
4638,303.1,311.3,1847,24.7,212,8.199999999999989,4777.4094763384865,False,False,True,0
4639,303.1,311.3,1474,34.8,215,8.199999999999989,5371.620782813971,False,True,False,0
4640,303.1,311.3,1657,31.8,217,8.199999999999989,5517.956168618184,False,True,False,0
4641,303.1,311.2,1435,40.1,219,8.099999999999966,6025.941228728142,False,True,False,0
4642,303.1,311.3,1494,42.7,221,8.199999999999989,6680.471114152551,True,False,False,0
4643,303.2,311.4,1238,54.6,226,8.199999999999989,7078.5109033623785,False,True,False,1
4644,303.2,311.4,1324,54.2,228,8.199999999999989,7514.773403190881,False,True,False,1
4645,303.2,311.4,1514,41.2,230,8.199999999999989,6532.083221147994,False,True,False,0
4646,303.3,311.4,1732,25.6,232,8.099999999999966,4643.190166201619,False,True,False,0
4647,303.3,311.4,1497,46.0,234,8.099999999999966,7211.211777050011,False,True,False,1
4648,303.3,311.4,1958,21.5,0,8.099999999999966,4408.387531272318,False,True,False,0
4649,303.3,311.4,1630,32.5,2,8.099999999999966,5547.5290274639765,False,True,False,0
4650,303.3,311.4,1395,59.1,4,8.099999999999966,8633.567850962789,False,False,True,0
4651,303.3,311.4,1658,30.5,7,8.099999999999966,5295.573296646075,False,True,False,0
4652,303.2,311.4,1349,51.1,9,8.199999999999989,7218.741127443115,False,True,False,1
4653,303.1,311.2,1452,52.9,11,8.099999999999966,8043.608166545163,False,True,False,0
4654,303.1,311.1,1594,35.5,13,8.0,5925.776782956187,False,False,True,0
4655,303.1,311.0,1510,47.6,16,7.899999999999977,7526.837118980666,False,False,True,0
4656,303.1,311.1,1854,22.6,19,8.0,4387.799627415792,False,True,False,0
4657,303.1,311.2,1626,32.3,21,8.099999999999966,5499.860594933507,False,True,False,0
4658,303.1,311.2,1628,35.2,23,8.099999999999966,6001.028398985175,False,True,False,0
4659,303.1,311.2,1679,34.8,25,8.099999999999966,6118.691515837624,False,True,False,0
4660,303.1,311.2,1489,44.5,27,8.099999999999966,6938.783334106216,False,False,True,0
4661,303.2,311.2,1439,43.9,30,8.0,6615.366842394658,False,True,False,0
4662,303.3,311.3,1350,48.1,32,8.0,6799.977298695107,False,True,False,1
4663,303.3,311.2,1607,31.7,34,7.899999999999977,5334.623293330196,True,False,False,0
4664,303.3,311.3,1389,53.9,39,8.0,7840.064378519079,False,True,False,0
4665,303.3,311.3,1566,46.1,41,8.0,7559.99139345155,False,False,True,0
4666,303.4,311.4,1307,54.0,44,8.0,7390.910876835347,False,False,True,1
4667,303.3,311.5,1569,36.6,47,8.199999999999989,6013.57382564851,False,False,True,0
4668,303.3,311.4,1651,30.6,50,8.099999999999966,5290.504860498284,True,False,False,0
4669,303.3,311.4,1692,27.9,55,8.099999999999966,4943.484535982754,True,False,False,0
4670,303.3,311.5,1373,47.3,60,8.199999999999989,6800.804584760552,False,False,True,1
4671,303.2,311.4,1610,35.5,63,8.199999999999989,5985.257603864154,False,True,False,0
4672,303.3,311.4,1511,43.4,65,8.099999999999966,6867.249269383976,False,True,False,0
4673,303.3,311.5,1412,55.6,67,8.199999999999989,8221.254759130154,False,True,False,0
4674,303.4,311.5,1501,36.2,69,8.100000000000023,5690.073558132857,False,True,False,0
4675,303.4,311.5,1414,44.8,71,8.100000000000023,6633.703271516111,False,True,False,0
4676,303.5,311.5,1629,33.5,73,8.0,5714.714116512513,True,False,False,0
4677,303.4,311.5,1879,21.3,78,8.100000000000023,4191.1673432276075,False,True,False,0
4678,303.5,311.6,1466,47.0,80,8.100000000000023,7215.400567254797,True,False,False,0
4679,303.6,311.7,1476,40.1,85,8.099999999999966,6198.110978120374,True,False,False,0
4680,303.6,311.8,1695,30.7,90,8.199999999999989,5449.249537284176,False,True,False,0
4681,303.6,311.7,1491,39.8,92,8.099999999999966,6214.258764359825,False,True,False,0
4682,303.6,311.8,1659,34.7,94,8.199999999999989,6028.43355889999,False,False,True,0
4683,303.6,311.8,1567,31.7,97,8.199999999999989,5201.838643838468,False,True,False,0
4684,303.6,311.8,1736,32.9,99,8.199999999999989,5981.0059818062955,False,True,False,0
4685,303.6,311.8,1421,44.8,101,8.199999999999989,6666.543386721636,False,False,True,1
4686,303.6,311.8,1627,30.8,104,8.199999999999989,5247.674480654342,False,False,True,0
4687,303.5,311.6,1562,34.2,107,8.100000000000023,5594.171206394272,False,False,True,0
4688,303.5,311.6,2183,17.0,110,8.100000000000023,3886.2548322456937,False,True,False,0
4689,303.5,311.6,1577,38.1,112,8.100000000000023,6291.9503506831015,False,True,False,0
4690,303.4,311.5,1560,36.4,114,8.100000000000023,5946.40657471476,False,False,True,0
4691,303.4,311.5,1483,43.0,117,8.100000000000023,6677.874064225583,False,False,True,0
4692,303.5,311.5,1535,33.3,120,8.0,5352.802642818968,False,True,False,0
4693,303.4,311.4,1606,29.6,122,8.0,4978.125830976339,False,False,True,0
4694,303.4,311.5,1817,24.7,125,8.100000000000023,4699.812137794818,False,False,True,0
4695,303.4,311.5,1424,50.8,128,8.100000000000023,7575.343309552091,False,True,False,0
4696,303.3,311.6,1514,34.7,130,8.300000000000011,5501.536111015422,False,True,False,0
4697,303.4,311.6,1449,41.7,132,8.200000000000045,6327.5131795217385,False,True,False,0
4698,303.5,311.6,1573,34.0,134,8.100000000000023,5600.621943309644,False,False,True,0
4699,303.4,311.6,1564,41.9,137,8.200000000000045,6862.453104599495,False,True,False,0
4700,303.5,311.6,1428,46.2,139,8.100000000000023,6908.739236362386,False,True,False,0
4701,303.5,311.7,1620,31.0,141,8.199999999999989,5259.026102109314,False,True,False,0
4702,303.5,311.7,1584,32.7,143,8.199999999999989,5424.148211981993,True,False,False,0
4703,303.6,311.8,1222,66.8,148,8.199999999999989,8548.231722515779,False,True,False,1
4704,303.6,311.8,1432,42.5,150,8.199999999999989,6373.244296582493,False,False,True,0
4705,303.7,311.9,1561,33.3,153,8.199999999999989,5443.46900680157,False,True,False,0
4706,303.6,311.8,1614,33.2,155,8.199999999999989,5611.3871341359445,False,True,False,0
4707,303.5,311.7,1959,22.3,157,8.199999999999989,4574.755806230921,False,True,False,0
4708,303.5,311.8,1944,23.5,159,8.300000000000011,4784.017292886537,False,True,False,0
4709,303.4,311.7,1793,25.8,161,8.300000000000011,4844.2730399823895,False,True,False,0
4710,303.4,311.6,1446,50.0,163,8.200000000000045,7571.238295151401,False,False,True,0
4711,303.4,311.7,1673,32.2,166,8.300000000000011,5641.316040149144,False,True,False,0
4712,303.4,311.7,1515,44.2,168,8.300000000000011,7012.348962077777,False,False,True,0
4713,303.4,311.8,1564,35.9,171,8.400000000000034,5879.762922556609,False,True,False,0
4714,303.5,311.8,1451,45.2,173,8.300000000000011,6868.066083473909,False,True,False,0
4715,303.4,311.8,1693,28.3,175,8.400000000000034,5017.3224353176265,True,False,False,0
4716,303.4,311.7,1476,42.3,180,8.300000000000011,6538.156966944933,False,True,False,0
4717,303.4,311.6,1712,30.1,182,8.200000000000045,5396.334645022212,False,True,False,0
4718,303.4,311.6,1425,45.4,184,8.200000000000045,6774.844557466388,False,False,True,0
4719,303.3,311.6,1337,56.8,187,8.300000000000011,7952.585755395153,False,True,False,1
4720,303.4,311.7,1690,34.9,189,8.300000000000011,6176.475876712652,False,False,True,0
4721,303.4,311.7,1353,44.1,192,8.300000000000011,6248.345044651275,False,False,True,1
4722,303.5,311.8,1927,21.9,195,8.300000000000011,4419.309801731297,False,True,False,0
4723,303.4,311.8,1391,42.7,197,8.400000000000034,6219.903159160776,False,False,True,0
4724,303.4,311.8,1366,50.9,200,8.400000000000034,7281.101741616872,False,True,False,1
4725,303.4,311.9,1771,31.6,202,8.5,5860.494487614592,False,True,False,0
4726,303.4,311.8,1515,42.6,204,8.400000000000034,6758.508275667722,False,False,True,0
4727,303.4,311.8,2133,18.3,207,8.400000000000034,4087.6204493652876,False,False,True,0
4728,303.4,311.8,1341,47.0,210,8.400000000000034,6600.172005926796,False,False,True,1
4729,303.4,311.7,1406,47.1,213,8.300000000000011,6934.814455387182,False,True,False,0
4730,303.4,311.8,1306,61.0,215,8.400000000000034,8342.604011362815,False,True,False,1
4731,303.3,311.7,1508,35.5,217,8.399999999999977,5606.067370575866,False,True,False,0
4732,303.3,311.6,1301,45.1,219,8.300000000000011,6144.442103621549,False,True,False,1
4733,303.3,311.7,1539,38.5,221,8.399999999999977,6204.8025704725205,False,True,False,0
4734,303.3,311.6,1484,44.6,223,8.300000000000011,6931.02360025185,False,True,False,0
4735,303.2,311.5,1507,39.2,225,8.300000000000011,6186.256701840829,False,True,False,0
4736,303.2,311.5,1544,42.5,227,8.300000000000011,6871.7103309520735,False,True,False,0
4737,303.2,311.5,1513,37.9,0,8.300000000000011,6004.913501900114,False,True,False,0
4738,303.2,311.5,1336,58.2,2,8.300000000000011,8142.505503280168,False,False,True,1
4739,303.2,311.4,2102,19.0,5,8.199999999999989,4182.297579968972,False,False,True,0
4740,303.2,311.4,1351,53.8,8,8.199999999999989,7611.429737166327,False,True,False,1
4741,303.3,311.5,1601,35.2,10,8.199999999999989,5901.50274371945,False,True,False,0
4742,303.2,311.3,1393,52.9,12,8.100000000000023,7716.767338841192,False,True,False,0
4743,303.3,311.3,1592,33.7,14,8.0,5618.256750071794,False,True,False,0
4744,303.3,311.3,1409,51.8,16,8.0,7643.096991114511,False,True,False,0
4745,303.3,311.3,1393,47.4,18,8.0,6914.456934991918,False,True,False,0
4746,303.2,311.2,1475,43.1,20,8.0,6657.296632344571,True,False,False,0
4747,303.2,311.2,1427,45.6,25,8.0,6814.240129342405,False,True,False,0
4748,303.3,311.2,1763,27.3,27,7.899999999999977,5040.1513419337125,False,True,False,0
4749,303.2,311.2,1363,46.7,29,8.0,6665.632324852096,False,True,False,1
4750,303.2,311.2,1404,50.9,31,8.0,7483.6506919693165,False,True,False,0
4751,303.2,311.2,1688,31.9,33,8.0,5638.865597879343,False,False,True,0
4752,303.3,311.4,1510,37.3,36,8.099999999999966,5898.130767604596,False,True,False,0
4753,303.3,311.3,1502,39.5,38,8.0,6212.918351494294,True,False,False,0
4754,303.2,311.4,1607,36.6,43,8.199999999999989,6159.218061068933,True,False,False,0
4755,303.3,311.5,1384,54.8,48,8.199999999999989,7942.281331491379,False,False,True,0
4756,303.4,311.7,1295,51.3,51,8.300000000000011,6956.899851741917,False,True,False,1
4757,303.4,311.7,1991,19.0,53,8.300000000000011,3961.4436164216095,True,False,False,0
4758,303.4,311.6,1497,42.8,58,8.200000000000045,6709.562262124792,False,True,False,0
4759,303.5,311.6,1465,48.7,60,8.100000000000023,7471.2832888896855,False,True,False,0
4760,303.5,311.6,1361,46.5,62,8.100000000000023,6627.346782380348,False,True,False,1
4761,303.6,311.7,1546,38.5,64,8.099999999999966,6233.024544477269,False,True,False,0
4762,303.7,311.9,1332,52.7,66,8.199999999999989,7350.949818281686,True,False,False,1
4763,303.7,312.0,2663,11.4,71,8.300000000000011,3179.1032698736553,False,False,True,1
4764,303.7,312.1,1443,45.9,74,8.400000000000034,6935.976844669009,False,True,False,0
4765,303.7,312.0,1402,48.6,76,8.300000000000011,7135.310898539281,False,False,True,0
4766,303.7,312.0,1892,22.5,79,8.300000000000011,4457.919975443916,False,True,False,0
4767,303.6,312.0,1645,35.7,81,8.399999999999977,6149.8246990347,False,False,True,0
4768,303.6,311.9,1473,50.1,84,8.299999999999955,7728.035184492068,False,True,False,0
4769,303.6,312.0,1309,52.9,86,8.399999999999977,7251.434634991471,False,True,False,1
4770,303.6,311.9,1544,37.1,88,8.299999999999955,5998.598900666399,True,False,False,0
4771,303.5,311.9,1344,49.3,93,8.399999999999977,6938.64719842456,False,True,False,1
4772,303.6,311.9,1617,36.0,95,8.299999999999955,6095.946385025634,False,False,True,0
4773,303.6,312.0,1435,37.9,98,8.399999999999977,5695.3409618153755,False,False,True,0
4774,303.6,312.0,1391,50.3,101,8.399999999999977,7326.958522383771,False,True,False,0
4775,303.6,312.0,1827,23.3,103,8.399999999999977,4457.825727664308,False,True,False,0
4776,303.5,312.0,1761,25.8,105,8.5,4757.8164101555985,False,True,False,0
4777,303.5,312.1,1522,36.4,107,8.600000000000023,5801.558209433247,False,True,False,0
4778,303.5,312.2,1818,23.6,109,8.699999999999989,4492.980149457979,False,False,True,0
4779,303.6,312.2,1371,54.6,112,8.599999999999966,7838.964821090324,True,False,False,1
4780,303.7,312.3,1511,38.9,117,8.600000000000023,6155.20729444785,False,True,False,0
4781,303.7,312.4,1404,46.6,119,8.699999999999989,6851.436586360908,False,True,False,0
4782,303.7,312.3,1384,45.9,121,8.600000000000023,6652.385275829458,False,True,False,0
4783,303.8,312.5,1368,52.6,123,8.699999999999989,7535.298475194334,False,True,False,0
4784,303.7,312.5,1641,36.0,125,8.800000000000011,6186.42425344902,False,True,False,0
4785,303.9,312.6,1642,32.3,127,8.700000000000045,5553.979764379347,False,True,False,0
4786,303.9,312.7,1401,50.0,129,8.800000000000011,7335.618846132166,True,False,False,0
4787,303.8,312.6,1577,41.3,134,8.800000000000011,6820.408122918952,False,True,False,0
4788,303.7,312.6,1396,44.1,136,8.900000000000034,6446.925116284686,False,True,False,0
4789,303.7,312.6,1514,35.5,138,8.900000000000034,5628.372678416354,True,False,False,0
4790,303.8,312.8,1646,35.8,143,9.0,6170.800065985167,False,True,False,0
4791,303.8,312.8,1443,40.7,145,9.0,6150.201690153131,False,True,False,0
4792,303.7,312.7,1469,48.5,147,9.0,7460.916033132839,False,False,True,0
4793,303.7,312.7,1564,40.2,150,9.0,6584.024219687345,True,False,False,0
4794,303.6,312.6,1498,40.2,155,9.0,6306.181765403864,True,False,False,0
4795,303.6,312.6,1699,27.9,160,9.0,4963.936304157624,False,True,False,0
4796,303.6,312.5,1431,49.0,162,8.899999999999977,7342.844509235423,False,True,False,0
4797,303.5,312.4,1390,47.3,164,8.899999999999977,6885.00973985227,False,True,False,0
4798,303.5,312.5,1380,46.1,166,9.0,6662.061381202515,False,True,False,0
4799,303.5,312.5,1457,46.4,168,9.0,7079.558100913575,False,True,False,0
4800,303.5,312.5,1418,42.2,170,9.0,6266.3882584583935,False,True,False,0
4801,303.5,312.5,1353,51.0,172,9.0,7225.977262521883,False,False,True,0
4802,303.5,312.4,1574,32.7,175,8.899999999999977,5389.904852057864,False,True,False,0
4803,303.5,312.4,1318,54.2,177,8.899999999999977,7480.718538825968,False,False,True,0
4804,303.6,312.5,1710,31.4,180,8.899999999999977,5622.8225313950115,False,True,False,0
4805,303.7,312.6,1621,38.8,182,8.900000000000034,6586.328054299976,False,True,False,0
4806,303.6,312.6,1606,33.6,184,9.0,5650.845537865033,False,True,False,0
4807,303.6,312.5,1375,54.0,186,8.899999999999977,7775.441817634738,True,False,False,0
4808,303.5,312.4,1503,36.5,191,8.899999999999977,5744.873405986975,False,True,False,0
4809,303.5,312.3,1404,48.6,193,8.800000000000011,7145.489658736913,False,True,False,0
4810,303.4,312.2,1656,32.7,195,8.800000000000011,5670.700403435721,False,True,False,0
4811,303.4,312.1,1499,39.4,197,8.700000000000045,6184.811569220177,False,False,True,0
4812,303.4,312.0,1748,28.4,200,8.600000000000023,5198.623747356293,False,False,True,0
4813,303.4,311.9,1531,37.9,203,8.5,6076.353318842746,False,True,False,0
4814,303.3,311.8,1536,40.6,205,8.5,6530.491480870175,False,False,True,0
4815,303.4,311.8,1401,53.0,208,8.400000000000034,7775.755976900096,False,True,False,1
4816,303.4,311.9,1534,33.2,210,8.5,5333.251464538129,True,False,False,0
4817,303.4,312.0,1521,35.9,215,8.600000000000023,5718.10703657839,False,True,False,1
4818,303.5,312.1,1674,30.8,0,8.600000000000023,5399.266798165562,False,True,False,0
4819,303.6,312.1,1967,20.9,2,8.5,4305.060548895748,False,False,True,0
4820,303.6,312.2,1696,30.7,5,8.599999999999966,5452.4644337663485,False,True,False,0
4821,303.6,312.1,1627,32.5,7,8.5,5537.318851339809,False,False,True,0
4822,303.5,311.9,1405,45.6,10,8.399999999999977,6709.185271006362,False,True,False,0
4823,303.5,311.9,1565,38.9,12,8.399999999999977,6375.181612052207,False,True,False,0
4824,303.5,311.9,1493,38.7,14,8.399999999999977,6050.613203034334,False,True,False,0
4825,303.4,311.8,1499,45.0,16,8.400000000000034,7063.87108159665,False,True,False,0
4826,303.3,311.8,1692,30.6,18,8.5,5421.886265271409,False,True,False,0
4827,303.4,311.8,2268,15.8,20,8.400000000000034,3752.569592859936,False,True,False,0
4828,303.4,311.8,1438,58.9,22,8.400000000000034,8869.574763075967,False,True,False,0
4829,303.5,311.9,1515,39.2,24,8.399999999999977,6219.096817046355,False,True,False,0
4830,303.4,311.9,1491,38.2,26,8.5,5964.439316546366,False,True,False,0
4831,303.5,312.0,1756,29.7,28,8.5,5461.470332706639,False,True,False,0
4832,303.5,312.0,1366,54.5,30,8.5,7796.071609393311,False,True,False,1
4833,303.5,312.0,1436,45.1,32,8.5,6782.028332667597,False,True,False,0
4834,303.4,311.9,1377,41.6,34,8.5,5998.682676470495,False,True,False,1
4835,303.4,311.9,1510,42.2,36,8.5,6672.952235734961,False,False,True,0
4836,303.4,311.9,1419,50.9,39,8.5,7563.604225003177,False,False,True,0
4837,303.3,311.8,1315,62.0,42,8.5,8537.80163490586,False,True,False,1
4838,303.3,311.8,1806,27.7,44,8.5,5238.731413567123,True,False,False,0
4839,303.3,311.8,1649,29.4,49,8.5,5076.876560054177,True,False,False,0
4840,303.4,311.9,1402,50.0,54,8.5,7340.854833888149,True,False,False,0
4841,303.4,311.9,1298,63.9,59,8.5,8685.686873085844,False,True,False,1
4842,303.3,311.8,1441,44.9,61,8.5,6775.462404021595,False,False,True,0
4843,303.3,311.8,1489,49.4,64,8.5,7702.829139434764,False,False,True,0
4844,303.3,311.8,1842,24.5,67,8.5,4725.897828795126,False,True,False,0
4845,303.4,311.8,1316,50.9,69,8.400000000000034,7014.589964837337,False,False,True,1
4846,303.3,311.8,1583,33.3,72,8.5,5520.186699402232,False,False,True,0
4847,303.3,311.8,1548,33.5,75,8.5,5430.5570609953165,False,False,True,0
4848,303.4,311.9,1434,44.6,78,8.5,6697.498546335008,False,True,False,0
4849,303.5,312.0,1397,52.9,80,8.5,7738.926039024513,True,False,False,0
4850,303.5,312.0,1475,42.9,85,8.5,6626.404304584271,False,False,True,0
4851,303.5,312.0,1441,56.8,88,8.5,8571.186292838009,False,True,False,0
4852,303.7,312.1,1363,51.8,90,8.400000000000034,7393.570758615386,False,True,False,1
4853,303.7,312.2,1619,34.9,92,8.5,5916.990795501648,False,True,False,0
4854,303.7,312.2,1487,34.0,94,8.5,5294.4213793397585,False,True,False,0
4855,303.7,312.2,1568,33.8,96,8.5,5549.979469733776,False,True,False,0
4856,303.7,312.3,1375,46.2,98,8.600000000000023,6652.322443976387,False,True,False,0
4857,303.6,312.3,1698,31.3,100,8.699999999999989,5565.582713246606,False,False,True,0
4858,303.7,312.3,1606,37.4,103,8.600000000000023,6289.929259409291,False,True,False,0
4859,303.7,312.3,1349,51.0,105,8.600000000000023,7204.614432477472,False,True,False,0
4860,303.7,312.4,1535,38.6,107,8.699999999999989,6204.750210594961,False,True,False,0
4861,303.6,312.4,1504,49.5,109,8.799999999999955,7796.17632914843,False,False,True,0
4862,303.5,312.3,1946,21.1,112,8.800000000000011,4299.855977066302,False,True,False,0
4863,303.5,312.1,1326,55.7,114,8.600000000000023,7734.412617578854,False,True,False,0
4864,303.6,312.3,1915,22.3,116,8.699999999999989,4472.004782507511,False,False,True,0
4865,303.6,312.3,1451,43.4,119,8.699999999999989,6594.559027052383,False,True,False,0
4866,303.5,312.3,1624,34.8,121,8.800000000000011,5918.2579045385955,False,False,True,0
4867,303.6,312.4,1781,28.7,124,8.799999999999955,5352.718867014873,False,True,False,0
4868,303.6,312.5,1345,54.1,126,8.899999999999977,7619.8806214044835,False,True,False,0
4869,303.6,312.4,1418,46.0,128,8.799999999999955,6830.660186945167,False,True,False,0
4870,303.7,312.4,1718,26.5,130,8.699999999999989,4767.57629133275,False,True,False,0
4871,303.7,312.4,1631,28.5,132,8.699999999999989,4867.740737104705,False,False,True,0
4872,303.7,312.4,1513,40.1,135,8.699999999999989,6353.483678791414,False,True,False,0
4873,303.7,312.4,1316,59.3,137,8.699999999999989,8172.204025832105,False,True,False,0
4874,303.7,312.4,1474,38.8,139,8.699999999999989,5989.048458999485,False,False,True,0
4875,303.8,312.5,1619,30.9,142,8.699999999999989,5238.825661346731,False,True,False,0
4876,303.7,312.4,1702,31.2,144,8.699999999999989,5560.870324266221,False,True,False,0
4877,303.7,312.4,1540,37.4,146,8.699999999999989,6031.439015871924,False,False,True,0
4878,303.7,312.4,1546,33.7,149,8.699999999999989,5455.920185685298,False,False,True,0
4879,303.7,312.4,1348,51.0,152,8.699999999999989,7199.27372496637,False,True,False,0
4880,303.7,312.5,1520,35.6,154,8.800000000000011,5666.595389035029,True,False,False,0
4881,303.8,312.6,1527,41.9,159,8.800000000000011,6700.106068237487,False,False,True,0
4882,303.8,312.6,1406,47.1,162,8.800000000000011,6934.814455387182,False,False,True,0
4883,303.7,312.5,1462,46.2,165,8.800000000000011,7073.233027704348,False,True,False,0
4884,303.8,312.6,1684,29.3,167,8.800000000000011,5166.998381310157,False,False,True,0
4885,303.8,312.5,1655,28.0,170,8.699999999999989,4852.713452245033,True,False,False,0
4886,303.8,312.5,1748,25.1,175,8.699999999999989,4594.558311924048,True,False,False,0
4887,303.8,312.5,1372,45.7,180,8.699999999999989,6565.970533904715,False,True,False,0
4888,303.7,312.5,1481,33.3,182,8.800000000000011,5164.495579162796,False,True,False,0
4889,303.7,312.4,1512,39.2,184,8.699999999999989,6206.781773844283,False,True,False,0
4890,303.7,312.5,1632,36.6,186,8.800000000000011,6255.036637003422,False,True,False,0
4891,303.7,312.4,1525,43.9,188,8.699999999999989,7010.725805873422,False,True,False,0
4892,303.7,312.3,1756,26.4,190,8.600000000000023,4854.640295739235,False,False,True,0
4893,303.7,312.3,1922,23.1,193,8.600000000000023,4649.3686317536785,False,True,False,0
4894,303.8,312.5,1448,44.3,195,8.699999999999989,6717.395299807743,False,False,True,0
4895,303.8,312.5,1447,46.6,198,8.699999999999989,7061.274031669682,True,False,False,0
4896,303.8,312.4,1597,33.4,203,8.599999999999966,5585.730794131628,False,False,True,0
4897,303.7,312.4,1642,32.3,206,8.699999999999989,5553.979764379347,False,False,True,0
4898,303.8,312.5,1525,38.0,209,8.699999999999989,6068.509809184284,True,False,False,0
4899,303.6,312.4,1460,53.7,214,8.799999999999955,8210.238240891566,True,False,False,0
4900,303.6,312.3,2168,17.7,219,8.699999999999989,4018.473995059776,False,True,False,0
4901,303.6,312.4,1388,41.9,221,8.799999999999955,6090.207742445076,False,True,False,0
4902,303.6,312.3,1630,32.4,223,8.699999999999989,5530.459707379471,False,False,True,0
4903,303.6,312.3,1616,29.3,226,8.699999999999989,4958.354741209747,False,True,False,0
4904,303.6,312.4,2232,16.8,0,8.799999999999955,3926.739489574954,False,True,False,0
4905,303.6,312.4,1480,50.7,2,8.799999999999955,7857.751545158791,True,False,False,0
4906,303.6,312.4,1363,53.1,7,8.799999999999955,7579.123692711912,False,True,False,0
4907,303.6,312.4,1436,45.6,9,8.799999999999955,6857.2171168435125,True,False,False,0
4908,303.6,312.5,1607,33.7,14,8.899999999999977,5671.192586284783,False,False,True,0
4909,303.6,312.5,1459,48.2,17,8.899999999999977,7364.29111508393,False,False,True,0
4910,303.5,312.4,1481,43.7,20,8.899999999999977,6777.431135417844,False,True,False,0
4911,303.5,312.4,1606,31.7,22,8.899999999999977,5331.303677092902,False,False,True,0
4912,303.5,312.3,1681,29.8,25,8.800000000000011,5245.810469013212,False,True,False,0
4913,303.5,312.2,1511,37.1,27,8.699999999999989,5870.390504473399,False,True,False,0
4914,303.5,312.3,1593,35.2,29,8.800000000000011,5872.013660677754,False,False,True,0
4915,303.5,312.3,1532,41.7,32,8.800000000000011,6689.958723966392,False,False,True,0
4916,303.5,312.3,1386,49.0,35,8.800000000000011,7111.937449196574,True,False,False,0
4917,303.4,312.3,1769,27.9,40,8.900000000000034,5168.45398590632,True,False,False,0
4918,303.4,312.2,1561,38.2,45,8.800000000000011,6244.459941736336,False,False,True,0
4919,303.3,312.2,1457,40.7,48,8.899999999999977,6209.871006620312,False,True,False,0
4920,303.3,312.2,1506,40.0,50,8.899999999999977,6308.318048408304,False,True,False,0
4921,303.4,312.2,1337,69.4,52,8.800000000000011,9716.715694091967,False,True,False,1
4922,303.4,312.3,1287,54.8,54,8.900000000000034,7385.633001177315,False,True,False,0
4923,303.4,312.2,1615,35.7,56,8.800000000000011,6037.669841301545,False,False,True,0
4924,303.4,312.2,1972,23.5,59,8.800000000000011,4852.922891755273,False,False,True,0
4925,303.4,312.3,1522,42.1,62,8.900000000000034,6710.043972998344,True,False,False,0
4926,303.4,312.3,1680,30.6,67,8.900000000000034,5383.433171191469,False,True,False,0
4927,303.4,312.3,1502,36.0,69,8.900000000000034,5662.406598830243,False,True,False,0
4928,303.5,312.3,1543,33.3,71,8.800000000000011,5380.699985582845,False,False,True,0
4929,303.5,312.3,1584,35.2,74,8.800000000000011,5838.838442255846,False,True,False,0
4930,303.5,312.4,1340,44.5,76,8.899999999999977,6244.438997785312,False,True,False,0
4931,303.4,312.3,1663,33.9,78,8.900000000000034,5903.649498699403,False,True,False,0
4932,303.3,312.1,1693,30.0,80,8.800000000000011,5318.71636252752,False,False,True,0
4933,303.3,312.1,1418,44.7,83,8.800000000000011,6637.619790357587,False,True,False,0
4934,303.4,312.2,1554,36.8,85,8.800000000000011,5988.629579979007,True,False,False,0
4935,303.4,312.2,1580,35.8,90,8.800000000000011,5923.368228588434,False,True,False,0
4936,303.4,312.3,1479,42.8,92,8.900000000000034,6628.886162780606,False,True,False,0
4937,303.5,312.4,1284,70.6,94,8.899999999999977,9492.887689499204,False,True,False,1
4938,303.4,312.3,1540,38.7,96,8.900000000000034,6241.087965621484,False,True,False,0
4939,303.5,312.4,1606,30.1,98,8.899999999999977,5062.215794337426,False,False,True,0
4940,303.6,312.5,1286,62.4,101,8.899999999999977,8403.383357234265,False,True,False,0
4941,303.6,312.6,1502,39.5,103,9.0,6212.918351494294,False,True,False,0
4942,303.6,312.7,1699,31.5,105,9.099999999999966,5604.444214371511,False,False,True,0
4943,303.5,312.6,1602,34.2,108,9.100000000000023,5737.427831397968,False,True,False,0
4944,303.6,312.6,1436,42.0,110,9.0,6315.85787077692,True,False,False,0
4945,303.6,312.7,1765,27.5,115,9.099999999999966,5082.835114120486,False,False,True,0
4946,303.6,312.7,1418,44.1,118,9.099999999999966,6548.52422270178,False,True,False,0
4947,303.7,312.7,1669,31.7,120,9.0,5540.439500042375,False,False,True,0
4948,303.7,312.7,1395,53.9,123,9.0,7873.930747324777,False,True,False,0
4949,303.8,312.7,1500,41.7,125,8.899999999999977,6550.220682734719,False,False,True,0
4950,303.8,312.7,1555,33.4,128,8.899999999999977,5438.829921649769,False,False,True,0
4951,303.8,312.7,1919,20.2,131,8.899999999999977,4059.3356435074666,False,False,True,0
4952,303.8,312.7,1596,36.6,134,8.899999999999977,6117.057887657758,False,True,False,0
4953,303.8,312.7,1374,53.6,136,8.899999999999977,7712.232973444512,False,False,True,0
4954,303.7,312.5,1670,26.1,139,8.800000000000011,4564.41996640061,False,True,False,0
4955,303.7,312.6,1702,29.1,141,8.900000000000034,5186.580975517533,False,True,False,0
4956,303.8,312.5,1366,45.1,143,8.699999999999989,6451.428065754832,False,False,True,0
4957,303.8,312.5,2344,15.2,146,8.699999999999989,3731.039211207333,False,False,True,0
4958,303.8,312.6,1768,23.9,149,8.800000000000011,4424.954196532247,False,False,True,0
4959,303.8,312.5,1523,47.0,152,8.699999999999989,7495.944791220366,False,True,False,0
4960,303.8,312.6,1735,25.9,154,8.800000000000011,4705.739275934591,False,True,False,0
4961,303.9,312.7,1339,62.3,156,8.800000000000011,8735.690556155481,False,True,False,0
4962,303.9,312.7,1800,24.3,158,8.800000000000011,4580.442088933918,False,True,False,0
4963,304.0,312.7,1456,51.2,160,8.699999999999989,7806.5645288563,False,False,True,0
4964,303.9,312.7,1789,24.4,163,8.800000000000011,4571.18486258134,False,True,False,0
4965,303.9,312.7,1602,33.9,165,8.800000000000011,5687.0995170874585,False,True,False,0
4966,303.8,312.7,1364,49.3,167,8.899999999999977,7041.900876972544,False,False,True,0
4967,303.8,312.6,1793,28.1,170,8.800000000000011,5276.1268381203545,False,True,False,0
4968,303.9,312.6,1426,53.4,172,8.700000000000045,7974.241800753899,False,True,False,0
4969,303.9,312.7,1485,43.3,174,8.800000000000011,6733.532614071682,False,False,True,0
4970,303.9,312.7,1528,38.4,177,8.800000000000011,6144.452575597061,False,True,False,0
4971,303.8,312.6,1565,36.0,179,8.800000000000011,5899.911003441631,False,True,False,0
4972,303.8,312.7,1838,27.8,181,8.899999999999977,5350.802495496184,False,True,False,0
4973,303.8,312.6,1811,24.9,183,8.800000000000011,4722.222165390425,True,False,False,0
4974,303.8,312.7,1461,38.2,188,8.899999999999977,5844.430477179236,False,True,False,0
4975,303.8,312.7,1414,41.7,190,8.899999999999977,6174.674696924595,False,True,False,0
4976,303.7,312.7,1426,45.5,192,9.0,6794.531871428884,False,True,False,0
4977,303.7,312.7,1359,56.8,194,9.0,8083.443561392681,False,True,False,1
4978,303.7,312.7,1540,44.8,196,9.0,7224.825345215567,False,True,False,0
4979,303.6,312.7,1429,47.7,198,9.099999999999966,7138.044084147905,False,True,False,0
4980,303.7,312.7,1612,36.3,200,9.0,6127.739302679963,False,False,True,0
4981,303.7,312.8,1685,31.8,203,9.100000000000023,5611.1986385767295,False,False,True,0
4982,303.7,312.8,1558,37.7,206,9.100000000000023,6150.882368561409,False,False,True,0
4983,303.7,313.0,1811,24.3,209,9.300000000000011,4608.4336794774035,False,True,False,0
4984,303.8,313.1,1869,25.8,211,9.300000000000011,5049.607535821018,False,True,False,0
4985,303.8,313.1,1256,58.7,213,9.300000000000011,7720.694329658179,False,True,False,1
4986,303.8,313.0,1789,23.5,215,9.199999999999989,4402.575584863176,False,False,True,0
4987,303.7,312.9,1502,40.5,0,9.199999999999989,6370.2074236840235,False,True,False,0
4988,303.7,313.0,1303,54.4,2,9.300000000000011,7422.871346097867,False,False,True,0
4989,303.8,313.1,2497,13.0,5,9.300000000000011,3399.3079709392755,False,True,False,1
4990,303.9,313.2,1499,37.4,7,9.300000000000011,5870.861743371437,False,True,False,0
4991,303.9,313.2,1393,46.5,9,9.300000000000011,6783.1697779984015,False,True,False,0
4992,303.9,313.0,1475,41.0,11,9.100000000000023,6332.927190861425,False,False,True,0
4993,303.8,312.9,1573,34.6,14,9.099999999999966,5699.456448191579,False,True,False,0
4994,303.8,312.9,1819,23.7,16,9.099999999999966,4514.500059135068,False,True,False,0
4995,303.5,312.6,1642,29.4,18,9.100000000000023,5055.325234450551,False,False,True,0
4996,303.6,312.6,1540,39.8,21,9.0,6418.483230794186,False,True,False,0
4997,303.6,312.8,1400,43.2,23,9.199999999999989,6333.450789637023,False,False,True,0
4998,303.6,312.8,2659,11.4,26,9.199999999999989,3174.328049040199,False,False,True,1
4999,303.6,312.8,1825,25.2,29,9.199999999999989,4816.061537953153,False,False,True,0
5000,303.7,312.9,1532,41.3,32,9.199999999999989,6625.786458029064,False,False,True,0
5001,303.7,312.8,1832,23.6,35,9.100000000000023,4527.579556549515,False,True,False,0
5002,303.6,312.7,2174,17.6,37,9.099999999999966,4006.82915829047,False,False,True,0
5003,303.7,312.8,1627,31.7,40,9.100000000000023,5401.0156180760605,False,True,False,0
5004,303.7,312.8,1437,51.3,42,9.100000000000023,7719.74137988659,False,True,False,0
5005,303.7,312.8,1364,46.3,44,9.100000000000023,6613.387639022897,False,True,False,0
5006,303.7,312.9,1444,52.7,46,9.199999999999989,7969.047700899965,False,False,True,0
5007,303.7,312.8,1366,47.3,49,9.100000000000023,6766.1318738404325,False,False,True,0
5008,303.8,312.9,1442,48.3,52,9.099999999999966,7293.584336427134,False,True,False,0
5009,303.7,312.8,1488,42.8,54,9.100000000000023,6669.224212452699,True,False,False,0
5010,303.7,312.8,1523,40.7,59,9.100000000000023,6491.169212822743,False,True,False,0
5011,303.7,312.8,1543,38.3,61,9.100000000000023,6188.61289633102,False,True,False,0
5012,303.7,312.8,1634,33.8,63,9.100000000000023,5783.588299454713,False,False,True,0
5013,303.8,312.9,1815,27.8,66,9.099999999999966,5283.844684072673,False,False,True,0
5014,303.8,312.9,1594,35.2,69,9.099999999999966,5875.6997960579665,False,False,True,0
5015,303.8,313.0,1452,38.6,72,9.199999999999989,5869.249059142595,False,True,False,0
5016,303.9,313.0,1759,28.4,74,9.100000000000023,5231.338198855675,False,True,False,0
5017,303.9,313.0,1408,47.5,76,9.100000000000023,7003.657222402845,False,True,False,0
5018,303.9,313.0,1483,45.0,78,9.100000000000023,6988.472857910495,False,True,False,0
5019,303.9,313.0,1620,36.6,80,9.100000000000023,6209.043720554867,False,False,True,0
5020,304.0,313.1,1466,39.5,83,9.100000000000023,6064.006859714138,False,False,True,0
5021,304.1,313.1,1556,36.3,86,9.0,5914.864984472718,False,True,False,0
5022,304.0,313.0,1350,61.1,88,9.0,8637.809001045136,False,True,False,0
5023,304.0,313.1,1404,47.1,90,9.100000000000023,6924.94985445491,False,True,False,0
5024,304.0,313.0,1575,34.5,92,9.0,5690.209693814512,False,False,True,0
5025,303.9,313.1,1639,29.0,95,9.200000000000045,4977.434680592548,False,True,False,0
5026,303.9,313.1,1473,42.8,97,9.200000000000045,6601.994129665877,False,False,True,0
5027,303.9,313.2,1481,40.0,100,9.300000000000011,6203.5982932886445,False,True,False,0
5028,304.0,313.3,1294,54.6,102,9.300000000000011,7398.702026616251,False,True,False,0
5029,303.9,313.2,1630,29.3,104,9.300000000000011,5001.31078475983,False,False,True,0
5030,303.9,313.2,1624,39.8,107,9.300000000000011,6768.582316110233,False,False,True,0
5031,303.9,313.1,1437,48.3,110,9.200000000000045,7268.294515565736,False,False,True,0
5032,303.8,313.0,1514,45.0,113,9.199999999999989,7134.55691630242,False,False,True,0
5033,304.0,313.1,1694,31.4,116,9.100000000000023,5570.211326422895,False,False,True,0
5034,304.0,313.1,1564,50.9,119,9.100000000000023,8336.488377663825,False,True,False,0
5035,303.9,313.1,1514,41.1,121,9.200000000000045,6516.228650222877,False,False,True,0
5036,304.0,313.2,1500,40.6,124,9.199999999999989,6377.4330867872795,False,False,True,0
5037,304.0,313.2,1615,37.8,127,9.199999999999989,6392.826890789869,False,True,False,0
5038,304.1,313.2,1586,41.1,129,9.099999999999966,6826.115349572975,False,False,True,0
5039,304.1,313.3,1732,28.5,132,9.199999999999989,5169.176552216645,False,True,False,0
5040,304.1,313.3,1689,32.5,134,9.199999999999989,5748.329157905924,True,False,False,0
5041,304.1,313.2,1586,34.6,139,9.099999999999966,5746.559394044402,True,False,False,0
5042,304.0,313.2,1314,47.1,144,9.199999999999989,6481.042812502671,False,True,False,0
5043,304.1,313.2,1569,35.8,146,9.099999999999966,5882.129589022313,False,True,False,0
5044,304.1,313.2,1468,39.4,148,9.099999999999966,6056.906860317024,False,True,False,0
5045,304.1,313.2,1412,47.5,150,9.099999999999966,7023.55397587558,False,True,False,0
5046,304.1,313.2,1510,46.9,152,9.099999999999966,7416.148337819185,False,False,True,0
5047,304.1,313.2,1410,42.4,155,9.099999999999966,6260.565840073739,False,False,True,0
5048,304.1,313.3,1680,29.3,158,9.199999999999989,5154.725226010132,False,False,True,0
5049,304.0,313.2,1271,68.6,161,9.199999999999989,9130.578280736207,True,False,False,1
5050,304.0,313.1,1472,45.5,166,9.100000000000023,7013.710318894333,True,False,False,0
5051,304.0,313.0,1701,30.4,171,9.0,5415.100425139653,True,False,False,0
5052,303.9,313.0,1480,39.9,176,9.100000000000023,6183.910979326149,False,True,False,0
5053,303.9,313.0,1433,48.4,178,9.100000000000023,7263.068999785266,False,True,False,0
5054,303.8,312.9,1514,34.3,180,9.099999999999966,5438.117827314955,False,True,False,0
5055,303.8,312.9,1619,35.7,182,9.099999999999966,6052.623822332632,False,True,False,0
5056,303.8,312.9,1378,45.6,184,9.099999999999966,6580.2543085030375,True,False,False,0
5057,303.9,312.9,1430,53.5,189,9.0,8011.5848654295705,False,False,True,0
5058,303.8,312.9,1367,49.9,192,9.099999999999966,7143.280071903888,False,True,False,0
5059,303.9,312.9,1526,42.5,194,9.0,6791.599718285534,False,True,False,0
5060,303.9,312.8,1419,47.9,196,8.900000000000034,7117.812227458785,False,True,False,0
5061,304.0,312.8,1542,42.7,198,8.800000000000011,6895.104724245807,False,True,False,0
5062,304.0,312.9,1363,62.5,200,8.899999999999977,8920.814139256016,False,True,False,1
5063,304.0,312.9,1313,53.9,202,8.899999999999977,7411.090373646905,False,True,False,0
5064,304.0,312.9,1495,46.6,0,8.899999999999977,7295.511179921337,True,False,False,0
5065,304.0,313.0,1407,42.1,5,9.0,6203.0432785865105,False,True,False,0
5066,304.1,313.0,1566,37.2,7,8.899999999999977,6100.470278446804,False,True,False,0
5067,304.1,313.1,1550,30.9,9,9.0,5015.552671456105,False,True,False,0
5068,304.2,313.2,1396,50.5,11,9.0,7382.533296425774,False,False,True,0
5069,304.3,313.3,1540,39.0,14,9.0,6289.468492486765,False,False,True,0
5070,304.2,313.2,1380,48.7,17,9.0,7037.795862571854,False,False,True,0
5071,304.2,313.1,1608,31.1,20,8.900000000000034,5236.909289828041,False,False,True,0
5072,304.2,313.0,1442,40.9,23,8.800000000000011,6176.1407734962695,True,False,False,0
5073,304.1,313.0,1408,45.3,28,8.899999999999977,6679.277308944186,False,True,False,0
5074,304.0,313.0,1454,46.8,30,9.0,7125.8861205785115,False,False,True,0
5075,304.1,313.1,1666,34.6,33,9.0,6036.423676215621,False,True,False,0
5076,304.1,313.2,1366,46.6,35,9.099999999999966,6665.998843995014,False,True,False,0
5077,304.2,313.2,1464,44.9,37,9.0,6883.606495133667,False,True,False,0
5078,304.3,313.3,1775,24.9,39,9.0,4628.351376901162,False,True,False,0
5079,304.3,313.4,1482,43.8,41,9.099999999999966,6797.5268564253065,False,False,True,0
5080,304.2,313.4,1411,54.8,44,9.199999999999989,8097.224681166428,False,False,True,0
5081,304.2,313.3,1410,51.6,47,9.100000000000023,7618.990503485966,False,True,False,0
5082,304.1,313.3,1494,39.0,49,9.199999999999989,6101.601251802096,False,False,True,0
5083,304.1,313.2,1590,43.4,52,9.099999999999966,7226.291421787242,True,False,False,0
5084,304.1,313.1,1327,54.1,57,9.0,7517.904523868958,False,True,False,0
5085,304.1,313.1,1969,20.8,59,9.0,4288.81851487669,False,True,False,0
5086,304.0,313.0,1377,56.0,61,9.0,8075.149756787204,False,False,True,0
5087,304.0,313.0,1541,45.9,64,9.0,7407.027247148262,False,True,False,0
5088,304.0,313.0,1685,28.2,66,9.0,4975.9686040208735,False,False,True,0
5089,304.0,313.1,1465,41.0,69,9.100000000000023,6289.992091262364,False,True,False,0
5090,303.9,313.1,1483,47.2,71,9.200000000000045,7330.131530963897,False,False,True,0
5091,303.9,313.2,1570,40.7,74,9.300000000000011,6691.48763239114,False,False,True,0
5092,303.9,313.2,1345,48.2,77,9.300000000000011,6788.877004652424,False,True,False,0
5093,303.9,313.2,1608,40.6,79,9.300000000000011,6836.608269035964,False,False,True,0
5094,304.0,313.3,1415,52.8,82,9.300000000000011,7823.82234450002,False,False,True,0
5095,304.1,313.5,1470,45.8,85,9.399999999999977,7050.362233186213,False,False,True,0
5096,304.1,313.5,1428,39.9,88,9.399999999999977,5966.638431403878,False,False,True,0
5097,304.2,313.5,1627,32.2,91,9.300000000000011,5486.205138865904,True,False,False,0
5098,304.2,313.4,1457,49.4,96,9.199999999999989,7537.288150541608,False,True,False,0
5099,304.2,313.4,1475,40.2,98,9.199999999999989,6209.357879820227,False,True,False,0
5100,304.2,313.5,1438,50.1,100,9.300000000000011,7544.409093889744,False,True,False,0
5101,304.2,313.5,1437,47.2,102,9.300000000000011,7102.763998648092,False,False,True,0
5102,304.1,313.4,1518,42.4,105,9.299999999999955,6740.098542717685,False,False,True,0
5103,304.1,313.5,1587,33.6,108,9.399999999999977,5583.992446196642,False,False,True,0
5104,304.1,313.4,1399,43.7,111,9.299999999999955,6402.178364922056,False,True,False,0
5105,304.1,313.5,1469,44.6,113,9.399999999999977,6860.9660840767965,False,True,False,0
5106,304.1,313.4,1374,56.6,115,9.299999999999955,8143.887804047749,False,True,False,0
5107,304.0,313.3,1519,36.7,117,9.300000000000011,5837.843604582209,False,True,False,0
5108,303.9,313.2,1540,44.4,119,9.300000000000011,7160.317976061856,False,True,False,0
5109,303.9,313.3,1394,51.6,121,9.400000000000034,7532.533873659176,False,True,False,0
5110,304.0,313.4,1389,45.8,123,9.399999999999977,6661.872885643299,False,False,True,0
5111,304.0,313.5,1732,26.2,126,9.5,4752.014935721969,False,False,True,0
5112,304.1,313.6,1556,37.4,129,9.5,6094.103317335528,False,True,False,0
5113,304.1,313.6,1441,43.7,131,9.5,6594.381003468679,False,False,True,0
5114,304.1,313.6,1382,46.7,134,9.5,6758.550163569769,False,True,False,0
5115,304.2,313.8,1481,44.9,136,9.600000000000023,6963.5390842165025,False,False,True,0
5116,304.2,313.7,2113,18.4,139,9.5,4071.4203032482756,False,False,True,0
5117,304.2,313.8,1401,53.9,142,9.600000000000023,7907.797116130475,False,True,False,0
5118,304.1,313.6,1611,31.4,144,9.5,5297.290700630037,False,True,False,0
5119,304.2,313.6,1512,33.4,146,9.400000000000034,5288.431409346914,False,False,True,0
5120,304.2,313.6,1411,46.0,149,9.400000000000034,6796.940425796637,False,True,False,0
5121,304.2,313.6,1424,43.7,151,9.400000000000034,6516.5846973902835,False,False,True,0
5122,304.2,313.6,1469,40.0,154,9.400000000000034,6153.332810831208,False,True,False,0
5123,304.2,313.5,1684,29.8,156,9.300000000000011,5255.17241512091,True,False,False,0
5124,304.2,313.5,1532,41.3,161,9.300000000000011,6625.786458029064,False,False,True,0
5125,304.2,313.5,1557,37.3,164,9.300000000000011,6081.714970304873,False,False,True,0
5126,304.3,313.5,1416,48.1,167,9.199999999999989,7132.420633297979,False,False,True,0
5127,304.3,313.5,1802,25.4,170,9.199999999999989,4793.106967630923,False,True,False,0
5128,304.3,313.5,2245,15.1,172,9.199999999999989,3549.9473386789064,False,False,True,0
5129,304.2,313.4,1434,42.5,175,9.199999999999989,6382.145475767665,False,True,False,0
5130,304.1,313.3,1725,28.3,177,9.199999999999989,5112.1566455539905,False,False,True,0
5131,304.2,313.3,1668,35.7,180,9.100000000000023,6235.810089963453,False,True,False,0
5132,304.1,313.3,1452,43.9,182,9.199999999999989,6675.130406641448,False,True,False,0
5133,304.1,313.3,1415,50.0,184,9.199999999999989,7408.922674715928,False,True,False,0
5134,304.1,313.2,1824,25.8,186,9.099999999999966,4928.027900127094,False,True,False,0
5135,304.1,313.3,1438,45.5,188,9.199999999999989,6851.708857724218,False,True,False,0
5136,304.1,313.3,1883,24.5,190,9.199999999999989,4831.088822812824,False,True,False,0
5137,304.2,313.4,1735,28.9,192,9.199999999999989,5250.80560133242,False,True,False,0
5138,304.3,313.5,1464,36.7,194,9.199999999999989,5626.466778873176,False,True,False,0
5139,304.3,313.6,1489,40.3,196,9.300000000000011,6283.886929538888,False,False,True,0
5140,304.4,313.6,1510,38.9,199,9.200000000000045,6151.133695973695,False,False,True,0
5141,304.3,313.6,1585,32.1,202,9.300000000000011,5327.98406085561,False,False,True,0
5142,304.4,313.7,1509,35.0,205,9.300000000000011,5530.77386664483,False,True,False,1
5143,304.4,313.6,1568,39.1,0,9.200000000000045,6420.242522680197,False,True,False,0
5144,304.3,313.5,1525,42.0,2,9.199999999999989,6707.300315414208,False,False,True,0
5145,304.4,313.7,1607,33.5,5,9.300000000000011,5637.535656989324,False,True,False,0
5146,304.5,313.7,1670,32.9,7,9.199999999999989,5753.617505539467,False,True,False,0
5147,304.4,313.6,1585,38.9,9,9.200000000000045,6456.653581535303,False,True,False,0
5148,304.4,313.6,1569,38.4,11,9.200000000000045,6309.323358057453,False,True,False,0
5149,304.4,313.6,1507,43.1,13,9.200000000000045,6801.726118605606,False,True,False,0
5150,304.3,313.5,1452,41.5,15,9.199999999999989,6310.203004000458,False,True,False,0
5151,304.3,313.5,1590,29.8,17,9.199999999999989,4961.831437079719,False,True,False,0
5152,304.3,313.6,1409,56.0,19,9.300000000000011,8262.807557961634,False,True,False,0
5153,304.3,313.5,2643,12.7,21,9.199999999999989,3515.0337723220114,False,True,False,0
5154,304.2,313.4,1644,31.7,23,9.199999999999989,5457.449094110044,False,True,False,0
5155,304.2,313.4,1568,37.6,25,9.199999999999989,6173.941658638757,False,True,False,0
5156,304.2,313.3,1625,37.3,27,9.100000000000023,6347.326157190377,True,False,False,0
5157,304.2,313.4,1482,41.4,32,9.199999999999989,6425.0596314157,False,True,False,0
5158,304.1,313.3,1397,49.6,34,9.199999999999989,7256.157495947368,True,False,False,0
5159,304.1,313.3,1459,50.3,39,9.199999999999989,7685.141972795054,False,True,False,0
5160,304.2,313.4,1490,44.0,41,9.199999999999989,6865.427145644894,False,True,False,0
5161,304.1,313.2,1434,50.1,43,9.099999999999966,7523.423254963765,False,True,False,0
5162,304.1,313.2,2028,18.9,45,9.099999999999966,4013.824437932463,False,False,True,0
5163,304.2,313.3,1464,45.9,48,9.100000000000023,7036.916216628848,False,True,False,0
5164,304.2,313.4,1713,23.5,50,9.199999999999989,4215.546102219464,False,False,True,0
5165,304.3,313.4,1624,32.1,53,9.099999999999966,5459.0827222899115,False,False,True,0
5166,304.2,313.4,1421,43.4,56,9.199999999999989,6458.213905886585,False,True,False,0
5167,304.2,313.5,1546,41.4,58,9.300000000000011,6702.525094580751,True,False,False,0
5168,304.2,313.4,1639,32.7,63,9.199999999999989,5612.486691564702,False,True,False,0
5169,304.1,313.4,1696,29.6,65,9.299999999999955,5257.099258615112,True,False,False,0
5170,304.1,313.3,1470,39.9,70,9.199999999999989,6142.127797033404,False,True,False,0
5171,304.1,313.3,1480,38.4,72,9.199999999999989,5951.433122960504,False,False,True,0
5172,304.2,313.4,1329,54.5,75,9.199999999999989,7584.904223194517,False,False,True,0
5173,304.2,313.4,1740,28.2,78,9.199999999999989,5138.388944211465,False,True,False,0
5174,304.2,313.5,1739,28.1,80,9.300000000000011,5117.225081701782,False,False,True,0
5175,304.2,313.5,1390,47.8,83,9.300000000000011,6957.7899696604345,False,False,True,0
5176,304.2,313.4,1740,23.7,86,9.199999999999989,4318.433261624529,False,True,False,0
5177,304.0,313.3,1844,27.1,88,9.300000000000011,5233.097490741686,False,False,True,0
5178,304.0,313.1,1388,53.2,91,9.100000000000023,7732.67426964387,True,False,False,0
5179,304.0,313.2,1517,43.1,96,9.199999999999989,6846.860333062179,True,False,False,0
5180,304.0,313.1,1450,42.8,101,9.100000000000023,6498.908002726084,False,False,True,0
5181,304.0,313.2,1584,38.7,104,9.199999999999989,6419.40476463924,False,True,False,0
5182,304.0,313.1,1720,28.7,106,9.100000000000023,5169.385991726885,False,True,False,0
5183,303.9,313.1,1586,31.9,108,9.200000000000045,5298.1284586709935,False,True,False,0
5184,303.9,313.0,1901,22.5,110,9.100000000000023,4479.125725855647,False,False,True,0
5185,304.0,313.0,1397,42.4,113,9.0,6202.844311051783,False,True,False,0
5186,304.0,313.0,2012,21.1,115,9.0,4445.68870804594,False,True,False,0
5187,304.0,313.0,2354,15.0,117,9.0,3697.654553275186,False,True,False,0
5188,304.0,313.1,1648,35.7,119,9.100000000000023,6161.0401848080155,False,True,False,0
5189,304.0,313.2,1632,30.6,121,9.199999999999989,5229.620794871714,False,True,False,0
5190,304.1,313.2,1427,46.9,123,9.099999999999966,7008.505747064885,False,False,True,0
5191,304.1,313.2,1452,48.0,126,9.099999999999966,7298.548052819807,False,True,False,0
5192,304.0,313.2,1416,46.0,128,9.199999999999989,6821.025969474159,False,True,False,0
5193,303.9,313.1,1310,62.9,130,9.200000000000045,8628.803102104845,False,True,False,0
5194,304.0,313.1,1408,39.8,132,9.100000000000023,5868.327525297541,True,False,False,0
5195,303.9,313.1,1668,34.4,137,9.200000000000045,6008.735772961982,False,False,True,0
5196,303.9,313.0,1551,36.8,140,9.100000000000023,5977.0685190137965,False,True,False,0
5197,303.9,313.0,1517,36.0,142,9.100000000000023,5718.9552665948595,True,False,False,0
5198,303.8,312.9,1570,35.8,147,9.099999999999966,5885.878556255596,True,False,False,0
5199,303.8,312.8,1428,53.3,152,9.0,7970.471889569591,False,True,False,0
5200,303.8,312.8,1503,40.0,154,9.0,6295.751677793945,False,True,False,0
5201,303.8,312.8,1416,58.7,156,9.0,8704.222269742024,False,True,False,0
5202,303.7,312.7,1396,47.3,158,9.0,6914.72920635523,False,False,True,0
5203,303.7,312.7,1335,51.1,161,9.0,7143.82461463051,False,True,False,0
5204,303.7,312.6,1671,30.5,163,8.900000000000034,5337.09467955102,False,False,True,0
5205,303.7,312.7,1989,22.4,166,9.0,4665.642081699273,False,True,False,0
5206,303.7,312.7,1468,43.3,168,9.0,6656.4484023281,False,True,False,0
5207,303.7,312.6,1711,27.6,170,8.900000000000034,4945.243827868766,True,False,False,0
5208,303.8,312.7,1488,41.3,175,8.899999999999977,6435.489719025619,False,False,True,0
5209,303.8,312.7,1664,29.3,178,8.899999999999977,5105.632604810036,False,True,False,0
5210,303.8,312.7,1507,38.5,180,8.899999999999977,6075.7878321651,False,False,True,0
5211,303.7,312.6,1466,42.5,183,8.900000000000034,6524.564342730402,False,True,False,0
5212,303.7,312.5,1433,53.6,185,8.800000000000011,8043.3987270349235,False,True,False,0
5213,303.7,312.5,1397,45.7,187,8.800000000000011,6685.612854128926,False,True,False,0
5214,303.7,312.6,1429,43.3,189,8.900000000000034,6479.608151857531,False,False,True,0
5215,303.7,312.7,1572,37.2,192,9.0,6123.843727789512,False,True,False,0
5216,303.7,312.7,1532,42.7,194,9.0,6850.389388809711,False,False,True,0
5217,303.7,312.7,1316,51.8,197,9.0,7138.620042801063,False,False,True,0
5218,303.8,312.8,1420,47.9,200,9.0,7122.8283037290175,False,False,True,0
5219,303.8,312.9,1589,37.2,203,9.099999999999966,6190.068500927185,False,True,False,0
5220,303.8,313.0,1365,59.9,205,9.199999999999989,8562.2536977263,False,True,False,1
5221,303.8,313.0,1633,32.9,207,9.199999999999989,5626.142147632304,False,True,False,0
5222,303.9,313.0,1626,31.4,209,9.100000000000023,5346.613705291396,False,True,False,0
5223,303.9,313.1,1665,29.6,0,9.200000000000045,5161.008411317312,False,True,False,0
5224,303.9,313.2,1350,47.2,2,9.300000000000011,6672.742796224721,False,False,True,0
5225,303.9,313.2,1590,31.9,5,9.300000000000011,5311.490699424263,False,True,False,0
5226,304.0,313.2,1437,53.9,7,9.199999999999989,8110.995328964664,False,False,True,0
5227,303.9,313.0,1403,48.3,10,9.100000000000023,7096.323733708232,False,True,False,0
5228,303.9,313.1,1440,41.1,12,9.200000000000045,6197.733987001943,False,True,False,0
5229,303.9,313.1,1343,61.4,14,9.200000000000045,8635.211951118168,False,False,True,0
5230,303.9,313.1,1790,26.7,17,9.200000000000045,5004.871256433899,True,False,False,0
5231,303.8,313.1,2117,18.6,22,9.300000000000011,4123.4660215427475,False,False,True,0
5232,303.8,313.1,1458,42.2,25,9.300000000000011,6443.155205100379,False,True,False,0
5233,303.6,312.9,1381,57.8,27,9.299999999999955,8358.919349210459,False,True,False,0
5234,303.6,312.9,1450,45.3,29,9.299999999999955,6878.5171150348515,False,True,False,0
5235,303.7,312.9,1461,50.1,31,9.199999999999989,7665.077667714128,False,True,False,0
5236,303.7,312.9,1511,41.0,33,9.199999999999989,6487.493549418042,False,False,True,0
5237,303.8,313.1,1394,45.4,36,9.300000000000011,6627.461974110979,False,True,False,0
5238,303.8,313.0,1499,42.3,38,9.199999999999989,6640.0388167008505,False,True,False,0
5239,303.7,313.0,1457,44.1,40,9.300000000000011,6728.631729532083,False,True,False,0
5240,303.7,313.0,1753,29.0,42,9.300000000000011,5323.6381910181435,False,True,False,0
5241,303.7,313.0,1694,28.0,44,9.300000000000011,4967.067424835702,False,True,False,0
5242,303.7,313.1,1683,28.4,46,9.400000000000034,5005.311079405402,False,True,False,0
5243,303.7,313.1,1496,47.4,48,9.400000000000034,7425.7197234371215,False,True,False,0
5244,303.7,313.1,1721,34.8,50,9.400000000000034,6271.749909920519,False,True,False,0
5245,303.6,313.0,1593,31.6,52,9.399999999999977,5271.466809017529,False,True,False,0
5246,303.6,313.0,1575,38.3,54,9.399999999999977,6316.957428205676,False,True,False,0
5247,303.5,313.0,1465,41.0,56,9.5,6289.992091262364,False,True,False,0
5248,303.6,313.1,1405,38.3,58,9.5,5635.127102621571,False,True,False,0
5249,303.5,313.0,1902,21.6,60,9.5,4302.222643532006,False,False,True,0
5250,303.4,312.9,1422,39.9,63,9.5,5941.568522028231,False,False,True,0
5251,303.5,312.9,1332,52.9,66,9.399999999999977,7378.847161045563,False,True,False,0
5252,303.4,312.9,1307,54.3,68,9.5,7431.971492817765,False,False,True,0
5253,303.5,313.0,1322,59.5,71,9.5,8237.151217957318,False,True,False,0
5254,303.5,313.0,1547,40.3,73,9.5,6528.65888515558,False,True,False,0
5255,303.5,313.1,1897,23.6,75,9.600000000000023,4688.2196609030725,False,True,False,0
5256,303.5,313.0,1403,51.9,77,9.5,7625.24227286661,False,False,True,0
5257,303.5,313.0,1393,51.6,80,9.5,7527.1303342950005,False,True,False,0
5258,303.5,313.0,1482,38.5,82,9.5,5974.995067862427,False,True,False,0
5259,303.5,312.9,1572,44.7,84,9.399999999999977,7358.489640650301,False,False,True,0
5260,303.5,312.9,1544,36.9,87,9.399999999999977,5966.261440285448,False,True,False,0
5261,303.5,313.0,1492,46.1,89,9.5,7202.750420836342,False,False,True,0
5262,303.4,312.8,1513,35.8,92,9.400000000000034,5672.187423958419,False,True,False,0
5263,303.4,312.8,1449,43.9,94,9.400000000000034,6661.3388148921895,False,True,False,0
5264,303.5,312.8,1877,22.3,96,9.300000000000011,4383.26526201911,False,True,False,0
5265,303.4,312.8,1376,53.4,98,9.400000000000034,7694.640054584407,False,True,False,0
5266,303.5,312.9,1883,23.3,100,9.399999999999977,4594.464064144441,False,False,True,0
5267,303.4,312.8,1518,38.7,103,9.400000000000034,6151.929566112605,False,False,True,0
5268,303.5,312.9,1438,42.8,106,9.399999999999977,6445.123936496627,False,False,True,0
5269,303.4,312.9,1389,54.1,109,9.5,7869.155526491322,False,True,False,0
5270,303.5,312.9,1504,44.8,111,9.399999999999977,7055.933324158579,False,True,False,0
5271,303.5,312.9,1275,64.4,113,9.399999999999977,8598.539092875264,False,True,False,0
5272,303.6,313.0,1534,39.7,115,9.399999999999977,6377.412142836256,False,True,False,0
5273,303.6,313.0,1396,38.2,117,9.399999999999977,5584.411325217121,False,False,True,0
5274,303.6,313.1,1395,44.1,120,9.5,6442.306975083909,False,True,False,0
5275,303.6,313.0,1617,30.9,122,9.399999999999977,5232.353980480336,False,True,False,0
5276,303.7,313.1,1423,41.2,124,9.400000000000034,6139.467915253365,False,True,False,0
5277,303.5,313.0,1606,34.0,126,9.5,5718.117508553902,False,True,False,0
5278,303.5,312.9,1501,44.0,128,9.399999999999977,6916.11150712281,False,True,False,0
5279,303.5,312.9,1618,30.4,130,9.399999999999977,5150.8715390217285,False,False,True,0
5280,303.6,313.0,1522,35.8,133,9.399999999999977,5705.928129057973,False,True,False,0
5281,303.6,312.9,1480,41.4,135,9.299999999999955,6416.388835691793,False,True,False,0
5282,303.7,313.0,1469,39.9,137,9.300000000000011,6137.949478804129,False,False,True,0
5283,303.8,313.2,1381,52.4,140,9.399999999999977,7577.982247381106,True,False,False,0
5284,303.8,313.2,1525,41.9,145,9.399999999999977,6691.33055275846,False,True,False,0
5285,303.8,313.2,1732,29.6,147,9.399999999999977,5368.688629670622,False,False,True,0
5286,303.8,313.1,1523,39.8,150,9.300000000000011,6347.629844480224,False,True,False,0
5287,303.8,313.1,1422,42.4,152,9.300000000000011,6313.847251478622,False,True,False,0
5288,303.8,313.2,1506,46.9,154,9.399999999999977,7396.502911758736,True,False,False,0
5289,303.8,313.2,1531,39.4,159,9.399999999999977,6316.842236475045,False,True,False,0
5290,303.9,313.3,1507,34.3,161,9.400000000000034,5412.974614110725,False,False,True,0
5291,303.9,313.3,1526,40.7,164,9.400000000000034,6503.955494922853,False,True,False,0
5292,303.8,313.3,1406,52.1,166,9.5,7670.99433387839,False,True,False,0
5293,303.9,313.3,1567,35.0,168,9.400000000000034,5743.35496953774,False,False,True,0
5294,303.9,313.4,1464,49.1,171,9.5,7527.507325413432,False,False,True,0
5295,303.9,313.4,1442,48.5,174,9.5,7323.785513803645,False,True,False,0
5296,303.8,313.2,1336,47.8,176,9.399999999999977,6687.487337745568,False,True,False,0
5297,303.8,313.2,1379,50.2,178,9.399999999999977,7249.308823962543,True,False,False,0
5298,303.7,313.1,1406,48.6,183,9.400000000000034,7155.668418934544,False,True,False,0
5299,303.7,313.1,2130,18.1,185,9.400000000000034,4037.260719128243,False,False,True,0
5300,303.7,313.1,1355,49.1,188,9.400000000000034,6967.057667988524,False,True,False,0
5301,303.8,313.2,1710,26.5,190,9.399999999999977,4745.375703247382,False,False,True,0
5302,303.8,313.1,1309,55.8,193,9.300000000000011,7648.9612974012125,False,True,False,0
5303,303.9,313.1,1491,37.2,195,9.200000000000045,5808.302161662953,False,True,False,0
5304,303.9,313.2,1481,44.1,197,9.300000000000011,6839.467118350731,False,True,False,0
5305,303.9,313.1,1425,49.3,199,9.200000000000045,7356.824596543897,False,True,False,0
5306,303.9,313.2,1680,29.1,201,9.300000000000011,5119.539388289927,True,False,False,0
5307,304.0,313.2,1612,31.7,206,9.199999999999989,5351.221374516662,True,False,False,0
5308,304.0,313.3,1530,34.8,211,9.300000000000011,5575.698641591164,False,True,False,0
5309,304.0,313.2,1481,42.6,213,9.199999999999989,6606.832182352407,False,True,False,0
5310,303.9,313.2,1422,48.0,215,9.300000000000011,7147.751605447497,False,False,True,1
5311,303.8,313.0,1427,43.0,0,9.199999999999989,6425.708893897443,False,True,False,0
5312,303.7,312.9,1460,49.8,2,9.199999999999989,7613.963955240222,True,False,False,0
5313,303.6,312.9,1873,23.5,7,9.299999999999955,4609.292381469384,False,True,False,0
5314,303.7,312.9,1566,32.6,9,9.199999999999989,5346.111050466823,False,False,True,0
5315,303.6,312.8,1701,30.8,12,9.199999999999989,5486.351746523072,False,True,False,0
5316,303.6,312.8,1710,27.2,14,9.199999999999989,4870.725250125615,False,True,False,0
5317,303.6,312.8,1689,33.1,16,9.199999999999989,5854.452157744187,False,False,True,0
5318,303.6,312.7,1637,32.9,19,9.099999999999966,5639.923267406051,False,True,False,0
5319,303.5,312.6,1496,39.0,21,9.100000000000023,6109.76939270143,False,True,False,0
5320,303.5,312.7,1402,47.0,23,9.199999999999989,6900.403543854861,False,False,True,0
5321,303.4,312.7,1363,45.5,26,9.300000000000011,6494.35269337838,False,True,False,0
5322,303.4,312.7,1576,49.9,28,9.300000000000011,8235.41287002233,False,False,True,0
5323,303.4,312.7,1357,55.3,31,9.300000000000011,7858.390335665019,False,False,True,0
5324,303.4,312.7,1399,48.4,34,9.300000000000011,7090.7421707603535,False,False,True,0
5325,303.4,312.8,1526,30.8,37,9.400000000000034,4921.912266428105,False,False,True,0
5326,303.5,312.7,1694,27.3,40,9.199999999999989,4842.89073921481,False,True,False,0
5327,303.5,312.7,1420,49.1,42,9.199999999999989,7301.270766452918,False,False,True,0
5328,303.5,312.7,2116,16.7,45,9.199999999999989,3700.5029306144406,False,False,True,0
5329,303.7,312.9,1406,41.9,48,9.199999999999989,6169.187381756325,False,False,True,0
5330,303.7,313.0,1456,45.5,51,9.300000000000011,6937.47433716722,False,True,False,0
5331,303.6,312.9,1588,31.9,53,9.299999999999955,5304.809579047628,False,True,False,0
5332,303.7,312.8,1448,44.5,55,9.100000000000023,6747.722140890397,False,True,False,0
5333,303.6,312.7,1403,46.2,57,9.099999999999966,6787.787919199179,True,False,False,0
5334,303.5,312.6,1405,51.6,62,9.100000000000023,7591.972806665094,False,False,True,0
5335,303.4,312.6,2706,9.8,65,9.200000000000045,2777.042242067234,False,False,True,1
5336,303.3,312.4,1505,38.9,68,9.099999999999966,6130.765703602921,False,False,True,0
5337,303.2,312.4,1663,33.7,71,9.199999999999989,5868.819708146605,False,True,False,0
5338,303.3,312.6,1482,44.4,73,9.300000000000011,6890.643662677709,False,False,True,0
5339,303.3,312.5,1674,32.7,76,9.199999999999989,5732.3384512991515,False,False,True,0
5340,303.4,312.7,1594,32.8,79,9.300000000000011,5475.083900872195,False,False,True,0
5341,303.5,312.7,1393,49.3,82,9.199999999999989,7191.618710867122,False,True,False,0
5342,303.5,312.8,1404,55.8,84,9.300000000000011,8204.080719290529,True,False,False,0
5343,303.5,312.8,1375,45.7,89,9.300000000000011,6580.327612331621,False,False,True,0
5344,303.5,312.8,1607,38.4,92,9.300000000000011,6462.1304247280605,False,True,False,0
5345,303.4,312.8,1360,50.8,94,9.400000000000034,7234.878441707054,False,True,False,0
5346,303.5,312.8,1524,39.4,96,9.300000000000011,6287.960528013043,False,True,False,0
5347,303.4,312.7,1534,35.5,98,9.300000000000011,5702.723704551312,False,True,False,0
5348,303.3,312.7,1262,63.8,100,9.399999999999977,8431.573915312478,False,True,False,0
5349,303.3,312.6,1623,34.6,102,9.300000000000011,5880.62162454859,False,True,False,0
5350,303.3,312.7,1642,33.6,104,9.399999999999977,5777.514553657773,False,False,True,0
5351,303.4,312.8,1622,35.1,107,9.400000000000034,5961.926042423494,False,False,True,0
5352,303.5,312.9,1530,34.5,110,9.399999999999977,5527.632273991241,False,False,True,0
5353,303.4,312.8,1590,36.3,113,9.400000000000034,6044.110106241402,False,False,True,0
5354,303.4,312.7,1589,34.0,116,9.300000000000011,5657.589490094739,False,True,False,0
5355,303.4,312.6,1462,37.5,118,9.200000000000045,5741.260574435347,False,True,False,0
5356,303.3,312.5,1328,49.8,120,9.199999999999989,6925.578172985626,True,False,False,0
5357,303.3,312.6,1692,29.0,125,9.300000000000011,5138.388944211465,True,False,False,0
5358,303.3,312.5,1968,20.6,130,9.199999999999989,4245.422648355103,False,True,False,0
5359,303.3,312.6,1827,24.2,132,9.300000000000011,4630.016421007565,True,False,False,0
5360,303.3,312.6,1397,47.1,137,9.300000000000011,6890.423751191956,False,False,True,0
5361,303.3,312.6,1463,44.0,140,9.300000000000011,6741.020076562739,False,True,False,0
5362,303.3,312.7,1643,30.7,142,9.399999999999977,5282.07492021115,False,True,False,0
5363,303.2,312.6,1281,57.0,144,9.400000000000034,7646.3223595721975,False,True,False,0
5364,303.2,312.5,1518,39.9,146,9.300000000000011,6342.687072038576,False,True,False,0
5365,303.2,312.6,1601,35.3,148,9.400000000000034,5918.268376514107,False,True,False,0
5366,303.1,312.6,1548,36.4,150,9.5,5900.6649856784925,False,True,False,0
5367,303.1,312.6,1404,40.6,152,9.5,5969.277369232894,True,False,False,0
5368,303.1,312.5,1766,26.7,157,9.399999999999977,4937.766837353221,False,False,True,0
5369,303.1,312.5,1667,30.0,160,9.399999999999977,5237.034953534185,False,False,True,0
5370,303.0,312.5,1507,37.9,163,9.5,5981.1002295859025,True,False,False,0
5371,303.0,312.4,1627,37.1,168,9.399999999999977,6321.062442606368,True,False,False,0
5372,302.9,312.3,1435,47.7,173,9.400000000000034,7168.014878063151,False,True,False,0
5373,302.9,312.3,1509,46.8,175,9.400000000000034,7395.434770256516,True,False,False,0
5374,302.9,312.3,1809,25.0,180,9.400000000000034,4735.950925286613,False,False,True,0
5375,302.9,312.3,1515,40.8,183,9.400000000000034,6472.937503456409,False,True,False,0
5376,302.9,312.3,1530,34.9,185,9.400000000000034,5591.720764124472,False,True,False,0
5377,302.8,312.3,1336,57.5,187,9.5,8044.571588292263,True,False,False,0
5378,302.9,312.4,2030,19.1,192,9.5,4060.299065254568,False,True,False,0
5379,302.9,312.4,1550,36.9,194,9.5,5989.44639406894,False,True,False,0
5380,302.9,312.4,1446,41.7,196,9.5,6314.412738156269,False,True,False,0
5381,302.8,312.3,1494,37.5,198,9.5,5866.924280578938,False,True,False,0
5382,302.8,312.4,1651,27.0,200,9.599999999999966,4668.092523969073,False,True,False,0
5383,302.9,312.4,1698,33.8,202,9.5,6010.118073729561,False,True,False,0
5384,302.8,312.3,1504,40.3,204,9.5,6347.190021508722,False,True,False,0
5385,302.9,312.4,1421,46.0,206,9.5,6845.11151315168,False,False,True,0
5386,302.9,312.3,1754,26.9,209,9.400000000000034,4940.950317908859,True,False,False,0
5387,302.9,312.2,1469,42.0,214,9.300000000000011,6460.999451372768,False,True,False,0
5388,302.8,312.2,1433,50.0,216,9.399999999999977,7503.170454323622,False,True,False,0
5389,302.8,312.3,1432,49.0,218,9.5,7347.975777236286,False,False,True,0
5390,302.8,312.3,1366,49.1,221,9.5,7023.616807728653,False,True,False,0
5391,302.8,312.3,1483,47.2,223,9.5,7330.131530963897,True,False,False,0
5392,302.7,312.2,1572,34.4,228,9.5,5662.909253654817,False,True,False,0
5393,302.8,312.2,1481,40.2,230,9.399999999999977,6234.616284755089,False,True,False,0
5394,302.8,312.3,1473,42.6,232,9.5,6571.143689807626,False,True,False,0
5395,302.8,312.3,1262,70.5,234,9.5,9317.021332751248,False,False,True,1
5396,302.8,312.4,1529,36.8,237,9.599999999999966,5892.287405268919,False,True,False,0
5397,302.8,312.4,1523,39.7,239,9.599999999999966,6331.681025775501,False,True,False,0
5398,302.8,312.3,1416,42.7,241,9.5,6331.691497751013,False,False,True,0
5399,302.9,312.4,1923,23.9,244,9.5,4812.888529373026,False,True,False,0
5400,302.8,312.4,1411,53.8,246,9.599999999999966,7949.465106692589,True,False,False,1
5401,302.7,312.4,1477,46.3,251,9.699999999999989,7161.270925833444,False,True,False,1
5402,302.6,312.3,1454,54.8,253,9.699999999999989,8343.986312130393,False,False,True,1
5403,302.7,312.3,1421,48.5,0,9.600000000000023,7217.128443214272,False,True,False,0
5404,302.7,312.3,1858,25.4,2,9.600000000000023,4942.060347313127,False,True,False,0
5405,302.8,312.5,1422,46.1,4,9.699999999999989,6864.8197710652,True,False,False,0
5406,302.7,312.4,1444,48.7,9,9.699999999999989,7364.18639532881,False,True,False,0
5407,302.7,312.4,1360,47.8,11,9.699999999999989,6807.6218408188415,False,True,False,0
5408,302.7,312.4,1954,24.8,13,9.699999999999989,5074.635557294617,False,True,False,0
5409,302.6,312.4,1628,33.0,15,9.799999999999955,5625.964124048602,False,True,False,0
5410,302.7,312.4,1433,44.2,17,9.699999999999989,6632.802681622083,False,True,False,0
5411,302.7,312.5,1417,51.5,19,9.800000000000011,7641.976489734731,False,False,True,0
5412,302.8,312.6,1462,39.4,22,9.800000000000011,6032.151110206737,False,True,False,0
5413,302.9,312.6,1328,59.9,24,9.700000000000045,8330.1633044546,False,True,False,0
5414,302.7,312.5,1527,36.4,26,9.800000000000011,5820.617204865024,True,False,False,0
5415,302.6,312.3,1534,34.3,31,9.699999999999989,5509.955579327042,False,True,False,0
5416,302.6,312.4,1410,50.3,33,9.799999999999955,7427.03919235163,False,False,True,0
5417,302.6,312.3,1660,30.3,36,9.699999999999989,5267.1942430086465,False,True,False,0
5418,302.6,312.4,1386,45.8,38,9.799999999999955,6647.484391289858,False,True,False,0
5419,302.6,312.4,1398,41.6,40,9.799999999999955,6090.165854543029,False,True,False,0
5420,302.6,312.3,1321,53.4,42,9.699999999999989,7387.078133797967,False,True,False,0
5421,302.6,312.3,1512,34.2,44,9.699999999999989,5415.100425139654,False,True,False,0
5422,302.6,312.3,1566,36.6,46,9.699999999999989,6002.075596536371,False,False,True,0
5423,302.7,312.4,1422,44.5,49,9.699999999999989,6626.5613842169505,False,False,True,0
5424,302.6,312.3,1647,31.8,52,9.699999999999989,5484.655286490132,False,True,False,0
5425,302.6,312.2,1377,45.5,54,9.599999999999966,6561.059177389603,False,True,False,0
5426,302.5,312.2,1775,27.9,56,9.699999999999989,5185.984072913351,False,True,False,0
5427,302.6,312.3,1554,42.0,58,9.699999999999989,6834.8489771499535,False,True,False,0
5428,302.7,312.4,1423,51.9,60,9.699999999999989,7733.941378680816,False,True,False,0
5429,302.7,312.4,1453,47.3,62,9.699999999999989,7197.064138133344,False,True,False,0
5430,302.8,312.4,1590,34.4,64,9.599999999999966,5727.751726024911,False,True,False,0
5431,302.8,312.5,1694,28.4,66,9.699999999999989,5038.025530904783,False,True,False,0
5432,302.8,312.5,1462,43.4,68,9.699999999999989,6644.552238146507,False,True,False,0
5433,302.8,312.4,1392,46.2,70,9.599999999999966,6734.569339647368,False,True,False,0
5434,302.9,312.5,1550,45.5,72,9.600000000000023,7385.360729814005,False,True,False,0
5435,302.9,312.5,1629,30.4,74,9.600000000000023,5185.889825133743,False,True,False,0
5436,303.0,312.5,1524,42.1,76,9.5,6718.861376379418,False,False,True,0
5437,302.9,312.5,1679,30.9,79,9.600000000000023,5432.97608733858,False,False,True,0
5438,302.9,312.6,1394,46.4,82,9.700000000000045,6773.441312747785,False,False,True,0
5439,302.9,312.5,1683,32.1,85,9.600000000000023,5657.4114665110355,False,True,False,0
5440,303.0,312.5,1626,30.5,87,9.5,5193.366815649287,False,True,False,0
5441,303.0,312.5,1698,30.0,89,9.5,5334.424325795469,True,False,False,0
5442,303.0,312.6,1392,42.9,94,9.600000000000023,6253.528672529698,False,False,True,0
5443,303.1,312.7,1353,51.8,97,9.599999999999966,7339.325925463402,False,True,False,0
5444,303.0,312.7,1426,46.8,99,9.699999999999989,6988.66135346971,False,False,True,0
5445,303.0,312.7,2024,19.9,102,9.699999999999989,4217.860408807608,False,True,False,0
5446,303.0,312.8,1648,32.1,104,9.800000000000011,5539.758821634097,False,False,True,0
5447,303.1,312.9,1511,40.1,107,9.799999999999955,6345.085154430817,False,True,False,0
5448,303.1,312.8,1465,44.1,109,9.699999999999989,6765.5768591382985,False,True,False,0
5449,303.0,312.7,1551,41.8,111,9.699999999999989,6789.170219966758,False,True,False,0
5450,303.1,312.8,2329,15.1,113,9.699999999999989,3682.773876072683,False,True,False,0
5451,303.1,312.8,1435,41.9,115,9.699999999999989,6296.432356202223,True,False,False,0
5452,303.0,312.7,1361,48.8,120,9.699999999999989,6955.1510318314195,False,True,False,0
5453,303.0,312.7,1553,35.8,122,9.699999999999989,5822.146113289771,False,False,True,0
5454,303.0,312.6,1451,42.1,125,9.600000000000023,6397.026152970168,False,True,False,0
5455,303.0,312.5,1461,40.2,127,9.5,6150.421601638882,False,True,False,0
5456,303.1,312.6,1895,23.5,129,9.5,4663.432494866249,False,False,True,0
5457,303.1,312.6,1567,32.9,132,9.5,5398.753671365475,False,False,True,0
5458,303.0,312.5,1602,33.7,135,9.5,5653.54730754712,False,False,True,0
5459,303.1,312.6,1514,42.1,138,9.5,6674.774359474042,False,True,False,0
5460,303.1,312.5,1453,49.1,140,9.399999999999977,7470.948185673304,False,True,False,0
5461,303.0,312.4,1526,36.1,142,9.399999999999977,5768.864701884889,False,False,True,0
5462,302.9,312.3,1339,52.1,145,9.400000000000034,7305.449084682194,False,False,True,0
5463,302.9,312.3,1889,22.8,148,9.400000000000034,4510.196077199651,False,True,False,0
5464,302.9,312.4,1561,34.8,150,9.5,5688.670313414253,False,True,False,0
5465,302.9,312.4,1659,33.1,152,9.5,5750.465440910365,False,False,True,0
5466,302.9,312.4,1424,49.5,155,9.5,7381.486098874578,False,True,False,0
5467,302.9,312.3,1426,44.7,157,9.400000000000034,6675.067574788377,False,False,True,0
5468,302.9,312.4,1383,51.4,160,9.5,7444.129456387158,False,True,False,0
5469,302.8,312.3,1764,29.9,162,9.5,5523.296876129287,False,True,False,0
5470,302.7,312.2,1439,42.5,164,9.5,6404.398423730592,False,False,True,0
5471,302.7,312.2,1585,35.5,167,9.5,5892.318821195456,False,False,True,0
5472,302.7,312.3,1346,61.2,170,9.600000000000023,8626.310771932996,False,True,False,0
5473,302.8,312.3,1386,57.8,172,9.5,8389.18335844004,False,True,False,0
5474,302.7,312.2,1369,51.8,174,9.5,7426.117658506576,False,True,False,0
5475,302.7,312.1,1378,46.9,176,9.400000000000034,6767.849277824395,False,False,True,0
5476,302.7,312.2,1336,46.8,179,9.5,6547.581744905702,False,True,False,0
5477,302.6,312.1,1445,42.0,181,9.5,6355.441938212151,False,False,True,0
5478,302.7,312.1,1763,26.5,184,9.400000000000034,4892.454599312944,False,True,False,0
5479,302.7,312.2,1611,34.1,186,9.5,5752.790219474022,False,True,False,0
5480,302.7,312.1,1564,32.1,188,9.400000000000034,5257.392473929447,False,False,True,0
5481,302.7,312.1,1478,36.0,191,9.400000000000034,5571.928730406857,True,False,False,0
5482,302.6,312.0,1781,28.5,196,9.399999999999977,5315.41769024125,False,True,False,0
5483,302.6,312.1,1782,26.8,198,9.5,5001.164177102663,False,True,False,0
5484,302.6,312.1,2000,21.9,200,9.5,4586.725274241097,False,False,True,0
5485,302.5,312.0,1826,25.3,203,9.5,4837.822303067018,False,False,True,0
5486,302.6,312.1,1344,51.0,206,9.5,7177.910894921959,False,True,False,0
5487,302.6,312.2,1520,43.0,208,9.599999999999966,6844.483194620962,False,True,False,0
5488,302.6,312.1,1611,39.9,210,9.5,6731.270667361097,False,False,True,0
5489,302.7,312.2,1450,52.1,213,9.5,7911.053900514697,False,True,False,1
5490,302.6,312.1,1499,35.0,215,9.5,5494.12195235295,False,True,False,0
5491,302.6,312.1,1288,68.5,0,9.5,9239.214554697342,False,True,False,1
5492,302.7,312.2,1350,58.6,2,9.5,8284.379827516284,False,False,True,0
5493,302.9,312.4,1334,50.9,5,9.5,7110.534204477969,False,False,True,0
5494,302.8,312.4,1376,57.1,8,9.599999999999966,8227.78927184962,False,True,False,0
5495,302.8,312.4,1368,49.5,10,9.599999999999966,7091.2029376828805,False,True,False,0
5496,302.9,312.5,1357,55.0,12,9.600000000000023,7815.7589233558065,True,False,False,0
5497,302.9,312.5,1924,24.0,17,9.600000000000023,4835.539412405409,False,False,True,0
5498,302.9,312.5,1551,40.0,20,9.600000000000023,6496.8136076236915,False,False,True,0
5499,302.9,312.5,1903,21.2,23,9.600000000000023,4224.771912645506,False,False,True,0
5500,302.9,312.3,1417,48.7,26,9.400000000000034,7226.49038932197,True,False,False,0
5501,302.7,312.1,1601,35.2,31,9.400000000000034,5901.50274371945,False,True,False,0
5502,302.7,312.1,1543,37.5,33,9.400000000000034,6059.346830611314,False,True,False,0
5503,302.6,312.1,1439,52.3,35,9.5,7881.177354379058,False,True,False,0
5504,302.6,312.0,1657,29.3,37,9.399999999999977,5084.154583034993,True,False,False,0
5505,302.8,312.2,1458,51.0,42,9.399999999999977,7786.751551187661,False,True,False,0
5506,302.8,312.2,1746,27.4,44,9.399999999999977,5009.83497282657,False,True,False,0
5507,302.9,312.2,1677,30.5,46,9.300000000000011,5356.258394737917,False,True,False,0
5508,302.8,312.1,1520,39.9,48,9.300000000000011,6351.043708497125,False,True,False,0
5509,302.9,312.2,1367,55.1,50,9.300000000000011,7887.669979196477,False,True,False,0
5510,302.8,312.2,1509,36.5,52,9.399999999999977,5767.807032358181,False,True,False,0
5511,302.8,312.1,1418,51.4,54,9.300000000000011,7632.520295847426,False,True,False,0
5512,302.8,312.1,1958,20.3,56,9.300000000000011,4162.337994643165,False,True,False,0
5513,302.8,312.2,1682,30.9,58,9.399999999999977,5442.683608638173,False,True,False,0
5514,302.8,312.2,1452,50.3,60,9.399999999999977,7648.270147017422,False,False,True,0
5515,302.7,312.0,1828,24.0,63,9.300000000000011,4594.2650966097135,False,True,False,0
5516,302.7,312.0,1484,41.5,65,9.300000000000011,6449.270838799366,True,False,False,0
5517,302.6,312.0,1674,32.2,70,9.399999999999977,5644.688016263996,False,True,False,0
5518,302.6,311.9,1448,49.5,72,9.299999999999955,7505.893167956733,False,True,False,0
5519,302.5,311.8,2023,19.1,74,9.300000000000011,4046.29803399507,False,False,True,0
5520,302.5,311.9,1452,47.4,77,9.399999999999977,7207.31620215956,False,True,False,0
5521,302.6,312.0,1496,45.0,79,9.399999999999977,7049.733914655495,False,False,True,0
5522,302.6,311.9,1397,46.9,82,9.299999999999955,6861.165051611523,False,True,False,0
5523,302.6,311.9,1453,39.1,84,9.299999999999955,5949.370143784647,False,True,False,0
5524,302.5,311.9,1524,34.8,86,9.399999999999977,5553.833156722179,False,False,True,0
5525,302.6,311.9,1633,30.9,89,9.299999999999955,5284.127427411496,False,True,False,0
5526,302.6,312.0,1363,45.7,91,9.399999999999977,6522.899298624,False,False,True,0
5527,302.5,311.9,1520,44.9,94,9.399999999999977,7146.913847406539,False,True,False,0
5528,302.5,311.9,1532,38.8,96,9.399999999999977,6224.709795920768,False,False,True,0
5529,302.4,311.8,1384,50.9,99,9.400000000000034,7377.045981257503,False,True,False,0
5530,302.4,311.8,1539,39.9,101,9.400000000000034,6430.431754853339,False,False,True,0
5531,302.3,311.8,1355,50.1,104,9.5,7108.952936175663,False,False,True,0
5532,302.3,311.7,1504,37.3,107,9.399999999999977,5874.694486408817,False,False,True,0
5533,302.4,311.8,1476,46.6,110,9.400000000000034,7202.792308738391,False,True,False,0
5534,302.4,311.7,1721,26.9,112,9.300000000000011,4847.990591289136,False,True,False,0
5535,302.3,311.7,1494,37.1,114,9.399999999999977,5804.34375491943,False,False,True,0
5536,302.3,311.7,1465,43.5,117,9.399999999999977,6673.528194388117,False,True,False,0
5537,302.3,311.8,1363,54.0,119,9.5,7707.5834163171985,False,False,True,1
5538,302.4,311.8,1648,30.0,122,9.400000000000034,5177.344693115979,False,True,False,0
5539,302.3,311.8,1879,23.0,124,9.5,4525.673657006336,False,False,True,0
5540,302.3,311.7,1482,39.0,127,9.399999999999977,6052.5924064060955,True,False,False,0
5541,302.4,311.8,1493,38.4,132,9.400000000000034,6003.709224716237,False,True,False,0
5542,302.4,311.8,1433,42.2,134,9.400000000000034,6332.675863449138,False,True,False,0
5543,302.3,311.7,1400,41.6,136,9.399999999999977,6098.878538168985,False,True,False,0
5544,302.4,311.8,1255,59.0,138,9.400000000000034,7753.974267835208,False,True,False,0
5545,302.2,311.7,1471,45.6,140,9.5,7024.34984601449,False,True,False,0
5546,302.2,311.6,1357,44.2,142,9.400000000000034,6281.028080224121,True,False,False,0
5547,302.3,311.7,1453,41.2,147,9.399999999999977,6268.901532581265,False,True,False,0
5548,302.3,311.7,1540,28.9,149,9.399999999999977,4660.657421355578,False,False,True,0
5549,302.3,311.8,1605,35.2,152,9.5,5916.247285240299,False,True,False,0
5550,302.3,311.9,1374,52.4,154,9.599999999999966,7539.571041203215,True,False,False,0
5551,302.3,311.9,1508,42.3,159,9.599999999999966,6679.905627474905,False,False,True,0
5552,302.4,311.9,1366,47.3,162,9.5,6766.1318738404325,True,False,False,0
5553,302.5,312.0,1579,35.7,167,9.5,5903.084012021757,True,False,False,0
5554,302.5,311.9,1306,59.7,172,9.399999999999977,8164.810811120657,False,True,False,0
5555,302.5,312.0,1521,40.2,174,9.5,6403.005650987501,False,False,True,0
5556,302.5,312.0,1411,44.2,177,9.5,6530.973191743726,False,True,False,0
5557,302.5,312.0,1357,42.0,179,9.5,5968.397723289889,True,False,False,0
5558,302.5,312.0,1436,43.5,184,9.5,6541.424223304667,False,False,True,0
5559,302.5,311.9,1553,40.1,187,9.399999999999977,6521.454166003348,False,True,False,0
5560,302.5,312.0,1451,43.2,189,9.5,6564.169354116658,False,False,True,0
5561,302.4,311.9,1541,37.9,192,9.5,6116.042106033096,False,True,False,0
5562,302.3,311.7,1341,46.3,194,9.399999999999977,6501.871571795971,False,False,True,0
5563,302.3,311.7,1648,32.1,197,9.399999999999977,5539.758821634097,False,True,False,0
5564,302.3,311.7,1640,31.5,199,9.399999999999977,5409.822549481623,False,False,True,0
5565,302.4,311.8,1416,46.1,202,9.400000000000034,6835.854286799102,False,True,False,0
5566,302.4,311.9,1671,29.9,204,9.5,5232.102653068048,False,True,False,0
5567,302.4,312.0,1457,45.5,206,9.600000000000023,6942.239086025164,False,True,False,0
5568,302.5,312.0,1445,54.8,0,9.5,8292.338528905379,False,False,True,0
5569,302.5,312.1,1534,38.6,3,9.600000000000023,6200.708028047342,False,True,False,0
5570,302.4,312.0,1508,36.9,5,9.600000000000023,5827.151717584491,False,True,False,0
5571,302.4,312.1,1492,47.7,7,9.700000000000045,7452.737420257995,False,False,True,0
5572,302.4,312.0,1562,37.9,10,9.600000000000023,6199.3885591328335,False,True,False,0
5573,302.4,312.0,1545,36.4,12,9.600000000000023,5889.229588419426,False,True,False,0
5574,302.5,312.2,1738,25.3,14,9.699999999999989,4604.674240268608,False,True,False,0
5575,302.4,312.0,1305,49.1,16,9.600000000000023,6709.970669169759,False,True,False,0
5576,302.4,312.0,1477,39.7,18,9.600000000000023,6140.441808975977,True,False,False,0
5577,302.4,312.0,1457,43.4,23,9.600000000000023,6621.828051285541,True,False,False,0
5578,302.4,312.1,1455,40.4,28,9.700000000000045,6155.63664544384,False,True,False,0
5579,302.5,312.2,1574,38.7,30,9.699999999999989,6378.878219407931,False,True,False,0
5580,302.6,312.2,1695,27.1,32,9.599999999999966,4810.249591544011,False,True,False,0
5581,302.6,312.2,1458,38.8,34,9.599999999999966,5924.0384350212,False,False,True,0
5582,302.5,312.1,1454,47.6,37,9.600000000000023,7247.696139733701,False,False,True,0
5583,302.5,312.0,2052,18.9,40,9.5,4061.32531885474,False,True,False,0
5584,302.5,312.0,1673,29.9,42,9.5,5238.364894424204,False,True,False,0
5585,302.4,311.9,1578,29.9,44,9.5,4940.908430006811,False,True,False,0
5586,302.5,312.0,1642,29.1,46,9.5,5003.740283078608,False,False,True,0
5587,302.4,311.8,1557,31.5,49,9.400000000000034,5136.032749721273,False,False,True,0
5588,302.5,311.9,1481,42.9,52,9.399999999999977,6653.359169552072,False,True,False,0
5589,302.5,311.8,1566,37.6,54,9.300000000000011,6166.066733053759,False,False,True,0
5590,302.5,311.9,1298,57.5,57,9.399999999999977,7815.7589233558065,False,False,True,0
5591,302.5,311.9,1340,59.4,60,9.399999999999977,8335.27362850444,False,False,True,0
5592,302.5,312.0,1574,33.8,63,9.5,5571.216636072043,False,True,False,0
5593,302.5,311.9,1437,46.7,65,9.399999999999977,7027.522854594617,False,True,False,0
5594,302.6,311.9,1354,48.0,67,9.299999999999955,6805.946324736928,False,True,False,0
5595,302.6,311.9,1598,35.5,69,9.299999999999955,5940.646988183179,False,True,False,0
5596,302.7,312.0,1944,21.4,71,9.300000000000011,4356.509364586038,False,False,True,0
5597,302.7,312.0,1538,36.7,74,9.300000000000011,5910.864689827148,False,False,True,0
5598,302.7,312.0,1501,37.0,77,9.300000000000011,5815.821040080545,False,True,False,0
5599,302.8,312.1,1441,52.1,79,9.300000000000011,7861.950807339089,False,True,False,0
5600,302.7,312.0,1652,31.0,81,9.300000000000011,5362.9080991880155,False,False,True,0
5601,302.8,312.1,1487,36.6,84,9.300000000000011,5699.288896583387,False,True,False,0
5602,302.9,312.2,1605,33.9,86,9.300000000000011,5697.749516183128,False,True,False,0
5603,302.9,312.1,1334,54.7,88,9.200000000000045,7641.379587130549,False,True,False,0
5604,302.9,312.2,1340,57.8,90,9.300000000000011,8110.754473527888,False,True,False,0
5605,302.9,312.2,1513,37.8,92,9.300000000000011,5989.069402950509,False,True,False,0
5606,302.9,312.2,1510,41.4,94,9.300000000000011,6546.4507715504105,False,True,False,0
5607,302.9,312.2,1729,23.6,96,9.300000000000011,4273.026775804645,False,True,False,0
5608,302.9,312.2,1745,25.5,98,9.300000000000011,4659.76730343706,False,False,True,0
5609,303.1,312.3,1623,31.6,101,9.199999999999989,5370.741136870967,False,False,True,0
5610,303.1,312.4,1378,50.1,104,9.299999999999955,7229.621510000047,False,False,True,0
5611,303.1,312.4,1407,41.2,107,9.299999999999955,6070.436652678485,False,True,False,0
5612,303.0,312.3,1674,29.5,109,9.300000000000011,5171.375667074159,False,False,True,0
5613,303.0,312.3,1486,42.4,112,9.300000000000011,6598.014778971331,False,True,False,0
5614,303.0,312.3,1483,38.8,114,9.300000000000011,6025.61659748727,False,False,True,0
5615,303.0,312.2,1624,28.8,117,9.199999999999989,4897.868610652631,True,False,False,0
5616,303.0,312.2,1257,71.3,122,9.199999999999989,9385.413804819898,False,False,True,1
5617,303.0,312.3,1480,41.4,125,9.300000000000011,6416.388835691793,False,True,False,0
5618,303.1,312.4,1404,61.5,127,9.299999999999955,9042.131975562143,False,True,False,1
5619,303.0,312.4,1645,29.6,129,9.399999999999977,5099.014316286473,False,False,True,0
5620,303.0,312.3,1932,21.9,132,9.300000000000011,4430.7766149169,False,True,False,0
5621,303.0,312.3,1533,38.5,134,9.300000000000011,6180.612307039879,False,True,False,0
5622,302.9,312.2,1292,54.4,136,9.300000000000011,7360.207044634263,False,False,True,0
5623,302.9,312.2,1571,40.6,139,9.300000000000011,6679.298252895212,False,True,False,0
5624,302.9,312.3,1578,36.3,141,9.400000000000034,5998.494180911278,False,True,False,0
5625,302.8,312.2,1469,36.9,143,9.399999999999977,5676.449517991789,False,False,True,0
5626,302.7,312.1,1728,24.4,146,9.400000000000034,4415.319979061238,False,True,False,0
5627,302.7,312.1,1603,32.5,148,9.400000000000034,5455.637442346475,True,False,False,0
5628,302.7,312.1,1597,39.8,153,9.400000000000034,6656.050467258647,False,True,False,0
5629,302.7,312.1,1688,32.0,155,9.400000000000034,5656.542292543542,False,True,False,0
5630,302.7,312.2,1405,51.4,157,9.5,7562.54655547647,False,True,False,0
5631,302.8,312.2,1615,32.9,159,9.399999999999977,5564.127108650442,False,False,True,0
5632,302.8,312.2,1515,36.8,162,9.399999999999977,5838.335787431271,False,True,False,0
5633,302.7,312.2,1376,52.8,164,9.5,7608.183424757617,False,True,False,0
5634,302.7,312.2,1447,47.5,166,9.5,7197.650568762015,False,True,False,0
5635,302.6,312.2,1353,56.5,168,9.599999999999966,8005.249320244831,False,False,True,0
5636,302.6,312.1,1502,47.3,171,9.5,7439.773114574179,False,True,False,0
5637,302.6,312.0,1447,45.5,173,9.399999999999977,6894.591597445719,False,True,False,0
5638,302.5,312.0,1487,46.1,175,9.5,7178.612517281261,False,False,True,0
5639,302.6,312.1,1519,38.1,178,9.5,6060.540635819678,False,True,False,0
5640,302.6,312.1,1668,28.7,180,9.5,5013.102229186305,False,True,False,0
5641,302.6,312.1,1420,51.6,182,9.5,7673.025897127711,False,True,False,0
5642,302.6,312.1,1473,37.3,184,9.5,5753.607033563954,False,True,False,0
5643,302.5,312.0,1495,38.8,186,9.5,6074.374115470983,False,True,False,0
5644,302.5,312.0,1574,42.0,188,9.5,6922.813571450468,False,True,False,0
5645,302.5,312.0,1383,51.3,190,9.5,7429.646714254109,False,True,False,0
5646,302.5,312.0,1591,29.4,192,9.5,4898.308433624133,False,False,True,0
5647,302.4,311.8,1644,37.2,195,9.400000000000034,6404.325119902009,False,False,True,0
5648,302.5,311.8,2370,14.7,198,9.300000000000011,3648.3315486138267,True,False,False,0
5649,302.5,311.9,1401,44.9,203,9.399999999999977,6587.3857238266855,False,True,False,0
5650,302.5,311.9,1414,51.6,205,9.399999999999977,7640.604660942665,False,False,True,0
5651,302.5,312.0,1456,46.3,208,9.5,7059.4519079306,False,True,False,0
5652,302.5,312.0,1447,45.7,210,9.5,6924.89749457735,False,False,True,0
5653,302.4,311.8,1727,26.5,213,9.400000000000034,4792.551952928789,False,True,False,0
5654,302.4,311.7,1495,36.8,215,9.300000000000011,5761.262047663201,False,True,False,0
5655,302.3,311.6,1544,34.3,0,9.300000000000011,5545.874455333085,False,True,False,0
5656,302.3,311.5,1387,47.3,2,9.199999999999989,6870.15000660079,False,True,False,0
5657,302.3,311.5,1316,47.2,4,9.199999999999989,6504.68853320869,False,False,True,0
5658,302.3,311.5,1794,26.1,7,9.199999999999989,4903.334981869877,False,True,False,0
5659,302.2,311.4,1372,55.1,9,9.199999999999989,7916.520271731943,False,False,True,0
5660,302.3,311.5,1674,30.0,12,9.199999999999989,5259.026102109314,False,False,True,0
5661,302.2,311.4,1477,41.7,15,9.199999999999989,6449.783965599453,False,True,False,0
5662,302.2,311.4,1397,53.0,17,9.199999999999989,7753.555388814729,False,True,False,0
5663,302.2,311.5,1616,34.0,19,9.300000000000011,5753.722225294586,False,True,False,0
5664,302.3,311.5,1530,42.3,21,9.199999999999989,6777.35783158926,False,False,True,0
5665,302.2,311.4,1539,35.1,24,9.199999999999989,5656.845979833389,False,False,True,0
5666,302.3,311.4,1845,21.9,27,9.099999999999966,4231.254065487413,False,True,False,0
5667,302.2,311.4,1430,43.1,29,9.199999999999989,6454.19266728999,False,True,False,0
5668,302.2,311.4,2080,19.2,31,9.199999999999989,4182.088140458733,False,True,False,0
5669,302.2,311.4,1432,45.3,33,9.199999999999989,6793.128626710281,False,False,True,0
5670,302.2,311.5,1479,39.5,36,9.300000000000011,6117.780453968084,False,False,True,0
5671,302.2,311.5,1424,45.2,39,9.300000000000011,6740.266094325877,False,True,False,0
5672,302.2,311.6,1534,37.2,41,9.400000000000034,5975.811881952361,True,False,False,0
5673,302.1,311.6,1701,26.2,46,9.5,4666.961550613781,True,False,False,0
5674,302.2,311.6,1462,50.0,51,9.400000000000034,7655.014099247129,False,True,False,0
5675,302.2,311.7,1393,42.5,53,9.5,6199.671302471657,False,False,True,0
5676,302.3,311.7,1453,42.5,56,9.399999999999977,6466.70667802679,False,False,True,0
5677,302.3,311.8,1565,37.8,59,9.5,6194.906553613712,False,True,False,0
5678,302.3,311.8,1281,51.7,61,9.5,6935.348526138291,False,True,False,0
5679,302.2,311.7,1584,36.2,63,9.5,6004.714534365387,False,False,True,0
5680,302.2,311.7,1466,49.0,66,9.5,7522.43888926564,False,False,True,0
5681,302.2,311.6,1386,50.5,69,9.400000000000034,7329.649820090346,False,False,True,0
5682,302.2,311.6,1383,44.3,72,9.400000000000034,6415.854764940682,False,True,False,0
5683,302.3,311.6,1441,53.9,74,9.300000000000011,8133.572908168461,True,False,False,0
5684,302.2,311.6,1592,37.7,79,9.400000000000034,6285.112150673788,False,False,True,0
5685,302.2,311.6,1594,36.8,82,9.400000000000034,6142.777059515146,True,False,False,0
5686,302.2,311.5,1482,45.6,87,9.300000000000011,7076.877275182511,False,True,False,0
5687,302.2,311.6,1658,31.4,89,9.400000000000034,5451.836115235631,False,True,False,0
5688,302.3,311.7,2170,18.2,91,9.399999999999977,4135.802008695843,False,True,False,0
5689,302.3,311.7,1423,44.6,93,9.399999999999977,6646.123034473303,False,False,True,0
5690,302.4,311.8,1543,31.1,96,9.400000000000034,5025.218304853649,False,True,False,0
5691,302.3,311.8,1435,44.8,98,9.5,6732.223617132686,False,True,False,0
5692,302.4,311.8,1320,56.4,100,9.400000000000034,7796.17632914843,False,True,False,0
5693,302.4,311.9,1313,55.7,102,9.5,7658.58504289671,False,False,True,0
5694,302.4,311.8,1453,42.1,105,9.400000000000034,6405.843556351244,False,False,True,0
5695,302.4,311.8,1508,45.7,108,9.400000000000034,7216.8247559244255,False,True,False,0
5696,302.4,311.8,1451,42.0,110,9.400000000000034,6381.8313165023055,False,True,False,0
5697,302.5,311.9,1595,34.6,112,9.399999999999977,5779.169125788663,True,False,False,0
5698,302.5,311.9,1354,49.4,117,9.399999999999977,7004.453092541754,False,True,False,0
5699,302.5,311.9,1265,59.8,119,9.399999999999977,7921.735315536902,False,True,False,0
5700,302.4,311.9,1867,25.9,121,9.5,5063.755174737684,False,True,False,0
5701,302.5,311.9,1497,41.6,123,9.399999999999977,6521.4436940278365,False,True,False,0
5702,302.5,311.9,1347,54.3,125,9.399999999999977,7659.422800937666,False,False,True,0
5703,302.3,311.7,1544,43.2,128,9.399999999999977,6984.891442285402,False,True,False,0
5704,302.3,311.7,1456,45.4,130,9.399999999999977,6922.227140821798,True,False,False,0
5705,302.5,311.8,1335,52.7,135,9.300000000000011,7367.506011566103,False,True,False,0
5706,302.4,311.9,1452,43.1,137,9.5,6553.4879390944525,False,True,False,0
5707,302.4,311.9,1290,70.0,139,9.5,9456.193887305277,False,True,False,1
5708,302.4,311.8,1448,43.4,141,9.400000000000034,6580.924514935802,False,True,False,0
5709,302.3,311.7,1611,38.6,143,9.399999999999977,6511.956084213995,False,True,False,0
5710,302.2,311.7,1556,38.6,145,9.5,6289.6360440949575,False,True,False,0
5711,302.2,311.7,1413,46.5,147,9.5,6880.559150259685,True,False,False,0
5712,302.2,311.6,1545,35.9,152,9.400000000000034,5808.333577589488,False,True,False,0
5713,302.2,311.7,1330,54.6,154,9.5,7604.539177279453,False,True,False,0
5714,302.2,311.9,1596,38.0,156,9.699999999999989,6351.043708497125,False,True,False,0
5715,302.2,311.8,1618,36.0,158,9.600000000000023,6099.716296209942,False,True,False,0
5716,302.2,311.9,1597,35.8,160,9.699999999999989,5987.10067155426,True,False,False,0
5717,302.3,312.0,1354,52.2,165,9.699999999999989,7401.466628151409,False,True,False,0
5718,302.3,312.0,1746,28.1,167,9.699999999999989,5137.82345753382,False,True,False,0
5719,302.4,312.0,1621,32.5,169,9.600000000000023,5516.898499091476,False,True,False,0
5720,302.3,312.0,1398,43.3,171,9.699999999999989,6339.042824560412,False,True,False,0
5721,302.3,311.9,1434,51.9,173,9.599999999999966,7793.725886878629,False,True,False,0
5722,302.3,311.8,1443,43.4,175,9.5,6558.200328074836,False,False,True,0
5723,302.2,311.7,1488,44.6,178,9.5,6949.705604565197,False,True,False,0
5724,302.3,311.8,1475,48.0,180,9.5,7414.158662471911,False,False,True,0
5725,302.3,311.8,1433,50.3,183,9.5,7548.189477049564,False,True,False,0
5726,302.3,311.8,1557,34.1,185,9.5,5559.95926239668,False,False,True,0
5727,302.4,311.9,1398,50.1,188,9.5,7334.550704629946,False,False,True,0
5728,302.3,311.8,1559,34.4,191,9.5,5616.078579165305,False,False,True,0
5729,302.4,311.9,1422,46.4,194,9.5,6909.4932185992475,False,False,True,0
5730,302.3,311.8,1463,35.7,197,9.5,5469.418562120222,False,False,True,0
5731,302.3,311.7,1793,25.3,200,9.399999999999977,4750.391779517614,False,True,False,0
5732,302.2,311.6,1872,20.4,202,9.400000000000034,3999.1217843136624,False,True,False,0
5733,302.2,311.7,1412,44.5,204,9.5,6579.961093188702,False,True,False,0
5734,302.3,311.8,1487,43.2,206,9.5,6727.029517278752,False,True,False,0
5735,302.3,311.8,1369,56.2,208,9.5,8056.90757544536,False,True,False,1
5736,302.4,311.8,1673,30.1,210,9.400000000000034,5273.404124487243,False,True,False,0
5737,302.4,311.9,1439,36.6,212,9.5,5515.317230789169,False,False,True,0
5738,302.3,311.8,1574,42.8,215,9.5,7054.676687097143,False,True,False,0
5739,302.3,311.7,1281,48.8,0,9.399999999999977,6546.325107844266,False,True,False,0
5740,302.2,311.7,1653,31.4,2,9.5,5435.395113681844,False,False,True,0
5741,302.3,311.7,1535,38.3,5,9.399999999999977,6156.526763362357,False,False,True,0
5742,302.3,311.7,1483,40.5,8,9.399999999999977,6289.625572119445,False,False,True,0
5743,302.3,311.7,1414,47.0,11,9.399999999999977,6959.465485742348,False,True,False,0
5744,302.2,311.6,1379,42.9,13,9.400000000000034,6195.1264650994635,False,False,True,0
5745,302.2,311.5,1482,42.6,16,9.300000000000011,6611.293243920504,True,False,False,0
5746,302.1,311.5,1987,20.1,21,9.399999999999977,4182.3708837975555,False,True,False,0
5747,302.1,311.5,1635,31.6,23,9.399999999999977,5410.450868012342,False,False,True,0
5748,302.1,311.5,1533,39.4,26,9.399999999999977,6325.094153178474,False,True,False,0
5749,302.2,311.7,1576,34.0,28,9.5,5611.303358331849,False,False,True,0
5750,302.2,311.8,1330,62.4,31,9.600000000000023,8690.901916890803,True,False,False,0
5751,302.2,311.8,1981,21.8,36,9.600000000000023,4522.406400646603,False,True,False,0
5752,302.3,311.8,1475,42.8,38,9.5,6610.9581407041205,True,False,False,0
5753,302.3,311.8,1804,25.0,43,9.5,4722.8609558966555,True,False,False,0
5754,302.2,311.6,1416,54.1,48,9.400000000000034,8022.119672794609,False,True,False,0
5755,302.1,311.5,1727,27.7,50,9.399999999999977,5009.573173438772,False,True,False,0
5756,302.1,311.4,1391,49.2,52,9.299999999999955,7166.7268250751795,False,True,False,0
5757,302.0,311.5,1366,52.3,54,9.5,7481.36780130771,False,False,True,0
5758,301.9,311.3,1366,55.6,57,9.400000000000034,7953.4235134361115,False,True,False,0
5759,301.9,311.3,1501,40.8,59,9.400000000000034,6413.121579332059,False,True,False,0
5760,301.8,311.3,1551,35.8,61,9.5,5814.648178823204,False,True,False,0
5761,301.9,311.3,1522,35.6,63,9.400000000000034,5674.051435599549,False,False,True,0
5762,301.9,311.2,1369,49.8,66,9.300000000000011,7139.394968988948,False,True,False,0
5763,301.8,311.2,1334,52.3,68,9.399999999999977,7306.1088191394465,False,True,False,0
5764,301.8,311.2,1451,39.4,70,9.399999999999977,5986.765568337877,True,False,False,0
5765,301.7,311.2,1589,37.9,75,9.5,6306.548284546782,False,True,False,0
5766,301.7,311.3,1708,30.5,77,9.600000000000023,5455.270923203556,False,True,False,0
5767,301.7,311.2,1413,42.6,79,9.5,6303.4799957217765,False,False,True,0
5768,301.6,311.2,1415,46.5,82,9.599999999999966,6890.298087485813,False,False,True,0
5769,301.7,311.3,1421,45.9,85,9.600000000000023,6830.230835949177,False,True,False,0
5770,301.7,311.3,1348,51.0,87,9.600000000000023,7199.27372496637,False,True,False,0
5771,301.6,311.2,1408,42.9,89,9.599999999999966,6325.408312443832,False,True,False,0
5772,301.6,311.2,1525,43.7,91,9.599999999999966,6978.786280561926,False,True,False,0
5773,301.6,311.3,1706,29.9,93,9.699999999999989,5341.691876800773,False,True,False,0
5774,301.6,311.2,1395,46.8,95,9.599999999999966,6836.733932742107,True,False,False,0
5775,301.5,311.1,1602,34.3,100,9.600000000000023,5754.203936168136,False,True,False,0
5776,301.6,311.1,1907,21.5,102,9.5,4293.56231978361,False,True,False,0
5777,301.6,311.1,1325,49.2,104,9.5,6826.680836250621,False,True,False,0
5778,301.6,311.1,1408,44.4,106,9.5,6546.576435256554,False,True,False,0
5779,301.7,311.1,1489,41.4,108,9.400000000000034,6455.407416449379,False,False,True,0
5780,301.6,311.1,1680,29.2,111,9.5,5137.132307150029,False,True,False,0
5781,301.7,311.2,1517,42.4,113,9.5,6735.658425100612,False,True,False,0
5782,301.7,311.1,1618,36.7,115,9.400000000000034,6218.3218908584695,False,False,True,0
5783,301.7,311.1,1455,39.8,118,9.400000000000034,6064.216299224377,False,True,False,0
5784,301.8,311.1,1543,36.4,120,9.300000000000011,5881.605990246714,True,False,False,0
5785,301.8,311.1,1399,41.8,125,9.300000000000011,6123.822783838487,False,False,True,0
5786,301.7,311.1,1469,37.2,128,9.400000000000034,5722.599514073024,False,True,False,0
5787,301.7,311.2,1521,36.7,130,9.5,5845.530034607992,False,True,False,0
5788,301.7,311.3,1584,38.8,132,9.600000000000023,6435.992373850193,False,True,False,0
5789,301.8,311.5,1443,43.3,134,9.699999999999989,6543.089267411069,False,True,False,0
5790,301.8,311.5,1416,49.0,136,9.699999999999989,7265.875489222473,False,False,True,0
5791,301.7,311.2,1563,34.5,139,9.5,5646.8557151949735,False,False,True,0
5792,301.8,311.3,1542,40.1,142,9.5,6475.262282020067,False,False,True,0
5793,301.8,311.3,1624,31.6,145,9.5,5374.050281132748,False,False,True,0
5794,301.8,311.3,1471,44.2,148,9.5,6808.689982321063,False,True,False,0
5795,301.9,311.5,1492,40.8,150,9.600000000000023,6374.66848525212,False,False,True,0
5796,301.9,311.4,1465,39.9,153,9.5,6121.236205887032,False,False,True,0
5797,301.7,311.1,1399,55.1,156,9.400000000000034,8072.311851423462,False,True,False,0
5798,301.6,311.0,1431,42.6,158,9.399999999999977,6383.7791039475305,False,True,False,0
5799,301.5,310.9,1600,39.0,160,9.399999999999977,6534.512719466769,False,True,False,0
5800,301.5,310.8,1593,34.5,162,9.300000000000011,5755.240661743821,False,True,False,0
5801,301.5,310.9,1469,44.7,164,9.399999999999977,6876.349416103875,False,True,False,0
5802,301.5,310.8,1413,44.6,166,9.300000000000011,6599.418023689935,False,True,False,0
5803,301.4,310.8,1490,38.0,168,9.400000000000034,5929.232534875136,False,True,False,0
5804,301.5,310.9,1671,31.1,170,9.399999999999977,5442.0867060339915,False,True,False,0
5805,301.5,310.9,1365,46.5,172,9.399999999999977,6646.824656832605,False,True,False,0
5806,301.4,310.9,1557,39.3,174,9.5,6407.8122877474925,False,False,True,0
5807,301.4,310.9,1440,45.4,177,9.5,6846.158710702877,False,True,False,0
5808,301.4,310.9,1489,38.9,179,9.5,6065.588128016445,False,False,True,0
5809,301.4,311.0,1733,25.7,182,9.600000000000023,4664.018925494918,False,True,False,0
5810,301.3,311.0,1580,36.6,184,9.699999999999989,6055.733999059685,True,False,False,0
5811,301.3,311.0,1856,21.9,189,9.699999999999989,4256.481054495738,False,True,False,0
5812,301.3,311.1,1454,40.3,191,9.800000000000011,6136.1797149426075,False,True,False,0
5813,301.4,311.1,1495,36.3,193,9.700000000000045,5682.984030711255,False,True,False,0
5814,301.2,311.0,1761,29.1,195,9.800000000000011,5366.3743230824775,False,True,False,0
5815,301.3,311.0,1402,47.5,197,9.699999999999989,6973.8120921937425,False,False,True,0
5816,301.2,311.0,1670,33.0,200,9.800000000000011,5771.105704644449,False,True,False,0
5817,301.3,311.0,1582,35.6,202,9.699999999999989,5897.732832535143,False,True,False,0
5818,301.3,311.0,1542,35.1,204,9.699999999999989,5667.87297004749,False,True,False,0
5819,301.3,311.0,1539,36.9,206,9.699999999999989,5946.94064546587,False,True,False,0
5820,301.3,311.0,1418,41.9,208,9.699999999999989,6221.840474630489,False,True,False,0
5821,301.3,311.1,1723,27.6,210,9.800000000000011,4979.927010764397,False,True,False,0
5822,301.3,311.1,1303,49.2,212,9.800000000000011,6713.332173309101,False,True,False,0
5823,301.3,311.0,1463,50.2,214,9.699999999999989,7690.891087351125,False,False,True,0
5824,301.2,311.0,1544,39.3,217,9.800000000000011,6354.310964856859,False,True,False,0
5825,301.2,311.0,1596,37.2,219,9.800000000000011,6217.337525160345,False,True,False,0
5826,301.3,311.1,1413,42.0,221,9.800000000000011,6214.698587331329,False,True,False,0
5827,301.3,311.1,1492,41.2,223,9.800000000000011,6437.165235107534,False,False,True,0
5828,301.3,311.1,1624,40.9,0,9.800000000000011,6955.653686655992,False,True,False,0
5829,301.3,311.1,1504,39.1,2,9.800000000000011,6158.19180746876,False,True,False,0
5830,301.2,311.1,1574,34.3,4,9.900000000000034,5653.631083351215,False,False,True,0
5831,301.3,311.2,1438,42.4,7,9.899999999999977,6384.8891333517995,False,False,True,0
5832,301.3,311.3,1474,50.7,10,10.0,7825.89579565139,False,True,False,0
5833,301.3,311.2,1675,32.1,12,9.899999999999977,5630.519433396306,False,True,False,0
5834,301.3,311.2,1457,44.5,14,9.899999999999977,6789.66240281582,False,True,False,0
5835,301.3,311.3,1434,49.8,16,10.0,7478.372816311286,False,True,False,0
5836,301.3,311.2,1668,30.1,18,9.899999999999977,5257.643801341735,False,True,False,0
5837,301.2,311.1,1550,39.7,20,9.900000000000034,6443.930131288264,False,True,False,0
5838,301.3,311.1,1834,25.4,22,9.800000000000011,4878.223184592182,False,False,True,0
5839,301.4,311.2,1476,36.5,25,9.800000000000011,5641.6720873165505,False,False,True,0
5840,301.4,311.2,1541,36.3,28,9.800000000000011,5857.845077810063,False,False,True,0
5841,301.3,311.1,1581,30.9,31,9.800000000000011,5115.863724885226,False,False,True,0
5842,301.3,311.1,1678,30.7,34,9.800000000000011,5394.596297087225,False,False,True,0
5843,301.4,311.2,1355,50.6,37,9.800000000000011,7179.900570269233,False,True,False,0
5844,301.5,311.2,1700,28.8,39,9.699999999999989,5127.079210658542,False,True,False,0
5845,301.4,311.1,1462,37.1,41,9.700000000000045,5680.02046164137,False,True,False,0
5846,301.4,311.2,1727,26.5,43,9.800000000000011,4792.551952928789,False,False,True,0
5847,301.4,311.3,1674,33.3,46,9.900000000000034,5837.518973341337,False,True,False,0
5848,301.4,311.3,1397,42.3,48,9.900000000000034,6188.214961261567,False,True,False,0
5849,301.4,311.3,2323,15.9,50,9.900000000000034,3867.8974591732176,False,True,False,0
5850,301.4,311.2,1434,47.6,52,9.800000000000011,7148.002932859785,False,False,True,0
5851,301.3,311.1,1560,35.3,55,9.800000000000011,5766.707474929423,False,True,False,0
5852,301.2,311.0,1573,32.8,57,9.800000000000011,5402.952933545773,False,True,False,0
5853,301.2,310.9,1798,22.3,59,9.699999999999989,4198.780469424806,True,False,False,0
5854,301.2,311.0,1567,35.1,64,9.800000000000011,5759.764555164991,False,True,False,0
5855,301.2,310.9,1416,53.3,66,9.699999999999989,7903.493134195058,False,True,False,0
5856,301.2,310.9,1424,45.2,68,9.699999999999989,6740.266094325877,False,False,True,0
5857,301.2,310.9,1598,35.9,71,9.699999999999989,6007.5838556556655,True,False,False,0
5858,301.3,310.9,1760,23.9,76,9.599999999999966,4404.931779353368,False,True,False,0
5859,301.3,311.0,1348,44.5,78,9.699999999999989,6281.7192306079105,False,True,False,0
5860,301.3,311.0,1542,33.6,80,9.699999999999989,5425.656176455716,False,True,False,0
5861,301.3,310.9,1566,33.1,82,9.599999999999966,5428.1066187255165,False,True,False,0
5862,301.3,311.0,1554,47.7,84,9.699999999999989,7762.435624048876,False,True,False,0
5863,301.4,311.0,1470,40.6,86,9.600000000000023,6249.884425051534,False,True,False,0
5864,301.4,311.1,1758,25.4,88,9.700000000000045,4676.072169309191,False,False,True,0
5865,301.4,311.0,1486,36.5,91,9.600000000000023,5679.894797935226,False,False,True,0
5866,301.5,311.1,1402,40.0,94,9.600000000000023,5872.68386711052,False,False,True,0
5867,301.5,311.1,1459,45.1,97,9.600000000000023,6890.654134653221,False,True,False,0
5868,301.5,311.0,1494,45.3,99,9.5,7087.244530939357,False,True,False,0
5869,301.5,311.1,1731,27.9,101,9.600000000000023,5057.430101528455,False,True,False,0
5870,301.5,311.1,2076,18.7,103,9.600000000000023,4065.3465574513352,False,True,False,0
5871,301.5,311.1,2055,16.8,105,9.600000000000023,3615.3448257511336,False,True,False,0
5872,301.5,311.1,1469,49.5,107,9.600000000000023,7614.749353403619,False,True,False,0
5873,301.5,311.0,1504,42.6,109,9.5,6709.436598418649,False,False,True,0
5874,301.5,311.1,1396,43.5,112,9.600000000000023,6359.211849396459,False,False,True,0
5875,301.5,311.1,1660,33.8,115,9.600000000000023,5875.6160202538695,False,False,True,0
5876,301.5,311.0,1577,39.7,118,9.5,6556.179236801027,False,False,True,0
5877,301.5,311.1,1426,52.1,121,9.600000000000023,7780.112318713075,False,True,False,0
5878,301.5,311.1,1458,41.4,123,9.600000000000023,6321.010082728807,False,True,False,0
5879,301.4,311.0,1533,45.8,125,9.600000000000023,7352.520614608479,False,True,False,0
5880,301.4,311.0,1701,28.4,127,9.600000000000023,5058.843818222571,False,True,False,0
5881,301.5,311.1,1434,49.6,129,9.600000000000023,7448.339190542969,False,True,False,0
5882,301.4,311.1,1952,22.7,131,9.700000000000045,4640.174237254172,False,True,False,0
5883,301.4,311.1,1469,36.9,133,9.700000000000045,5676.449517991789,False,True,False,0
5884,301.4,311.1,1800,26.0,135,9.700000000000045,4900.884539600077,False,True,False,0
5885,301.3,311.1,1438,43.0,137,9.800000000000011,6475.241338069042,False,False,True,0
5886,301.3,311.1,1647,28.2,140,9.800000000000011,4863.750914434646,False,True,False,0
5887,301.4,311.1,1494,41.9,142,9.700000000000045,6555.310062833533,False,True,False,0
5888,301.4,311.1,1445,41.4,144,9.700000000000045,6264.649910523406,True,False,False,0
5889,301.5,311.1,1507,38.6,149,9.600000000000023,6091.569099261633,False,False,True,0
5890,301.4,311.0,1234,55.8,152,9.600000000000023,7210.709122225436,False,False,True,0
5891,301.4,311.0,1634,32.6,155,9.600000000000023,5578.253803616084,False,True,False,0
5892,301.4,311.0,1334,53.3,157,9.600000000000023,7445.804972469073,False,True,False,0
5893,301.4,311.1,1472,44.5,159,9.700000000000045,6859.562839358194,False,True,False,0
5894,301.3,311.0,1410,52.7,161,9.699999999999989,7781.410843676558,False,False,True,0
5895,301.2,310.9,1597,37.9,164,9.699999999999989,6338.299314299063,False,True,False,0
5896,301.2,310.9,1460,46.7,166,9.699999999999989,7140.002343568643,False,False,True,0
5897,301.1,310.8,1274,55.7,169,9.699999999999989,7431.102318850272,False,True,False,0
5898,301.0,310.7,1517,40.2,171,9.699999999999989,6386.16671436426,False,False,True,0
5899,301.0,310.7,1300,57.2,174,9.699999999999989,7786.9609906979,False,True,False,0
5900,300.9,310.6,1686,27.7,176,9.700000000000045,4890.642947549374,True,False,False,0
5901,300.9,310.7,1485,41.0,181,9.800000000000011,6375.8622904604845,False,False,True,0
5902,301.0,310.7,1464,45.8,184,9.699999999999989,7021.585244479331,False,True,False,0
5903,300.9,310.6,1598,35.4,186,9.700000000000045,5923.9127713150565,False,True,False,0
5904,300.9,310.5,1894,21.9,188,9.600000000000023,4343.628834706319,False,True,False,0
5905,300.8,310.5,1330,59.0,190,9.699999999999989,8217.359184239702,False,False,True,0
5906,300.8,310.5,1582,31.1,193,9.699999999999989,5152.232895838285,True,False,False,0
5907,300.7,310.3,1533,35.6,198,9.600000000000023,5715.059691704408,False,True,False,0
5908,300.8,310.4,1419,46.4,200,9.599999999999966,6894.916228686589,True,False,False,0
5909,300.8,310.3,1526,36.3,205,9.5,5800.825171147409,False,False,True,0
5910,300.7,310.2,1364,65.3,208,9.5,9327.304812704,True,False,False,1
5911,300.8,310.3,1458,43.4,0,9.5,6626.372888657735,False,False,True,0
5912,300.8,310.4,1288,64.0,3,9.599999999999966,8632.258854023794,False,False,True,0
5913,300.7,310.3,1659,29.8,6,9.600000000000023,5177.156197556764,False,False,True,0
5914,300.7,310.2,1479,52.3,9,9.5,8100.251082089386,True,False,False,0
5915,300.7,310.3,1592,36.0,14,9.600000000000023,6001.698605417941,False,True,False,0
5916,300.6,310.2,1532,38.7,16,9.599999999999966,6208.666729436436,False,False,True,0
5917,300.6,310.2,1555,41.9,19,9.599999999999966,6822.963284943872,False,True,False,0
5918,300.6,310.2,1341,52.6,21,9.599999999999966,7386.575478973394,False,True,False,0
5919,300.6,310.1,1541,42.0,23,9.5,6777.671990854619,False,True,False,0
5920,300.6,310.3,1414,50.6,25,9.699999999999989,7492.530927203466,False,True,False,0
5921,300.5,310.2,1764,25.9,27,9.699999999999989,4784.394284004968,False,True,False,0
5922,300.5,310.3,1336,57.1,29,9.800000000000011,7988.609351156318,False,True,False,0
5923,300.5,310.3,1435,43.3,31,9.800000000000011,6506.814344237619,False,True,False,0
5924,300.4,310.3,1537,35.0,33,9.900000000000034,5633.399226662097,False,False,True,0
5925,300.3,310.2,1369,48.8,36,9.899999999999977,6996.033624230134,False,True,False,0
5926,300.2,310.1,1619,31.3,38,9.900000000000034,5306.6421747622235,False,False,True,0
5927,300.2,310.1,1440,51.1,41,9.900000000000034,7705.698460725044,False,True,False,0
5928,300.2,310.1,1649,30.5,43,9.900000000000034,5266.827723865728,False,True,False,0
5929,300.2,310.1,1550,38.7,45,9.900000000000034,6281.614510852792,False,False,True,0
5930,300.3,310.2,1471,45.2,48,9.899999999999977,6962.732742102082,False,True,False,0
5931,300.3,310.3,1483,51.6,50,10.0,8013.4488770707,False,True,False,0
5932,300.3,310.4,1336,54.4,52,10.099999999999966,7610.864250488679,False,True,False,0
5933,300.5,310.5,1515,36.6,54,10.0,5806.605701630015,False,True,False,0
5934,300.5,310.5,1373,47.4,56,10.0,6815.182607138481,False,True,False,0
5935,300.6,310.5,1454,51.2,58,9.899999999999977,7795.841225932048,True,False,False,0
5936,300.5,310.5,1646,34.5,63,10.0,5946.720733980119,False,True,False,0
5937,300.5,310.4,1548,37.3,65,9.899999999999977,6046.560548511202,False,False,True,0
5938,300.6,310.5,1462,41.3,68,9.899999999999977,6323.041645978128,False,False,True,0
5939,300.5,310.4,1702,33.1,71,9.899999999999977,5899.513068372177,False,True,False,0
5940,300.5,310.5,1409,60.9,73,10.0,8985.803219283276,False,True,False,0
5941,300.6,310.6,1427,52.8,75,10.0,7890.172781343836,False,False,True,0
5942,300.6,310.7,1438,48.5,78,10.099999999999966,7303.469881310431,False,True,False,1
5943,300.7,310.7,1450,43.4,80,10.0,6590.014189680189,False,True,False,0
5944,300.7,310.7,1541,41.3,82,10.0,6664.710791007042,False,True,False,0
5945,300.7,310.6,1484,38.0,84,9.900000000000034,5905.356430707853,False,False,True,0
5946,300.8,310.8,1415,44.5,87,10.0,6593.941180497176,False,False,True,0
5947,300.7,310.8,1496,46.4,90,10.100000000000023,7269.058969778111,False,True,False,0
5948,300.7,310.8,1465,45.2,92,10.100000000000023,6934.33274451363,False,False,True,0
5949,300.7,310.8,2113,18.5,95,10.100000000000023,4093.54758750506,False,True,False,0
5950,300.7,310.8,1506,44.0,97,10.100000000000023,6939.149853249135,False,False,True,0
5951,300.7,310.8,1689,28.9,100,10.100000000000023,5111.591158876345,False,True,False,0
5952,300.7,310.9,1650,29.4,102,10.199999999999989,5079.955320854695,False,True,False,0
5953,300.7,310.8,1563,33.8,104,10.100000000000023,5532.281831118553,False,True,False,0
5954,300.7,310.9,1486,38.9,106,10.199999999999989,6053.367332593981,False,False,True,0
5955,300.8,310.9,1732,25.7,109,10.099999999999966,4661.327627788343,False,True,False,0
5956,300.7,310.8,1653,31.6,111,10.100000000000023,5470.015464724404,False,True,False,0
5957,300.7,310.9,1535,37.1,113,10.199999999999989,5963.632974431945,False,True,False,0
5958,300.7,310.9,1637,37.2,115,10.199999999999989,6377.056095668849,False,True,False,0
5959,300.6,310.8,1533,38.5,117,10.199999999999989,6180.612307039879,False,True,False,0
5960,300.6,310.8,1378,51.2,119,10.199999999999989,7388.355714810428,False,True,False,0
5961,300.5,310.7,1606,33.5,121,10.199999999999989,5634.027545192815,False,True,False,0
5962,300.3,310.7,1539,32.3,123,10.399999999999977,5205.587611071751,False,True,False,0
5963,300.5,310.8,1728,26.3,125,10.300000000000011,4759.135879070106,False,True,False,0
5964,300.4,310.7,1656,36.3,127,10.300000000000011,6294.997695557083,True,False,False,0
5965,300.5,310.8,1631,30.5,132,10.300000000000011,5209.336578305035,True,False,False,0
5966,300.5,310.9,1447,46.5,137,10.399999999999977,7046.121083103867,True,False,False,0
5967,300.4,310.8,1396,49.3,142,10.400000000000034,7207.10676264932,False,True,False,0
5968,300.4,310.8,1390,52.5,144,10.400000000000034,7641.9241298571715,False,True,False,0
5969,300.4,310.8,1348,56.0,146,10.400000000000034,7905.084874472876,False,True,False,0
5970,300.4,310.8,1491,35.9,148,10.400000000000034,5605.323860314516,False,False,True,0
5971,300.4,310.8,1520,37.6,151,10.400000000000034,5984.943444598795,False,True,False,0
5972,300.5,310.8,1509,33.0,153,10.300000000000011,5214.729645693697,False,True,False,0
5973,300.5,310.8,1445,46.6,155,10.300000000000011,7051.51415049253,False,True,False,0
5974,300.5,310.8,1354,51.8,157,10.300000000000011,7344.750408778601,False,True,False,0
5975,300.5,310.7,1488,39.4,159,10.199999999999989,6139.426027351316,False,True,False,0
5976,300.5,310.7,1654,28.6,161,10.199999999999989,4953.705184082433,True,False,False,0
5977,300.5,310.6,1378,51.5,166,10.100000000000023,7431.6468615768945,True,False,False,0
5978,300.6,310.7,1750,30.6,171,10.099999999999966,5607.74288665778,False,True,False,0
5979,300.5,310.6,1448,46.3,173,10.100000000000023,7020.663710634277,False,True,False,0
5980,300.6,310.7,1501,45.3,175,10.099999999999966,7120.451165287802,True,False,False,0
5981,300.6,310.7,1654,32.0,180,10.099999999999966,5542.607198973352,False,False,True,0
5982,300.7,310.7,1347,46.5,183,10.0,6559.17422179745,False,False,True,0
5983,300.7,310.8,1486,37.1,186,10.100000000000023,5773.262931599915,False,True,False,0
5984,300.8,310.8,1466,45.2,188,10.0,6939.066077445039,True,False,False,0
5985,300.7,310.8,1346,52.0,193,10.100000000000023,7329.545100335226,True,False,False,0
5986,300.7,310.7,1314,42.4,198,10.0,5834.314548834676,False,True,False,0
5987,300.6,310.7,1440,52.5,200,10.099999999999966,7916.813487046278,False,True,False,0
5988,300.7,310.8,1608,39.5,202,10.100000000000023,6651.37996618031,False,True,False,0
5989,300.7,310.8,1296,58.2,204,10.100000000000023,7898.717913361601,True,False,False,0
5990,300.7,310.7,1507,46.1,209,10.0,7275.164131501587,False,True,False,0
5991,300.7,310.7,1343,51.6,211,10.0,7256.953366086278,False,False,True,0
5992,300.7,310.7,1416,40.4,214,10.0,5990.640199277304,False,True,False,0
5993,300.7,310.6,1288,47.2,216,9.900000000000034,6366.290904842548,False,True,False,0
5994,300.7,310.6,1407,42.4,218,9.900000000000034,6247.245487222518,False,False,True,0
5995,300.6,310.4,1608,39.2,221,9.799999999999955,6600.863156310586,False,True,False,0
5996,300.6,310.3,1920,22.3,223,9.699999999999989,4483.681035203353,False,True,False,0
5997,300.5,310.2,1386,48.2,225,9.699999999999989,6995.824184719894,False,False,True,0
5998,300.5,310.2,1571,34.6,228,9.699999999999989,5692.209841137299,False,False,True,0
5999,300.4,310.2,1613,36.9,231,9.800000000000011,6232.888408795613,False,False,True,0
6000,300.4,310.2,1671,30.5,234,9.800000000000011,5337.09467955102,False,False,True,1
6001,300.4,310.2,1431,43.2,0,9.800000000000011,6473.691485693272,True,False,False,0
6002,300.4,310.2,1380,47.3,5,9.800000000000011,6835.477295680671,False,False,True,0
6003,300.5,310.3,1683,31.5,8,9.800000000000011,5551.665457791202,False,True,False,0
6004,300.4,310.2,1529,36.2,10,9.800000000000011,5796.217501922144,False,True,False,0
6005,300.5,310.4,1761,26.5,12,9.899999999999977,4886.904452291603,False,True,False,0
6006,300.6,310.5,1570,38.3,14,9.899999999999977,6296.903595100261,False,True,False,0
6007,300.6,310.5,2156,18.0,16,9.899999999999977,4063.964256683756,False,False,True,0
6008,300.7,310.6,1349,54.5,19,9.900000000000034,7699.048756274946,False,False,True,0
6009,300.7,310.7,1431,39.3,22,10.0,5889.261004345962,False,True,False,0
6010,300.6,310.6,1931,22.0,24,10.0,4448.704636993386,False,True,False,0
6011,300.7,310.7,1428,43.4,26,10.0,6490.027767491938,True,False,False,0
6012,300.8,310.8,1564,36.2,31,10.0,5928.897431658754,False,True,False,0
6013,300.8,310.9,1425,44.0,33,10.099999999999966,6565.928646002667,True,False,False,0
6014,300.7,310.8,1597,30.5,38,10.100000000000023,5100.742192245948,False,True,False,0
6015,300.8,310.8,1618,32.8,40,10.0,5557.519292102391,True,False,False,0
6016,300.8,310.8,1520,38.0,45,10.0,6048.613055711548,False,False,True,0
6017,300.7,310.7,1425,45.3,48,10.0,6759.921992361837,False,True,False,0
6018,300.8,310.9,1398,38.2,50,10.099999999999966,5592.411914508263,False,True,False,0
6019,300.8,310.9,1557,31.6,52,10.099999999999966,5152.337615593405,False,False,True,0
6020,300.7,310.8,1519,43.9,55,10.100000000000023,6983.142622374903,False,True,False,0
6021,300.7,310.8,1619,34.9,57,10.100000000000023,5916.990795501648,False,True,False,0
6022,300.7,310.8,1814,21.4,59,10.100000000000023,4065.1790058431443,False,True,False,0
6023,300.7,310.9,1521,39.4,61,10.199999999999989,6275.582652957899,False,True,False,0
6024,300.7,310.9,1369,51.2,63,10.199999999999989,7340.100851651288,False,False,True,0
6025,300.7,310.9,1356,65.3,66,10.199999999999989,9272.59921262949,False,True,False,1
6026,300.7,311.0,1336,53.3,68,10.300000000000011,7456.968098364829,False,True,False,0
6027,300.7,311.0,1403,48.3,70,10.300000000000011,7096.323733708232,False,True,False,0
6028,300.7,311.0,1413,44.3,72,10.300000000000011,6555.02731949471,False,False,True,0
6029,300.6,310.9,1472,47.6,75,10.299999999999955,7337.420025920224,False,True,False,0
6030,300.7,310.8,1452,47.9,77,10.100000000000023,7283.342744376433,False,False,True,0
6031,300.6,310.7,1397,53.7,80,10.099999999999966,7855.960837346245,False,True,False,0
6032,300.6,310.7,1455,40.6,82,10.099999999999966,6186.110094183661,False,True,False,0
6033,300.7,310.8,1754,27.7,84,10.100000000000023,5087.893078292765,False,True,False,0
6034,300.6,310.9,1471,37.9,86,10.299999999999955,5838.22059570064,False,True,False,0
6035,300.6,310.8,1389,48.1,88,10.199999999999989,6996.421087324077,False,False,True,0
6036,300.6,310.9,1702,30.3,91,10.299999999999955,5400.460603373926,False,False,True,0
6037,300.6,311.0,1401,54.6,94,10.399999999999977,8010.495779976327,False,False,True,0
6038,300.7,311.1,1426,46.2,97,10.400000000000034,6899.063130989329,False,True,False,0
6039,300.7,311.0,1496,38.3,99,10.300000000000011,6000.106865140121,False,True,False,0
6040,300.6,310.9,1433,42.6,101,10.299999999999955,6392.701227083727,False,True,False,0
6041,300.7,311.1,1438,46.6,103,10.400000000000034,7017.354566372497,False,False,True,0
6042,300.7,311.0,1418,49.3,106,10.300000000000011,7320.685809052103,False,False,True,0
6043,300.8,311.0,1580,36.6,109,10.199999999999989,6055.733999059685,False,False,True,0
6044,300.7,310.9,1468,41.8,112,10.199999999999989,6425.85550155461,False,False,True,0
6045,300.8,310.9,1522,41.7,115,10.099999999999966,6646.290586081494,False,False,True,0
6046,300.8,310.9,1311,55.8,118,10.099999999999966,7660.648022072567,False,True,False,0
6047,300.9,311.0,1316,56.5,120,10.100000000000023,7786.332672167182,False,True,False,0
6048,300.9,311.0,1853,23.6,122,10.100000000000023,4579.478667186818,True,False,False,0
6049,300.9,311.0,1556,38.8,127,10.100000000000023,6322.224831888195,False,False,True,0
6050,300.9,311.0,1567,34.3,130,10.100000000000023,5628.487870146985,False,False,True,0
6051,300.9,311.1,1546,37.7,133,10.200000000000045,6103.507151345274,False,False,True,0
6052,300.9,311.0,1382,51.2,136,10.100000000000023,7409.802320658934,False,True,False,0
6053,300.9,311.0,2003,20.2,138,10.100000000000023,4237.024123994506,False,True,False,0
6054,300.8,310.9,1748,29.9,140,10.099999999999966,5473.198945280042,False,True,False,0
6055,300.7,310.8,1518,40.1,142,10.100000000000023,6374.479989692905,True,False,False,0
6056,300.7,310.8,1475,42.0,147,10.100000000000023,6487.388829662923,False,True,False,0
6057,300.8,310.8,1634,29.2,149,10.0,4996.472732073302,False,True,False,0
6058,300.8,310.8,1689,32.9,151,10.0,5819.077824464765,False,True,False,0
6059,300.9,310.9,1636,35.3,153,10.0,6047.649633964446,False,False,True,0
6060,300.9,311.0,2235,15.8,156,10.100000000000023,3697.9687125405453,False,True,False,0
6061,301.0,311.1,1615,35.6,158,10.100000000000023,6020.757600849719,False,True,False,0
6062,301.1,311.1,1618,29.5,160,10.0,4998.378631616481,True,False,False,0
6063,301.1,311.2,1407,53.0,165,10.099999999999966,7809.056859028148,False,False,True,0
6064,301.1,311.1,1450,43.3,168,10.0,6574.829825187838,False,True,False,0
6065,301.1,311.1,1889,23.8,170,10.0,4708.011694620688,False,True,False,0
6066,301.0,310.9,1568,38.2,172,9.899999999999977,6272.462004255333,False,True,False,0
6067,301.0,311.0,1804,25.8,174,10.0,4873.992506485349,False,True,False,0
6068,301.0,311.0,1582,37.5,176,10.0,6212.499472473815,False,True,False,0
6069,301.0,310.9,2047,17.9,178,9.899999999999977,3837.067963265989,False,False,True,0
6070,300.9,310.9,1601,34.0,181,10.0,5700.31515018356,False,True,False,0
6071,300.9,310.9,1615,32.0,183,10.0,5411.916944584017,False,True,False,0
6072,300.9,310.8,1452,43.6,185,9.900000000000034,6629.514481311325,False,False,True,0
6073,300.9,310.8,1695,30.2,188,9.900000000000034,5360.4995448202635,False,False,True,0
6074,300.9,310.8,1790,26.2,191,9.900000000000034,4911.147075601803,False,False,True,0
6075,301.0,310.8,1533,39.3,194,9.800000000000011,6309.0406147186295,False,False,True,0
6076,301.0,310.9,1813,28.5,197,9.899999999999977,5410.92210691038,False,True,False,0
6077,301.0,310.9,1492,36.7,199,9.899999999999977,5734.076799234138,False,True,False,0
6078,300.9,310.7,1479,43.3,201,9.800000000000011,6706.326421691595,False,True,False,0
6079,300.8,310.7,1339,59.1,203,9.899999999999977,8286.987349418765,False,True,False,1
6080,300.8,310.7,1371,44.7,205,9.899999999999977,6417.614056826694,False,False,True,0
6081,300.9,310.7,1468,36.2,208,9.800000000000011,5564.975338666912,False,True,False,0
6082,300.9,310.7,1517,41.7,210,9.800000000000011,6624.456517139045,False,True,False,0
6083,300.9,310.7,1352,46.4,212,9.800000000000011,6569.363453970592,False,True,False,0
6084,300.9,310.7,1389,50.0,214,9.800000000000011,7272.786993060371,False,True,False,0
6085,300.8,310.6,1505,36.2,0,9.800000000000011,5705.236978674185,False,False,True,0
6086,300.9,310.6,1538,36.7,3,9.700000000000045,5910.864689827148,False,True,False,0
6087,300.9,310.8,1482,37.0,5,9.900000000000034,5742.2030522314235,False,True,False,0
6088,300.9,310.8,1599,33.0,7,9.900000000000034,5525.747318399087,False,False,True,0
6089,300.9,310.8,1476,39.0,10,9.900000000000034,6028.087983708095,False,True,False,0
6090,300.9,310.7,1509,37.5,12,9.800000000000011,5925.829142833747,False,True,False,0
6091,300.9,310.8,1708,29.1,14,9.900000000000034,5204.865044761425,False,True,False,0
6092,300.9,310.7,1412,57.5,16,9.800000000000011,8502.196918165177,False,True,False,0
6093,300.9,310.7,1658,28.5,18,9.800000000000011,4948.322588669283,False,True,False,0
6094,301.0,310.8,1375,57.2,20,9.800000000000011,8236.20874016124,False,True,False,0
6095,300.9,310.8,1402,48.1,22,9.900000000000034,7061.902350200399,False,False,True,0
6096,300.9,310.7,1452,47.3,25,9.800000000000011,7192.110893716184,False,False,True,0
6097,300.8,310.7,1483,40.8,28,9.899999999999977,6336.215391172181,False,False,True,0
6098,300.9,310.8,1477,38.4,31,9.900000000000034,5939.369407170719,True,False,False,0
6099,300.8,310.7,1924,22.4,36,9.899999999999977,4513.170118245049,False,False,True,0
6100,300.9,310.7,1609,28.7,39,9.800000000000011,4835.780267842184,True,False,False,0
6101,300.8,310.7,1886,21.1,44,9.899999999999977,4167.280767084813,False,False,True,0
6102,300.7,310.6,1616,29.6,47,9.900000000000034,5009.122878491758,False,True,False,0
6103,300.7,310.7,1442,43.2,49,10.0,6523.454313326133,False,True,False,0
6104,300.8,310.8,1407,45.1,51,10.0,6645.065364946595,False,True,False,0
6105,300.8,310.8,1461,41.3,53,10.0,6318.716720091686,False,False,True,0
6106,300.8,310.9,1522,46.2,56,10.099999999999966,7363.516188896045,False,False,True,0
6107,300.9,311.0,1432,48.1,59,10.100000000000023,7213.012956838069,False,True,False,0
6108,300.9,311.0,1438,49.0,61,10.100000000000023,7378.7633852414665,False,True,False,0
6109,300.8,310.9,1678,28.1,63,10.099999999999966,4937.724949451173,False,False,True,0
6110,300.8,310.9,1514,38.7,66,10.099999999999966,6135.718948020081,False,False,True,0
6111,300.7,310.8,1534,41.3,69,10.100000000000023,6634.4363098019485,False,True,False,0
6112,300.7,310.8,1486,41.2,71,10.100000000000023,6411.2785116419545,False,False,True,0
6113,300.7,310.8,1925,22.0,74,10.100000000000023,4434.881629317591,False,True,False,0
6114,300.7,310.8,1724,30.0,76,10.100000000000023,5416.105734788803,False,False,True,0
6115,300.8,310.8,1549,35.5,79,10.0,5758.486974152531,False,False,True,0
6116,300.8,310.9,1457,47.7,82,10.099999999999966,7277.907789085723,False,True,False,0
6117,300.8,310.9,1453,43.9,84,10.099999999999966,6679.727603891201,False,True,False,0
6118,300.8,311.0,1578,44.4,86,10.199999999999989,7337.001146899745,False,True,False,0
6119,300.9,311.1,1325,61.4,88,10.200000000000045,8519.47567775992,False,False,True,0
6120,300.9,311.1,1471,39.3,91,10.200000000000045,6053.880459394067,False,True,False,0
6121,300.9,311.2,1472,40.0,93,10.300000000000011,6165.899181445567,False,False,True,0
6122,300.9,311.1,1457,37.4,96,10.200000000000045,5706.367952029475,False,True,False,0
6123,301.0,311.0,1402,55.3,98,10.0,8118.985446280292,False,True,False,0
6124,300.9,310.9,1477,41.5,100,10.0,6418.849749937105,False,True,False,0
6125,300.9,310.9,1727,30.1,102,10.0,5443.6156144587385,False,False,True,0
6126,300.9,310.9,1995,20.2,105,10.0,4220.101411567169,False,True,False,0
6127,300.9,310.9,1370,52.5,107,10.0,7531.968386981529,False,True,False,0
6128,300.9,310.9,1228,66.4,109,10.0,8538.765056652963,False,True,False,0
6129,300.9,311.0,1499,38.0,111,10.100000000000023,5965.046691126059,False,True,False,0
6130,301.0,311.0,1508,46.9,113,10.0,7406.32562478896,False,False,True,0
6131,301.0,310.9,1473,44.2,116,9.899999999999977,6817.947208673641,False,True,False,0
6132,301.0,311.0,1640,37.6,118,10.0,6457.4389796987,True,False,False,0
6133,301.1,311.1,1429,42.5,123,10.0,6359.892527804736,False,True,False,0
6134,301.1,311.1,1470,40.9,125,10.0,6296.065837059304,False,True,False,0
6135,301.0,311.0,1581,37.0,127,10.0,6125.791515234738,False,True,False,0
6136,301.0,310.9,1740,28.9,129,9.899999999999977,5265.937605947211,False,True,False,0
6137,300.9,310.8,1390,40.6,131,9.900000000000034,5909.754660422879,True,False,False,0
6138,300.9,310.8,1988,19.7,136,9.900000000000034,4101.202601604307,False,False,True,0
6139,300.8,310.7,1452,43.0,139,9.899999999999977,6538.282630651077,False,False,True,0
6140,300.8,310.7,1586,33.4,142,9.899999999999977,5547.2567561006645,False,True,False,0
6141,300.8,310.7,1589,34.3,144,9.899999999999977,5707.50939736028,False,True,False,0
6142,300.8,310.8,1486,45.7,146,10.0,7111.539514127118,False,True,False,0
6143,300.9,310.9,1755,27.9,148,10.0,5127.550449556581,False,True,False,0
6144,301.0,310.9,1575,34.6,150,9.899999999999977,5706.703055245859,False,False,True,0
6145,301.1,311.1,1615,37.7,153,10.0,6375.914650338045,False,False,True,0
6146,301.1,311.1,1436,41.8,156,10.0,6285.782357106553,False,False,True,0
6147,301.1,311.1,1470,40.6,159,10.0,6249.884425051534,False,False,True,0
6148,301.1,311.1,2089,19.8,162,10.0,4331.439455210391,False,False,True,0
6149,301.1,311.2,1564,37.0,165,10.099999999999966,6059.922789264471,False,True,False,0
6150,301.0,311.1,1420,47.4,167,10.100000000000023,7048.477277594059,False,False,True,0
6151,301.1,311.1,1711,29.1,170,10.0,5214.007079383372,False,True,False,0
6152,301.1,311.2,1555,35.3,172,10.099999999999966,5748.2244381508035,False,True,False,0
6153,301.1,311.1,1592,35.7,174,10.0,5951.684450372791,False,False,True,0
6154,301.0,311.1,1236,64.4,177,10.100000000000023,8335.524955916726,False,True,False,1
6155,301.0,310.9,1765,24.2,179,9.899999999999977,4472.894900426028,False,False,True,0
6156,301.0,311.0,1634,31.2,182,10.0,5338.69689180435,False,True,False,0
6157,301.1,311.1,1508,41.5,184,10.0,6553.571714898548,False,True,False,0
6158,301.1,311.2,1774,29.6,186,10.099999999999966,5498.876229235382,False,True,False,0
6159,301.1,311.0,1677,29.1,188,9.899999999999977,5110.3973536679805,False,True,False,0
6160,301.0,311.0,1399,58.0,190,10.0,8497.170369919433,False,True,False,1
6161,301.0,310.9,1570,34.0,192,9.899999999999977,5589.940528287439,False,True,False,0
6162,301.0,310.9,1479,44.3,194,9.899999999999977,6861.206939513571,False,True,False,0
6163,301.0,310.8,1558,34.9,196,9.800000000000011,5694.052908827403,False,True,False,0
6164,300.8,310.7,1358,48.1,198,9.899999999999977,6840.273460465152,False,True,False,0
6165,300.9,310.7,1656,30.7,200,9.800000000000011,5323.868574479407,True,False,False,0
6166,300.9,310.7,1523,35.8,205,9.800000000000011,5709.677096291257,False,True,False,0
6167,300.9,310.7,1403,40.6,207,9.800000000000011,5965.025747175036,True,False,False,0
6168,300.9,310.7,1362,51.6,212,9.800000000000011,7359.620614005592,False,False,True,0
6169,300.7,310.6,1778,27.1,215,9.900000000000034,5045.795736734663,False,False,True,0
6170,300.7,310.5,1448,38.2,218,9.800000000000011,5792.426646786813,False,True,False,0
6171,300.8,310.5,1559,40.1,220,9.699999999999989,6546.649739085138,True,False,False,0
6172,300.8,310.6,1416,42.2,225,9.800000000000011,6257.549911126293,False,True,False,0
6173,300.8,310.6,1577,37.9,227,9.800000000000011,6258.92173991836,False,True,False,1
6174,300.8,310.7,1633,27.8,0,9.899999999999977,4754.004611069243,False,True,False,0
6175,300.9,310.7,1573,31.2,2,9.800000000000011,5139.394253860614,False,True,False,0
6176,300.9,310.8,1517,44.3,4,9.900000000000034,7037.492175282006,False,True,False,0
6177,301.0,310.9,1515,37.3,6,9.899999999999977,5917.6610019344125,False,True,False,0
6178,301.0,310.8,1527,45.3,8,9.800000000000011,7243.790092867736,False,True,False,0
6179,301.1,310.9,1282,67.9,10,9.799999999999955,9115.62429970512,False,True,False,1
6180,301.1,310.9,1396,45.1,12,9.799999999999955,6593.113894431731,False,False,True,0
6181,301.0,310.9,1492,44.6,15,9.899999999999977,6968.387608878544,False,True,False,0
6182,301.0,310.8,1975,19.7,17,9.800000000000011,4074.3838723181625,False,True,False,0
6183,301.0,310.8,1475,35.3,19,9.800000000000011,5452.495849692884,False,True,False,0
6184,301.0,310.9,1495,37.3,21,9.899999999999977,5839.540064615147,True,False,False,0
6185,301.0,311.0,1553,35.8,26,10.0,5822.146113289771,False,True,False,0
6186,301.1,311.0,1918,21.7,28,9.899999999999977,4358.499039933311,False,True,False,0
6187,301.1,311.0,1413,46.6,30,9.899999999999977,6895.356051658094,False,False,True,0
6188,301.0,311.0,1437,56.0,33,10.0,8427.00813398926,False,True,False,0
6189,301.0,310.9,1450,45.9,35,9.899999999999977,6969.623301988956,False,True,False,0
6190,301.0,310.9,1910,21.9,37,9.899999999999977,4380.322636900249,False,False,True,0
6191,300.9,310.9,1749,26.4,40,10.0,4835.288084993122,False,True,False,0
6192,301.0,310.9,1916,22.0,42,9.899999999999977,4414.147117803898,True,False,False,0
6193,301.0,310.9,1428,45.3,47,9.899999999999977,6774.153407082598,False,True,False,0
6194,301.0,310.9,1578,38.4,49,9.899999999999977,6345.514505426807,False,True,False,0
6195,300.9,310.8,1571,39.9,51,9.900000000000034,6564.137938190121,False,True,False,0
6196,300.9,310.8,1729,30.2,53,9.900000000000034,5468.0257893771295,False,True,False,0
6197,300.9,310.8,1701,30.4,55,9.900000000000034,5415.100425139653,False,True,False,0
6198,300.9,310.8,1493,45.8,57,9.900000000000034,7160.674023229262,False,True,False,0
6199,301.0,310.9,1554,32.7,59,9.899999999999977,5321.418132209607,False,False,True,0
6200,300.9,310.9,1497,43.2,62,10.0,6772.268451490445,False,True,False,0
6201,301.0,310.9,1679,29.8,64,9.899999999999977,5239.569171608081,False,True,False,0
6202,301.0,310.9,1510,44.5,66,9.899999999999977,7036.643945265538,False,False,True,0
6203,301.0,310.9,1296,54.9,69,9.899999999999977,7450.85246466584,False,True,False,0
6204,301.0,310.9,1404,41.8,71,9.899999999999977,6145.709212658497,False,True,False,0
6205,300.9,310.8,1519,34.9,73,9.900000000000034,5551.518850134035,False,False,True,0
6206,300.9,310.7,1696,27.3,76,9.800000000000011,4848.608437844343,False,False,True,0
6207,300.8,310.6,1669,28.4,79,9.800000000000011,4963.674504769825,False,False,True,0
6208,300.7,310.6,1447,40.7,82,9.900000000000034,6167.2500662866105,False,True,False,0
6209,300.7,310.6,1418,46.3,84,9.900000000000034,6875.20797077307,False,False,True,0
6210,300.7,310.6,1407,40.5,87,9.900000000000034,5967.2981658611325,False,True,False,0
6211,300.8,310.5,1434,44.5,89,9.699999999999989,6682.481733450849,False,True,False,0
6212,300.8,310.6,1360,48.8,91,9.800000000000011,6950.040707781579,False,True,False,0
6213,300.8,310.6,1402,53.7,93,9.800000000000011,7884.078091595874,False,True,False,0
6214,300.9,310.6,1552,34.9,95,9.700000000000045,5672.124592105347,False,True,False,0
6215,300.9,310.7,1392,44.2,97,9.800000000000011,6443.029541394235,False,True,False,0
6216,301.1,310.8,1521,41.0,99,9.699999999999989,6530.4286490171025,False,True,False,0
6217,301.1,310.8,1724,27.5,101,9.699999999999989,4964.7635902230695,False,True,False,0
6218,301.0,310.7,1455,46.1,103,9.699999999999989,7024.129934528739,False,False,True,0
6219,301.0,310.6,1366,50.6,106,9.600000000000023,7238.187585968836,True,False,False,0
6220,301.1,310.6,1407,43.9,111,9.5,6468.25653040256,True,False,False,0
6221,301.1,310.8,1470,49.3,116,9.699999999999989,7589.145373276863,False,True,False,0
6222,301.2,310.9,1359,50.8,118,9.699999999999989,7229.558678146975,False,False,True,0
6223,301.1,310.8,1792,25.8,121,9.699999999999989,4841.571270300302,True,False,False,0
6224,301.1,310.9,1552,37.9,126,9.799999999999955,6159.699771942483,False,False,True,0
6225,301.2,311.0,1612,32.9,129,9.800000000000011,5553.791268820131,False,True,False,0
6226,301.2,311.0,1424,41.4,131,9.800000000000011,6173.606555422374,False,False,True,0
6227,301.3,311.0,1341,59.3,134,9.699999999999989,8327.451062797001,True,False,False,0
6228,301.2,310.8,1479,38.2,139,9.600000000000023,5916.435780799514,False,True,False,0
6229,301.2,310.9,1413,50.1,141,9.699999999999989,7413.247600602371,False,True,False,0
6230,301.3,310.9,2165,17.4,143,9.599999999999966,3944.897895112703,False,True,False,0
6231,301.3,311.0,1641,33.0,145,9.699999999999989,5670.8888989949355,False,False,True,0
6232,301.3,311.0,1495,40.8,148,9.699999999999989,6387.4861832787665,False,False,True,0
6233,301.3,311.0,1576,30.4,151,9.699999999999989,5017.165355684947,False,True,False,0
6234,301.2,310.9,1467,37.1,153,9.699999999999989,5699.445976216067,False,True,False,0
6235,301.2,310.8,1479,41.2,155,9.600000000000023,6381.077334265444,False,True,False,0
6236,301.3,310.9,1596,33.9,157,9.599999999999966,5665.7995188961195,False,True,False,0
6237,301.3,310.9,1512,36.9,159,9.599999999999966,5842.608353440153,False,False,True,0
6238,301.4,310.9,1414,38.8,162,9.5,5745.2608690809175,False,True,False,0
6239,301.3,310.8,1390,57.4,164,9.5,8355.170381977174,False,True,False,0
6240,301.2,310.7,1644,31.6,166,9.5,5440.233166368373,False,True,False,0
6241,301.2,310.7,1394,42.8,168,9.5,6247.9156936552845,False,False,True,0
6242,301.1,310.5,1324,52.4,171,9.399999999999977,7265.205282789707,False,True,False,0
6243,301.0,310.4,1476,43.6,173,9.399999999999977,6739.093233068536,False,True,False,0
6244,301.0,310.4,2204,16.6,175,9.399999999999977,3831.31884870992,False,True,False,0
6245,301.0,310.4,1665,30.9,177,9.399999999999977,5387.674321273816,False,False,True,0
6246,300.9,310.4,1445,41.7,180,9.5,6310.04592436778,False,True,False,0
6247,300.8,310.3,1457,46.8,182,9.5,7140.588774197311,True,False,False,0
6248,300.8,310.2,1492,46.3,187,9.399999999999977,7233.998795764048,False,True,False,0
6249,300.8,310.1,1405,61.2,189,9.300000000000011,9004.432863719065,False,True,False,1
6250,300.7,310.1,1542,35.5,191,9.400000000000034,5732.464115005295,False,True,False,0
6251,300.8,310.2,1520,37.7,193,9.399999999999977,6000.860847376984,False,True,False,0
6252,300.8,310.2,1598,36.5,195,9.399999999999977,6107.989156864395,False,False,True,0
6253,300.8,310.3,1538,36.1,198,9.5,5814.229299802726,False,True,False,0
6254,300.9,310.4,1615,30.9,200,9.5,5225.8822996139415,False,True,False,0
6255,301.0,310.5,1408,47.0,202,9.5,6929.934514798605,False,True,False,0
6256,301.0,310.5,1379,57.3,204,9.5,8274.60947436362,False,True,False,1
6257,301.0,310.6,1493,37.8,206,9.600000000000023,5909.901268080046,False,True,False,1
6258,301.1,310.7,1376,49.1,0,9.599999999999966,7075.034207492406,False,True,False,0
6259,301.1,310.7,1583,40.7,2,9.599999999999966,6746.894854824952,False,False,True,0
6260,301.2,310.8,1396,47.4,5,9.600000000000023,6929.348084169934,False,False,True,0
6261,301.1,310.7,1436,45.3,8,9.599999999999966,6812.103846337963,False,True,False,0
6262,301.1,310.6,1417,47.6,10,9.5,7063.263707016955,False,True,False,0
6263,301.0,310.6,1641,33.4,12,9.600000000000023,5739.626946255479,False,True,False,0
6264,301.0,310.6,1698,27.3,14,9.600000000000023,4854.326136473876,False,False,True,0
6265,300.9,310.4,1541,39.1,17,9.5,6309.689877200372,False,True,False,0
6266,300.8,310.3,1383,46.6,19,9.5,6748.957834000809,False,True,False,0
6267,300.8,310.4,1368,46.8,21,9.599999999999966,6704.410050172904,False,True,False,0
6268,300.8,310.4,1570,35.2,23,9.599999999999966,5787.232546932878,False,True,False,0
6269,300.9,310.5,1616,33.5,25,9.600000000000023,5669.108663157901,False,True,False,0
6270,300.9,310.5,1444,43.2,27,9.600000000000023,6532.502100168473,False,False,True,0
6271,300.9,310.4,2021,18.8,30,9.5,3978.806151820449,False,True,False,0
6272,300.9,310.5,1702,29.3,32,9.600000000000023,5222.227580160265,False,False,True,0
6273,301.1,310.6,1429,52.7,35,9.5,7886.266734477874,False,False,True,0
6274,301.2,310.8,1711,28.9,38,9.600000000000023,5178.171979181424,False,True,False,0
6275,301.2,310.7,1543,32.9,40,9.5,5316.066952722992,False,False,True,0
6276,301.3,310.8,1628,32.2,43,9.5,5489.577114980757,False,True,False,0
6277,301.2,310.8,1233,64.6,45,9.600000000000023,8341.116990840115,False,True,False,0
6278,301.2,310.8,1461,40.6,47,9.600000000000023,6211.61982653081,False,True,False,0
6279,301.2,310.7,1568,38.3,49,9.5,6288.882061858095,False,True,False,0
6280,301.3,310.8,1432,54.4,51,9.5,8157.752699625592,False,True,False,0
6281,301.2,310.7,1527,41.1,53,9.5,6572.180415383312,False,False,True,0
6282,301.3,310.8,1455,41.2,56,9.5,6277.530440403125,False,False,True,0
6283,301.3,310.8,1418,45.4,59,9.5,6741.56461928936,False,False,True,0
6284,301.3,310.8,1719,29.5,62,9.5,5310.391141995507,False,True,False,0
6285,301.2,310.8,1734,31.3,64,9.600000000000023,5683.580933315438,False,False,True,0
6286,301.2,310.7,1426,46.1,67,9.5,6884.130093909266,False,False,True,0
6287,301.1,310.6,1611,35.2,70,9.5,5938.36409752157,False,True,False,0
6288,301.1,310.6,1479,41.1,72,9.5,6365.589282483246,False,False,True,0
6289,301.0,310.5,1317,50.9,75,9.5,7019.920200372929,False,True,False,0
6290,301.0,310.5,1248,61.4,77,9.5,8024.381619505192,False,True,False,0
6291,301.0,310.5,1932,21.7,79,9.5,4390.312901538664,False,True,False,0
6292,301.1,310.5,1547,35.8,81,9.399999999999977,5799.652309890069,False,False,True,0
6293,301.0,310.4,1614,31.6,84,9.399999999999977,5340.958838514935,False,True,False,0
6294,301.0,310.4,1512,44.9,86,9.399999999999977,7109.298511367559,True,False,False,0
6295,301.1,310.5,1529,38.7,91,9.399999999999977,6196.508765867044,False,True,False,0
6296,301.1,310.6,1782,24.9,93,9.5,4646.604030218518,True,False,False,0
6297,301.0,310.5,1429,39.4,98,9.5,5895.994484600155,False,True,False,0
6298,301.1,310.5,1309,60.7,100,9.399999999999977,8320.644278714222,False,False,True,0
6299,301.1,310.5,1428,44.1,103,9.399999999999977,6594.70563470955,False,True,False,0
6300,301.2,310.6,1385,49.2,105,9.400000000000034,7135.813553363856,False,True,False,0
6301,301.2,310.7,1517,39.4,107,9.5,6259.0788195510395,False,True,False,0
6302,301.2,310.6,1576,39.6,109,9.400000000000034,6535.518029115919,False,False,True,0
6303,301.2,310.6,1437,51.2,112,9.400000000000034,7704.693151075897,False,True,False,0
6304,301.2,310.6,1457,50.5,114,9.400000000000034,7705.122502071886,True,False,False,0
6305,301.1,310.5,1532,37.5,119,9.399999999999977,6016.1499316244535,False,True,False,0
6306,301.1,310.5,1603,32.6,121,9.399999999999977,5472.424019092156,False,False,True,0
6307,301.0,310.4,1563,34.4,124,9.399999999999977,5630.48801746977,False,True,False,0
6308,301.0,310.3,1617,34.5,126,9.300000000000011,5841.9486189828995,False,True,False,0
6309,300.8,310.1,1686,26.9,128,9.300000000000011,4749.3969418439765,False,False,True,0
6310,300.9,310.2,1382,50.4,131,9.300000000000011,7294.024159398638,False,True,False,0
6311,300.9,310.1,2090,17.8,133,9.200000000000045,3895.7843299615824,False,True,False,0
6312,300.9,310.3,1446,44.5,135,9.400000000000034,6738.402082684747,False,True,False,0
6313,300.9,310.2,1533,38.1,137,9.300000000000011,6116.398153200505,False,False,True,0
6314,300.9,310.3,1440,47.6,140,9.400000000000034,7177.910894921959,False,True,False,0
6315,301.0,310.4,1793,25.0,142,9.399999999999977,4694.063023238749,False,False,True,0
6316,301.0,310.4,1517,46.1,145,9.399999999999977,7323.43993861175,False,False,True,0
6317,300.9,310.4,1544,36.0,148,9.5,5820.742868571168,False,True,False,0
6318,300.9,310.3,1321,48.8,150,9.400000000000034,6750.738069837842,False,True,False,0
6319,300.9,310.3,1416,50.9,152,9.400000000000034,7547.613518396405,False,False,True,0
6320,300.8,310.2,1514,40.0,155,9.399999999999977,6341.828370046595,False,True,False,0
6321,300.8,310.2,1304,52.5,157,9.399999999999977,7169.114435491908,False,False,True,0
6322,300.7,310.2,1286,64.9,160,9.5,8740.057369943972,False,True,False,0
6323,300.7,310.1,1483,40.2,162,9.400000000000034,6243.035753066709,False,False,True,0
6324,300.7,310.1,1351,46.9,165,9.400000000000034,6635.24265191637,False,True,False,0
6325,300.7,310.1,1367,52.6,167,9.400000000000034,7529.790216075039,False,False,True,0
6326,300.7,310.1,1721,32.3,170,9.400000000000034,5821.193163518183,False,True,False,0
6327,300.6,310.0,1455,40.4,172,9.399999999999977,6155.63664544384,False,True,False,0
6328,300.6,310.0,1425,49.5,174,9.399999999999977,7386.669726753001,False,True,False,0
6329,300.7,310.0,1672,29.7,176,9.300000000000011,5200.215487634113,False,True,False,0
6330,300.7,310.0,1641,34.6,178,9.300000000000011,5945.841088037115,False,False,True,0
6331,300.5,310.0,1580,37.0,181,9.5,6121.9168842953095,False,False,True,0
6332,300.5,310.0,1495,47.4,184,9.5,7420.75600704445,True,False,False,0
6333,300.5,309.9,1994,19.8,189,9.399999999999977,4134.461595830312,False,False,True,0
6334,300.4,309.9,1415,31.8,192,9.5,4712.07482111933,False,False,True,0
6335,300.4,309.8,1725,30.4,195,9.400000000000034,5491.503958474958,False,False,True,0
6336,300.4,309.8,1430,43.4,198,9.400000000000034,6499.117442236325,False,False,True,0
6337,300.4,309.8,1395,48.1,201,9.400000000000034,7026.643208651611,False,True,False,0
6338,300.4,309.8,1435,43.6,203,9.400000000000034,6551.896198816633,False,False,True,0
6339,300.4,309.9,1681,28.6,206,9.5,5034.569778985835,False,True,False,0
6340,300.5,310.0,1451,48.6,208,9.5,7384.6905233812395,False,True,False,0
6341,300.5,309.9,1397,45.9,210,9.399999999999977,6714.8715537093585,True,False,False,1
6342,300.4,309.8,1421,47.2,0,9.400000000000034,7023.679639581724,False,False,True,0
6343,300.3,309.8,1444,42.0,3,9.5,6351.043708497125,False,False,True,0
6344,300.2,309.8,1827,23.0,6,9.600000000000023,4400.428829883223,False,True,False,0
6345,300.2,309.8,1374,47.7,8,9.600000000000023,6863.311806591478,True,False,False,0
6346,300.2,309.8,1650,29.6,13,9.600000000000023,5114.512840044183,False,True,False,0
6347,300.2,309.7,1275,60.7,15,9.5,8104.5236480982685,False,True,False,0
6348,300.2,309.7,1421,44.6,17,9.5,6636.782032316629,False,True,False,0
6349,300.2,309.8,1557,33.8,19,9.600000000000023,5511.044664780286,False,True,False,0
6350,300.1,309.8,1506,35.2,21,9.699999999999989,5551.319882599309,False,True,False,0
6351,300.1,309.7,1362,49.1,23,9.599999999999966,7003.049847823151,False,True,False,0
6352,300.0,309.7,1542,47.1,25,9.699999999999989,7605.607318781673,False,True,False,0
6353,300.0,309.6,1496,38.8,27,9.600000000000023,6078.4372419696265,False,True,False,0
6354,300.0,309.6,1491,42.0,29,9.600000000000023,6557.760505103334,False,False,True,0
6355,300.1,309.6,1565,34.8,32,9.5,5703.24730332691,False,True,False,0
6356,300.1,309.7,1481,37.9,34,9.599999999999966,5877.909382890991,False,True,False,0
6357,300.1,309.7,1420,48.4,36,9.599999999999966,7197.179329863977,False,False,True,0
6358,300.2,309.8,1398,54.8,39,9.600000000000023,8022.622327619182,False,True,False,0
6359,300.2,309.8,1466,45.7,41,9.600000000000023,7015.825657947749,False,False,True,0
6360,300.1,309.8,1430,56.7,44,9.699999999999989,8490.782464857133,False,True,False,0
6361,300.1,309.7,1441,40.1,46,9.599999999999966,6051.136801809932,False,True,False,0
6362,300.1,309.7,1348,57.3,48,9.599999999999966,8088.5957733445675,False,False,True,0
6363,300.0,309.6,1738,28.7,51,9.600000000000023,5223.4842172217,False,True,False,0
6364,300.0,309.6,1618,36.2,53,9.600000000000023,6133.603608966665,False,False,True,0
6365,299.9,309.6,1489,41.7,56,9.700000000000045,6502.18573106133,False,False,True,0
6366,299.9,309.5,1412,57.9,59,9.600000000000023,8561.342635856761,False,False,True,0
6367,299.9,309.5,2065,18.1,62,9.600000000000023,3914.0579272299633,False,False,True,0
6368,300.0,309.6,1571,33.1,65,9.600000000000023,5445.43773819782,False,True,False,0
6369,300.0,309.6,1423,48.7,67,9.600000000000023,7257.089501767934,False,False,True,0
6370,300.0,309.5,1781,24.9,70,9.5,4643.996508316039,True,False,False,0
6371,300.1,309.6,1321,46.9,75,9.5,6487.901956463009,False,True,False,0
6372,300.1,309.6,1546,36.7,77,9.5,5941.61040993028,False,True,False,0
6373,300.0,309.5,1879,22.4,79,9.5,4407.612605084431,False,False,True,0
6374,300.0,309.5,1735,28.9,82,9.5,5250.80560133242,True,False,False,0
6375,300.0,309.5,1506,38.8,87,9.5,6119.068506956055,False,True,False,0
6376,300.0,309.6,1629,32.3,89,9.600000000000023,5510.007939204602,True,False,False,0
6377,300.0,309.6,1694,28.7,94,9.600000000000023,5091.244110456594,False,True,False,0
6378,300.1,309.6,1541,37.0,96,9.5,5970.806277657641,False,True,False,0
6379,300.0,309.6,1514,44.6,98,9.600000000000023,7071.138632601955,False,True,False,0
6380,300.1,309.7,1485,45.9,100,9.599999999999966,7137.855588588689,False,True,False,0
6381,300.2,309.8,1430,55.0,102,9.600000000000023,8236.20874016124,False,True,False,0
6382,300.2,309.7,1771,27.1,104,9.5,5025.9303991884635,False,True,False,0
6383,300.2,309.8,1481,41.9,106,9.600000000000023,6498.269212219855,False,True,False,0
6384,300.2,309.7,1483,43.8,108,9.5,6802.1135816995475,True,False,False,0
6385,300.1,309.6,1463,45.1,113,9.5,6909.545578476807,True,False,False,0
6386,300.1,309.7,1410,48.3,118,9.599999999999966,7131.729482914189,False,True,False,0
6387,300.2,309.7,1656,34.3,120,9.5,5948.16586660077,False,True,False,0
6388,300.2,309.8,1487,39.2,122,9.600000000000023,6104.156413827016,False,False,True,0
6389,300.3,309.9,1509,46.6,125,9.599999999999966,7363.830348161404,True,False,False,0
6390,300.3,309.9,1677,30.1,130,9.599999999999966,5286.01238300365,True,False,False,0
6391,300.3,309.8,1450,55.0,135,9.5,8351.400470792867,False,True,False,0
6392,300.2,309.7,1413,43.0,137,9.5,6362.667601315407,False,False,True,0
6393,300.1,309.7,1680,33.8,140,9.599999999999966,5946.40657471476,False,True,False,0
6394,300.2,309.7,1678,30.5,142,9.5,5359.452347269067,False,True,False,0
6395,300.2,309.7,1408,44.0,144,9.5,6487.5982691731615,False,False,True,0
6396,300.1,309.6,1376,52.1,147,9.5,7507.317356626361,False,False,True,0
6397,300.0,309.6,1526,46.4,150,9.600000000000023,7414.828868904677,False,True,False,0
6398,300.0,309.6,1587,32.6,152,9.600000000000023,5417.802194821742,False,False,True,0
6399,300.1,309.7,1351,58.2,155,9.599999999999966,8233.925849499632,False,True,False,0
6400,300.1,309.6,1501,38.0,157,9.5,5973.005392515153,False,False,True,0
6401,300.1,309.7,1601,35.8,160,9.599999999999966,6002.096540487395,False,True,False,0
6402,300.0,309.6,1573,39.7,162,9.600000000000023,6539.5497396880255,False,False,True,0
6403,300.1,309.6,1584,36.7,165,9.5,6087.652580420157,False,False,True,0
6404,300.1,309.6,1649,33.6,168,9.5,5802.144640061917,False,True,False,0
6405,300.2,309.7,1183,61.4,170,9.5,7606.445076822631,False,False,True,0
6406,300.1,309.7,2151,17.5,173,9.599999999999966,3941.9133820917928,False,True,False,0
6407,300.2,309.8,1526,45.6,175,9.600000000000023,7286.986991854597,False,True,False,0
6408,300.3,309.9,1611,29.0,177,9.599999999999966,4892.402239435384,False,False,True,0
6409,300.3,309.9,1601,31.7,180,9.599999999999966,5314.705595906436,False,True,False,0
6410,300.3,310.0,1560,40.8,182,9.699999999999989,6665.202973856104,False,True,False,0
6411,300.4,310.1,1544,41.9,184,9.700000000000045,6774.6979498092205,False,True,False,0
6412,300.4,310.0,1560,42.3,186,9.600000000000023,6910.247200836108,False,False,True,0
6413,300.4,310.0,1423,44.2,189,9.600000000000023,6586.516549859193,False,True,False,0
6414,300.4,310.1,1614,33.5,191,9.700000000000045,5662.0924395648835,False,True,False,0
6415,300.4,310.1,1457,35.1,193,9.700000000000045,5355.441580647985,False,False,True,0
6416,300.4,310.1,1503,42.2,196,9.700000000000045,6642.018020072613,False,True,False,0
6417,300.4,310.1,1484,38.0,198,9.700000000000045,5905.356430707853,True,False,False,0
6418,300.3,309.9,1540,39.9,203,9.599999999999966,6434.610073082614,False,True,False,0
6419,300.3,309.9,1405,52.1,205,9.599999999999966,7665.5384346366545,True,False,False,0
6420,300.3,309.9,1394,46.7,210,9.599999999999966,6817.235114338827,True,False,False,1
6421,300.3,309.9,1518,36.4,0,9.599999999999966,5786.311013087824,False,True,False,0
6422,300.3,309.9,1527,41.4,2,9.599999999999966,6620.152535203627,False,True,False,0
6423,300.3,309.9,1377,55.3,4,9.599999999999966,7974.210384827363,False,True,False,0
6424,300.3,310.0,1537,37.5,6,9.699999999999989,6035.7848857093895,False,False,True,0
6425,300.3,310.0,1409,43.2,9,9.699999999999989,6374.165830427547,False,False,True,0
6426,300.3,309.9,1393,56.1,12,9.599999999999966,8183.566119262588,False,True,False,0
6427,300.2,309.7,1448,36.8,14,9.5,5580.138759208237,False,True,False,0
6428,300.2,309.8,1418,49.3,16,9.600000000000023,7320.685809052103,False,True,False,0
6429,300.2,309.8,1743,24.1,18,9.600000000000023,4398.889449482965,False,False,True,0
6430,300.2,309.8,1394,47.4,21,9.600000000000023,6919.42065138459,False,False,True,0
6431,300.3,309.8,1523,39.2,24,9.5,6251.9369322518805,False,True,False,0
6432,300.2,309.8,1353,59.4,26,9.600000000000023,8416.13822340784,False,True,False,0
6433,300.3,309.9,1447,46.5,28,9.599999999999966,7046.121083103867,False,False,True,0
6434,300.3,309.9,1570,34.0,31,9.599999999999966,5589.940528287439,False,True,False,0
6435,300.3,309.9,1494,38.5,33,9.599999999999966,6023.37559472771,False,False,True,0
6436,300.3,309.9,1621,34.1,36,9.599999999999966,5788.499655969826,False,True,False,0
6437,300.4,310.0,1769,26.1,38,9.600000000000023,4835.0053416543,False,True,False,0
6438,300.4,310.0,1282,66.1,40,9.600000000000023,8873.972992790992,False,True,False,0
6439,300.4,310.0,1581,30.3,42,9.600000000000023,5016.526565178718,False,True,False,0
6440,300.6,310.1,1656,32.7,44,9.5,5670.700403435721,False,True,False,0
6441,300.6,310.2,1648,31.7,46,9.599999999999966,5470.727559059217,False,True,False,0
6442,300.7,310.2,1639,31.4,48,9.5,5389.360309331242,False,True,False,0
6443,300.7,310.2,1348,54.8,50,9.5,7735.690198591315,False,True,False,0
6444,300.8,310.3,1537,33.3,52,9.5,5359.776978509938,False,True,False,0
6445,300.8,310.3,1270,61.0,54,9.5,8112.639429120042,False,False,True,0
6446,300.7,310.3,1662,34.4,57,9.600000000000023,5987.121615505283,False,True,False,0
6447,300.7,310.3,1471,40.2,59,9.600000000000023,6192.518943196985,False,False,True,0
6448,300.6,310.1,1337,45.8,62,9.5,6412.472316850318,False,True,False,0
6449,300.7,310.2,1877,24.8,64,9.5,4874.662712918114,True,False,False,0
6450,300.6,310.2,1519,44.6,69,9.599999999999966,7094.491137993639,False,True,False,0
6451,300.6,310.2,1378,47.3,71,9.599999999999966,6825.570806846351,False,True,False,0
6452,300.7,310.2,1696,27.5,73,9.5,4884.129378780932,False,True,False,0
6453,300.7,310.1,1376,50.8,75,9.400000000000034,7319.994658668314,False,True,False,0
6454,300.7,310.2,1807,24.2,77,9.5,4579.33205952965,False,True,False,0
6455,300.7,310.1,1598,32.8,79,9.400000000000034,5488.823132743894,False,True,False,0
6456,300.7,310.1,1565,40.2,81,9.400000000000034,6588.233953843155,False,True,False,0
6457,300.7,310.2,1387,50.6,83,9.5,7349.462797758985,False,True,False,0
6458,300.7,310.0,1395,48.0,85,9.300000000000011,7012.034802812418,False,True,False,0
6459,300.6,310.0,1302,62.9,87,9.399999999999977,8576.108121328632,False,False,True,0
6460,300.6,310.0,1397,55.2,90,9.399999999999977,8075.401084199492,False,False,True,0
6461,300.6,310.0,1313,52.9,93,9.399999999999977,7273.593335174792,False,True,False,0
6462,300.6,310.0,1505,35.9,95,9.399999999999977,5657.956009237657,False,True,False,0
6463,300.6,310.0,1483,44.0,97,9.399999999999977,6833.173461068039,True,False,False,0
6464,300.5,310.0,1358,60.4,102,9.5,8589.449418130876,True,False,False,0
6465,300.5,309.9,1735,27.0,107,9.399999999999977,4905.596928580461,False,False,True,0
6466,300.5,309.8,1416,48.5,110,9.300000000000011,7191.733902597754,False,False,True,0
6467,300.4,309.7,1740,31.1,113,9.300000000000011,5666.804828545269,False,True,False,0
6468,300.4,309.7,1692,27.4,115,9.300000000000011,4854.891623151522,False,True,False,0
6469,300.5,309.8,1507,42.5,117,9.300000000000011,6707.038516026409,False,True,False,0
6470,300.4,309.6,1521,35.0,119,9.200000000000045,5574.756163795088,False,False,True,0
6471,300.4,309.6,1379,54.5,122,9.200000000000045,7870.265555895589,False,True,False,0
6472,300.4,309.6,1523,38.5,124,9.200000000000045,6140.2952013188105,False,True,False,0
6473,300.4,309.6,1571,33.6,126,9.200000000000045,5527.695105844313,True,False,False,0
6474,300.4,309.5,1547,50.7,131,9.100000000000023,8213.474081324763,True,False,False,0
6475,300.5,309.7,1347,54.3,136,9.199999999999989,7659.422800937666,False,False,True,0
6476,300.5,309.7,1560,30.2,139,9.199999999999989,4933.5571031974105,False,True,False,0
6477,300.5,309.7,1384,48.6,141,9.199999999999989,7043.702056760604,False,True,False,0
6478,300.5,309.7,1841,24.6,143,9.199999999999989,4742.611101712224,False,True,False,0
6479,300.5,309.8,1663,29.1,145,9.300000000000011,5067.734525432231,False,True,False,1
6480,300.6,309.8,1418,42.7,147,9.199999999999989,6340.634564838232,False,True,False,0
6481,300.7,309.9,1775,26.6,149,9.199999999999989,4944.3432379747355,False,True,False,0
6482,300.7,309.8,1406,48.4,151,9.100000000000023,7126.221223794894,False,True,False,0
6483,300.6,309.9,1480,43.7,153,9.299999999999955,6772.854882119116,False,True,False,0
6484,300.7,309.9,1412,45.3,155,9.199999999999989,6698.252528571869,False,True,False,0
6485,300.6,309.8,1913,22.5,157,9.199999999999989,4507.400059737955,True,False,False,0
6486,300.6,309.8,1629,37.6,162,9.199999999999989,6414.126888981209,False,True,False,0
6487,300.5,309.8,1939,21.4,164,9.300000000000011,4345.304350788234,False,True,False,0
6488,300.6,309.8,1541,36.2,166,9.199999999999989,5841.707763546125,True,False,False,0
6489,300.7,309.8,1330,54.4,171,9.100000000000023,7576.683722417623,False,True,False,0
6490,300.7,309.8,1490,38.8,173,9.100000000000023,6054.05848297777,False,False,True,0
6491,300.7,309.9,1383,44.5,176,9.199999999999989,6444.820249206781,False,True,False,0
6492,300.8,310.0,1468,52.7,178,9.199999999999989,8101.497247175311,False,True,False,0
6493,300.8,309.9,1444,46.0,180,9.099999999999966,6955.90501406828,False,False,True,0
6494,300.7,309.8,1363,53.1,183,9.100000000000023,7579.123692711912,False,True,False,0
6495,300.6,309.7,1617,33.2,185,9.099999999999966,5621.817221745863,False,True,False,0
6496,300.6,309.8,1694,31.1,187,9.199999999999989,5516.992746871084,False,False,True,0
6497,300.7,309.9,1815,27.0,190,9.199999999999989,5131.7915996389265,False,True,False,0
6498,300.8,309.9,1312,65.3,192,9.099999999999966,8971.718412219681,False,True,False,1
6499,300.8,309.9,2041,19.2,194,9.099999999999966,4103.673987825131,True,False,False,0
6500,300.9,310.0,1671,26.8,199,9.100000000000023,4689.6438495727,False,True,False,0
6501,300.9,310.0,1416,46.6,201,9.100000000000023,6909.995873423822,False,False,True,0
6502,300.9,310.0,1600,36.0,204,9.100000000000023,6031.857894892402,False,False,True,0
6503,300.9,310.0,2595,13.7,207,9.100000000000023,3722.944374136584,False,True,False,0
6504,300.9,309.9,1465,42.9,209,9.0,6581.479529637937,False,False,True,0
6505,301.0,310.1,1681,27.4,212,9.100000000000023,4823.329088958457,False,False,True,0
6506,301.1,310.1,1457,39.6,215,9.0,6042.0366550900335,False,True,False,0
6507,301.0,310.1,1454,44.1,217,9.100000000000023,6714.7773059297515,True,False,False,0
6508,301.0,310.1,1558,32.6,0,9.100000000000023,5318.800138331616,False,True,False,0
6509,301.0,310.1,1756,30.7,2,9.100000000000023,5645.358222696762,True,False,False,0
6510,301.1,310.1,1564,36.8,7,9.0,6027.166449863042,False,True,False,0
6511,301.1,310.2,1455,55.3,9,9.099999999999966,8425.908576560505,False,True,False,0
6512,301.2,310.1,2280,15.7,11,8.900000000000034,3748.548354263341,False,False,True,0
6513,301.1,310.0,1433,48.1,14,8.899999999999977,7218.049977059325,False,False,True,0
6514,301.1,310.0,1513,38.0,17,8.899999999999977,6020.757600849719,False,True,False,0
6515,301.0,309.9,1507,41.8,19,8.899999999999977,6596.569646350679,False,True,False,0
6516,301.0,310.0,1480,43.5,21,9.0,6741.857834603696,False,True,False,0
6517,301.1,310.0,1470,40.1,23,8.899999999999977,6172.915405038584,True,False,False,0
6518,301.1,310.1,1540,36.6,28,9.0,5902.424277564503,False,True,False,0
6519,301.0,310.0,1212,67.9,30,9.0,8617.891303621376,True,False,False,0
6520,301.1,310.1,1417,46.9,35,9.0,6959.392181913765,False,True,False,0
6521,301.2,310.1,1666,34.9,37,8.900000000000034,6088.762609824425,False,False,True,0
6522,301.1,310.1,1666,27.2,40,9.0,4745.396647198406,False,True,False,0
6523,301.1,310.1,1489,45.8,42,9.0,7141.489364091341,False,True,False,0
6524,301.1,310.2,1850,27.7,44,9.099999999999966,5366.363851106965,False,False,True,0
6525,301.1,310.4,1874,24.8,47,9.299999999999955,4866.871563137212,False,True,False,0
6526,301.1,310.4,1312,73.6,49,9.299999999999955,10112.074657570729,False,True,False,1
6527,301.2,310.4,1515,38.4,51,9.199999999999989,6092.176473841327,False,True,False,0
6528,301.2,310.4,1516,44.4,53,9.199999999999989,7048.728605006346,False,True,False,0
6529,301.2,310.5,1546,40.0,55,9.300000000000011,6475.86965659976,False,True,False,0
6530,301.3,310.6,1481,40.9,57,9.300000000000011,6343.179254887639,False,True,False,0
6531,301.3,310.6,1605,32.5,59,9.300000000000011,5462.444226429253,True,False,False,0
6532,301.2,310.7,1656,26.2,64,9.5,4543.496959327702,True,False,False,0
6533,301.2,310.6,1352,52.0,69,9.400000000000034,7362.21766393256,True,False,False,0
6534,301.3,310.7,1504,47.2,74,9.399999999999977,7433.929752238503,False,True,False,0
6535,301.3,310.6,1436,44.2,76,9.300000000000011,6646.68852115095,False,True,False,0
6536,301.2,310.5,1505,43.6,78,9.300000000000011,6871.500891441835,True,False,False,0
6537,301.3,310.5,1406,47.1,83,9.199999999999989,6934.814455387182,False,True,False,0
6538,301.3,310.5,1481,39.7,85,9.199999999999989,6157.07130608898,False,False,True,0
6539,301.4,310.7,1487,44.6,88,9.300000000000011,6945.035103486859,False,True,False,0
6540,301.4,310.7,1436,54.1,90,9.300000000000011,8135.426447834081,False,True,False,0
6541,301.4,310.7,1368,63.7,92,9.300000000000011,9125.447012735343,False,False,True,1
6542,301.4,310.7,1509,38.3,95,9.300000000000011,6052.2468312142,False,True,False,0
6543,301.4,310.8,1543,36.9,97,9.400000000000034,5962.397281321532,False,True,False,0
6544,301.4,310.8,1698,29.6,99,9.400000000000034,5263.298668118196,False,True,False,0
6545,301.4,310.7,1470,46.5,101,9.300000000000011,7158.118861204343,False,False,True,0
6546,301.4,310.8,1738,30.3,104,9.400000000000034,5514.688912258451,False,False,True,0
6547,301.4,310.8,1530,39.9,107,9.400000000000034,6392.82689078987,False,False,True,0
6548,301.4,310.8,1740,29.2,110,9.400000000000034,5320.601318119673,False,True,False,0
6549,301.4,310.8,1770,24.1,112,9.400000000000034,4467.030594139326,False,True,False,0
6550,301.3,310.6,1527,44.0,114,9.300000000000011,7035.9109069797005,True,False,False,0
6551,301.3,310.7,1516,46.0,119,9.399999999999977,7302.736843024593,False,True,False,0
6552,301.4,310.7,1616,36.5,121,9.300000000000011,6176.7900359780115,False,True,False,0
6553,301.4,310.7,1786,26.1,123,9.300000000000011,4881.469497000893,False,True,False,0
6554,301.4,310.8,1389,52.7,125,9.400000000000034,7665.517490685631,False,True,False,0
6555,301.4,310.7,1639,29.8,127,9.300000000000011,5114.743223505447,False,False,True,0
6556,301.5,310.7,1394,46.7,130,9.199999999999989,6817.235114338827,True,False,False,0
6557,301.5,310.7,1686,27.9,135,9.199999999999989,4925.954448975723,False,True,False,0
6558,301.5,310.6,1638,31.9,137,9.100000000000023,5471.837588463486,False,False,True,0
6559,301.5,310.6,1447,41.9,140,9.100000000000023,6349.085449076388,False,False,True,0
6560,301.5,310.6,1512,39.0,143,9.100000000000023,6175.114519896097,True,False,False,0
6561,301.6,310.8,1961,21.8,148,9.199999999999989,4476.748587414431,False,True,False,0
6562,301.5,310.7,1596,35.4,150,9.199999999999989,5916.498612652585,False,True,False,0
6563,301.5,310.7,1871,21.3,152,9.199999999999989,4173.323096955217,False,False,True,0
6564,301.5,310.7,1942,20.5,155,9.199999999999989,4168.998171068775,False,True,False,0
6565,301.4,310.6,1557,38.2,157,9.200000000000045,6228.458763154052,False,True,False,0
6566,301.4,310.6,1550,36.8,159,9.200000000000045,5973.214832025392,False,True,False,0
6567,301.3,310.6,1966,22.6,161,9.300000000000011,4652.866271574675,False,True,False,0
6568,301.3,310.6,1499,36.1,163,9.300000000000011,5666.794356569757,False,False,True,0
6569,301.3,310.6,1521,36.3,166,9.300000000000011,5781.81853559319,False,True,False,0
6570,301.4,310.7,1375,42.0,168,9.300000000000011,6047.565858160351,False,False,True,0
6571,301.4,310.6,1634,31.1,171,9.200000000000045,5321.585683817799,False,True,False,0
6572,301.3,310.6,1378,49.4,173,9.300000000000011,7128.608834211623,False,False,True,0
6573,301.4,310.7,1428,53.7,176,9.300000000000011,8030.287813693943,False,True,False,0
6574,301.4,310.6,1855,25.3,178,9.200000000000045,4914.655187398313,False,False,True,0
6575,301.4,310.6,1578,33.0,181,9.200000000000045,5453.176528101163,False,True,False,0
6576,301.4,310.5,1451,45.3,183,9.100000000000023,6883.260919941773,False,False,True,0
6577,301.5,310.5,1644,34.9,186,9.0,6008.358781843551,False,True,False,0
6578,301.4,310.4,1388,45.3,188,9.0,6584.401210805775,False,True,False,0
6579,301.4,310.4,1543,40.9,190,9.0,6608.727609920072,False,True,False,0
6580,301.3,310.4,1501,41.6,192,9.099999999999966,6538.869061279747,False,True,False,0
6581,301.3,310.4,1507,39.1,194,9.099999999999966,6170.475434744297,False,True,False,0
6582,301.4,310.4,1559,36.0,196,9.0,5877.291536335784,False,True,False,0
6583,301.5,310.5,1528,35.7,198,9.0,5712.420753875393,False,True,False,0
6584,301.5,310.5,1503,38.2,200,9.0,6012.4428522932185,False,False,True,0
6585,301.5,310.5,1372,44.0,203,9.0,6321.722177063621,False,True,False,0
6586,301.5,310.5,1600,32.8,205,9.0,5495.692748679744,False,False,True,0
6587,301.5,310.6,1453,44.0,208,9.100000000000023,6694.943384310088,False,True,False,0
6588,301.6,310.7,1813,24.6,210,9.099999999999966,4670.480134385802,False,False,True,0
6589,301.6,310.7,1457,40.4,213,9.099999999999966,6164.098001657509,False,True,False,0
6590,301.6,310.6,1553,38.9,0,9.0,6326.29843036235,False,False,True,0
6591,301.7,310.7,1763,25.9,3,9.0,4781.682042347368,False,True,False,0
6592,301.7,310.7,2023,20.9,5,9.0,4427.624550287798,False,True,False,0
6593,301.6,310.7,1457,47.8,7,9.099999999999966,7293.165457406656,False,False,True,0
6594,301.6,310.7,1679,29.5,10,9.099999999999966,5186.821830954308,False,True,False,0
6595,301.6,310.6,2103,19.7,12,9.0,4338.445206827896,False,True,False,0
6596,301.5,310.7,1460,38.6,14,9.199999999999989,5901.586519523546,False,False,True,0
6597,301.5,310.7,1454,39.4,17,9.199999999999989,5999.143443393021,False,False,True,0
6598,301.5,310.6,1481,46.8,20,9.100000000000023,7258.210003147715,False,True,False,0
6599,301.5,310.7,1424,51.1,22,9.199999999999989,7620.079588939211,False,True,False,0
6600,301.6,310.7,1494,39.5,24,9.099999999999966,6179.826908876482,False,True,False,0
6601,301.5,310.6,1424,47.0,26,9.100000000000023,7008.6837706485885,False,False,True,0
6602,301.5,310.7,1347,47.9,29,9.199999999999989,6756.654736002103,False,False,True,0
6603,301.5,310.6,1374,46.7,32,9.100000000000023,6719.426863057065,False,True,False,0
6604,301.5,310.6,1403,47.4,34,9.100000000000023,6964.094098918637,False,False,True,0
6605,301.5,310.6,1573,37.4,37,9.100000000000023,6160.684137640607,False,False,True,0
6606,301.6,310.6,1691,30.1,40,9.0,5330.141287811075,False,False,True,0
6607,301.5,310.5,1538,44.3,43,9.0,7134.9129634698265,True,False,False,0
6608,301.5,310.5,1556,39.1,48,9.0,6371.108013578053,False,True,False,0
6609,301.5,310.4,1593,36.8,50,8.899999999999977,6138.923372526742,False,False,True,0
6610,301.5,310.4,1474,39.9,53,8.899999999999977,6158.841069950502,False,True,False,0
6611,301.5,310.4,1543,34.0,55,8.899999999999977,5493.807793087591,False,True,False,0
6612,301.5,310.5,1587,33.8,57,9.0,5617.230496471621,True,False,False,0
6613,301.6,310.6,1222,70.0,62,9.0,8957.727852935697,False,True,False,0
6614,301.7,310.6,1513,41.1,64,8.900000000000034,6511.924668287459,False,True,False,0
6615,301.7,310.6,1660,28.7,66,8.900000000000034,4989.058573410831,False,True,False,0
6616,301.7,310.6,1545,42.1,68,8.900000000000034,6811.44411188071,False,True,False,0
6617,301.7,310.6,1380,45.8,70,8.900000000000034,6618.707402582975,False,False,True,0
6618,301.6,310.6,1321,60.8,73,9.0,8410.75562799469,False,True,False,0
6619,301.6,310.6,1309,65.8,75,9.0,9019.742891917558,False,False,True,1
6620,301.7,310.7,1627,31.3,78,9.0,5332.864001444185,False,False,True,0
6621,301.6,310.7,1791,23.8,81,9.099999999999966,4463.763337779594,False,False,True,0
6622,301.7,310.7,1861,21.8,84,9.0,4248.459521253573,False,False,True,0
6623,301.7,310.7,1493,51.1,87,9.0,7989.3109735156195,False,True,False,0
6624,301.7,310.7,1442,41.1,89,9.0,6206.34195087278,False,False,True,0
6625,301.7,310.7,1532,39.8,92,9.0,6385.140460764086,False,True,False,0
6626,301.6,310.7,1421,44.4,94,9.099999999999966,6607.0206779116215,False,False,True,0
6627,301.6,310.6,1613,42.5,97,9.0,7178.801012840476,False,True,False,0
6628,301.7,310.6,1876,22.1,99,8.900000000000034,4341.639159359047,False,False,True,0
6629,301.6,310.5,1593,34.5,102,8.899999999999977,5755.240661743821,False,True,False,0
6630,301.6,310.5,1397,49.4,104,8.899999999999977,7226.898796366936,False,True,False,0
6631,301.6,310.5,1414,49.3,106,8.899999999999977,7300.035073342506,False,False,True,0
6632,301.5,310.4,1378,55.3,109,8.899999999999977,7980.001387285481,False,False,True,0
6633,301.4,310.4,1301,51.2,112,9.0,6975.50855222668,False,True,False,0
6634,301.5,310.5,1737,29.3,114,9.0,5329.617689035476,False,False,True,0
6635,301.5,310.5,1396,44.5,117,9.0,6505.400627543504,False,True,False,0
6636,301.5,310.5,1534,39.3,119,9.0,6313.156101094833,False,True,False,0
6637,301.5,310.5,1774,25.5,121,9.0,4737.207562348049,False,False,True,0
6638,301.5,310.5,1453,48.0,124,9.0,7303.57460106555,True,False,False,0
6639,301.5,310.5,1453,44.2,129,9.0,6725.374945147862,False,True,False,0
6640,301.4,310.5,1380,48.4,131,9.100000000000023,6994.441883952315,False,True,False,0
6641,301.4,310.4,1334,43.2,133,9.0,6034.873823839849,False,True,False,0
6642,301.5,310.5,1702,28.7,135,9.0,5115.287766232069,False,True,False,0
6643,301.6,310.6,1431,37.5,137,9.0,5619.523859108742,False,True,False,0
6644,301.5,310.5,1308,60.5,139,9.0,8286.893101639156,False,False,True,0
6645,301.5,310.6,1565,43.9,142,9.100000000000023,7194.613695863544,False,True,False,0
6646,301.5,310.4,1486,39.6,144,8.899999999999977,6162.2968218694505,False,False,True,0
6647,301.5,310.5,1479,34.2,147,9.0,5296.913709511607,False,True,False,0
6648,301.5,310.5,1927,22.4,149,9.0,4520.20728578909,False,True,False,0
6649,301.5,310.4,1488,41.1,151,8.899999999999977,6404.325119902009,False,True,False,0
6650,301.5,310.4,1350,54.9,153,8.899999999999977,7761.304650693583,False,False,True,0
6651,301.6,310.4,1561,35.3,156,8.799999999999955,5770.4040822851475,False,True,False,0
6652,301.5,310.4,1276,55.6,158,8.899999999999977,7429.405858817335,False,False,True,0
6653,301.5,310.4,1580,35.7,161,8.899999999999977,5906.822507279529,True,False,False,0
6654,301.4,310.3,1610,29.1,166,8.900000000000034,4906.22524711118,False,False,True,0
6655,301.4,310.3,2203,16.6,169,8.900000000000034,3829.580500774934,False,True,False,0
6656,301.4,310.3,1639,32.7,171,8.900000000000034,5612.486691564702,False,True,False,0
6657,301.4,310.4,1553,44.7,173,9.0,7269.551152627174,False,False,True,0
6658,301.4,310.3,1374,47.6,176,8.900000000000034,6848.923312238036,False,True,False,0
6659,301.4,310.4,1430,50.9,178,9.0,7622.236815894676,False,True,False,0
6660,301.3,310.3,1626,31.3,180,9.0,5329.58627310894,False,True,False,0
6661,301.4,310.5,1421,43.8,182,9.100000000000023,6517.7366146966,True,False,False,0
6662,301.3,310.4,1501,39.8,187,9.099999999999966,6255.93722689745,False,False,True,0
6663,301.3,310.4,2093,18.7,190,9.099999999999966,4098.636967603876,False,False,True,0
6664,301.3,310.4,1504,47.2,193,9.099999999999966,7433.929752238503,False,True,False,0
6665,301.3,310.4,1538,38.4,195,9.099999999999966,6184.6649615630095,False,True,False,0
6666,301.3,310.4,1440,41.5,197,9.099999999999966,6258.052565950868,False,True,False,0
6667,301.3,310.4,1414,51.4,199,9.099999999999966,7610.989914194823,False,True,False,0
6668,301.4,310.5,1536,39.9,201,9.100000000000023,6417.896800165516,True,False,False,0
6669,301.4,310.5,1476,39.2,206,9.100000000000023,6059.001255419419,False,True,False,0
6670,301.4,310.5,1571,33.9,208,9.100000000000023,5577.049526432207,False,True,False,0
6671,301.5,310.6,1998,20.2,210,9.100000000000023,4226.44742872742,False,True,False,0
6672,301.5,310.6,1357,42.1,212,9.100000000000023,5982.608194059627,False,True,False,0
6673,301.6,310.7,1424,50.5,214,9.099999999999966,7530.607030164973,False,True,False,0
6674,301.6,310.7,1380,51.8,216,9.099999999999966,7485.786974973758,False,True,False,1
6675,301.5,310.7,1618,35.5,218,9.199999999999989,6014.998014318137,False,True,False,0
6676,301.5,310.6,1579,28.0,220,9.100000000000023,4629.869813350398,False,True,False,0
6677,301.5,310.7,1423,44.0,222,9.199999999999989,6556.713307552137,False,True,False,0
6678,301.5,310.7,1435,38.5,224,9.199999999999989,5785.504670973403,False,True,False,0
6679,301.5,310.7,1336,65.6,0,9.199999999999989,9177.806890295173,False,False,True,1
6680,301.6,310.8,1392,42.4,3,9.199999999999989,6180.643722966414,False,True,False,0
6681,301.5,310.8,1417,49.7,5,9.300000000000011,7374.878282326528,False,True,False,0
6682,301.4,310.7,1425,45.1,7,9.300000000000011,6730.076862152734,False,True,False,0
6683,301.5,310.8,1512,38.9,9,9.300000000000011,6159.280892922004,False,True,False,0
6684,301.5,310.9,1318,50.6,11,9.399999999999977,6983.844244734206,False,True,False,0
6685,301.6,310.9,1538,40.4,13,9.299999999999955,6506.782928311083,False,True,False,0
6686,301.6,310.9,1532,43.6,15,9.299999999999955,6994.776987168698,False,True,False,0
6687,301.7,311.0,1715,24.8,17,9.300000000000011,4453.940624749369,False,True,False,0
6688,301.7,311.0,1700,28.7,19,9.300000000000011,5109.2768522882,False,True,False,0
6689,301.7,311.0,1548,40.3,21,9.300000000000011,6532.879091286902,False,True,False,0
6690,301.7,311.0,1546,43.0,23,9.300000000000011,6961.559880844742,False,True,False,0
6691,301.7,311.0,1343,49.2,25,9.300000000000011,6919.420651384591,False,True,False,0
6692,301.7,311.0,1510,47.8,27,9.300000000000011,7558.462485026803,False,False,True,0
6693,301.8,311.0,1839,23.6,30,9.199999999999989,4544.879260095282,False,False,True,0
6694,301.8,311.0,1756,26.7,33,9.199999999999989,4909.806662736271,False,False,True,0
6695,301.7,310.9,1300,62.7,36,9.199999999999989,8535.707239803467,False,False,True,0
6696,301.7,311.0,1311,55.8,39,9.300000000000011,7660.648022072567,False,False,True,0
6697,301.7,310.9,1636,31.3,42,9.199999999999989,5362.363556461394,False,True,False,0
6698,301.6,310.9,1643,34.1,44,9.299999999999955,5867.060416260594,False,True,False,0
6699,301.6,310.8,1418,44.7,46,9.199999999999989,6637.619790357587,False,True,False,0
6700,301.7,310.8,1516,40.4,48,9.100000000000023,6413.70800996073,False,False,True,0
6701,301.6,310.9,1419,50.2,51,9.299999999999955,7459.58609224282,True,False,False,0
6702,301.6,310.9,1623,34.1,56,9.299999999999955,5795.641543268986,False,True,False,0
6703,301.6,310.8,1664,32.0,58,9.199999999999989,5576.117520611643,False,False,True,0
6704,301.5,310.7,1744,28.2,61,9.199999999999989,5150.201332588963,False,False,True,0
6705,301.5,310.7,1510,36.0,64,9.199999999999989,5692.5658883047045,False,False,True,0
6706,301.5,310.6,1382,58.1,67,9.100000000000023,8408.388961528985,False,False,True,0
6707,301.4,310.6,1381,46.1,70,9.200000000000045,6666.888961913532,False,True,False,0
6708,301.3,310.6,1556,39.0,72,9.300000000000011,6354.813619681433,False,True,False,0
6709,301.4,310.6,1464,37.4,74,9.200000000000045,5733.783583919802,False,False,True,0
6710,301.4,310.6,1481,37.6,77,9.200000000000045,5831.382395691326,False,True,False,0
6711,301.5,310.7,1323,49.7,79,9.199999999999989,6885.648530358501,False,True,False,0
6712,301.5,310.7,1426,46.1,81,9.199999999999989,6884.130093909266,False,True,False,0
6713,301.4,310.7,1516,36.4,83,9.300000000000011,5778.687414915114,True,False,False,0
6714,301.3,310.6,1416,45.2,88,9.300000000000011,6702.399430874609,False,True,False,0
6715,301.3,310.6,1440,53.8,90,9.300000000000011,8112.848868630282,False,True,False,0
6716,301.3,310.6,1576,30.4,92,9.300000000000011,5017.165355684947,False,True,False,0
6717,301.3,310.6,1387,53.6,94,9.300000000000011,7785.201698811889,False,True,False,0
6718,301.4,310.6,1464,48.6,96,9.200000000000045,7450.852464665841,False,False,True,0
6719,301.4,310.6,2137,18.0,99,9.200000000000045,4028.1501004328325,False,True,False,0
6720,301.4,310.6,1431,40.6,101,9.200000000000045,6084.071164795065,False,False,True,0
6721,301.3,310.6,1458,48.0,104,9.300000000000011,7328.707342294269,False,True,False,0
6722,301.4,310.7,1280,61.0,106,9.300000000000011,8176.518479743035,False,True,False,0
6723,301.4,310.7,1657,28.7,108,9.300000000000011,4980.042202495028,False,True,False,0
6724,301.4,310.6,1565,36.1,110,9.200000000000045,5916.299645117858,False,False,True,0
6725,301.3,310.6,1560,36.8,113,9.300000000000011,6011.751701909427,False,True,False,0
6726,301.5,310.7,1359,47.1,115,9.199999999999989,6702.99633347879,False,False,True,0
6727,301.5,310.8,1500,41.0,118,9.300000000000011,6440.264939859076,False,True,False,0
6728,301.5,310.8,1785,25.5,120,9.300000000000011,4766.581453659113,False,True,False,0
6729,301.5,310.9,1891,23.2,122,9.399999999999977,4594.181320805617,False,True,False,0
6730,301.5,310.9,1524,40.4,124,9.399999999999977,6447.553434815404,True,False,False,0
6731,301.6,311.0,1431,42.3,129,9.399999999999977,6338.82291307466,False,False,True,0
6732,301.6,310.9,1385,51.2,132,9.299999999999955,7425.887275045313,False,True,False,0
6733,301.7,311.0,1503,44.8,134,9.300000000000011,7051.2418791292175,False,True,False,0
6734,301.7,311.0,1311,46.8,136,9.300000000000011,6425.0596314157,False,False,True,0
6735,301.6,310.9,1575,40.1,139,9.299999999999955,6613.837933969911,False,False,True,0
6736,301.6,311.0,1485,40.1,142,9.399999999999977,6235.90433774306,False,True,False,0
6737,301.7,311.0,1527,42.2,144,9.300000000000011,6748.078188057803,False,True,False,0
6738,301.7,311.0,1537,33.5,146,9.300000000000011,5391.967831233722,False,False,True,0
6739,301.8,311.1,1463,50.1,149,9.300000000000011,7675.570587177119,True,False,False,0
6740,301.7,311.2,1482,43.6,154,9.5,6766.48792100784,False,True,False,0
6741,301.8,311.2,1417,55.9,156,9.399999999999977,8294.883218954787,False,True,False,0
6742,301.7,311.1,1506,39.5,158,9.400000000000034,6229.464072803201,False,False,True,0
6743,301.7,311.2,1639,30.0,161,9.5,5149.07035923367,True,False,False,0
6744,301.7,311.2,1418,38.0,166,9.5,5642.719284867747,False,True,False,0
6745,301.7,311.0,1298,58.1,168,9.300000000000011,7897.314668642998,False,False,True,0
6746,301.8,311.1,1395,44.6,171,9.300000000000011,6515.349004279871,False,False,True,0
6747,301.7,311.1,1578,40.5,174,9.400000000000034,6692.534829942336,False,False,True,0
6748,301.8,311.1,1597,29.8,177,9.300000000000011,4983.67597799768,False,False,True,0
6749,301.7,311.0,2016,19.3,180,9.300000000000011,4074.520007999818,True,False,False,0
6750,301.7,311.0,1585,35.9,185,9.300000000000011,5958.71114594132,False,True,False,0
6751,301.7,311.0,1505,44.0,187,9.300000000000011,6934.54218402387,False,False,True,0
6752,301.7,311.0,1505,37.1,190,9.300000000000011,5847.079886983763,False,False,True,0
6753,301.6,310.9,1706,29.5,193,9.299999999999955,5270.231115907117,False,True,False,0
6754,301.6,310.9,1385,50.7,195,9.299999999999955,7353.368844624949,False,True,False,0
6755,301.8,311.1,1495,36.9,197,9.300000000000011,5776.917651053591,False,True,False,0
6756,301.8,311.1,1663,31.6,199,9.300000000000011,5503.106907342217,False,False,True,0
6757,301.8,311.2,1840,26.6,202,9.399999999999977,5125.4036945766275,False,True,False,0
6758,301.8,311.2,1822,26.2,204,9.399999999999977,4998.944118294126,False,True,False,0
6759,301.7,311.1,1644,32.8,206,9.400000000000034,5646.824299268437,False,True,False,0
6760,301.7,311.0,1441,44.3,208,9.300000000000011,6684.921703745136,False,True,False,1
6761,301.5,310.9,1451,40.6,0,9.399999999999977,6169.1036059522285,False,True,False,0
6762,301.5,310.9,1400,50.8,2,9.399999999999977,7447.6689841102025,False,True,False,0
6763,301.4,310.8,1362,53.2,4,9.400000000000034,7587.825904362356,False,True,False,0
6764,301.4,310.8,1782,26.5,6,9.400000000000034,4945.180996015693,False,False,True,0
6765,301.4,310.9,1536,38.3,9,9.5,6160.5375299834395,False,True,False,0
6766,301.5,310.9,1580,32.3,11,9.399999999999977,5344.267982776716,False,True,False,0
6767,301.4,311.0,1427,43.2,13,9.600000000000023,6455.595912008594,False,False,True,0
6768,301.3,310.9,1509,41.7,16,9.599999999999966,6589.522006831127,False,True,False,0
6769,301.3,310.8,1434,39.5,18,9.5,5931.6410892428885,True,False,False,0
6770,301.2,310.8,1392,52.6,23,9.600000000000023,7667.496694057392,False,True,False,0
6771,301.3,310.8,1509,40.1,25,9.5,6336.68663007022,False,False,True,0
6772,301.2,310.7,1962,22.5,28,9.5,4622.85358975738,False,False,True,0
6773,301.3,310.7,1536,39.3,31,9.399999999999977,6321.387073847237,False,True,False,0
6774,301.3,310.8,1381,47.9,33,9.5,6927.201329189981,False,True,False,0
6775,301.2,310.7,1747,27.3,35,9.5,4994.409752897445,True,False,False,0
6776,301.2,310.6,1670,30.0,40,9.400000000000034,5246.459731494954,False,True,False,0
6777,301.3,310.6,1451,47.5,42,9.300000000000011,7217.54732223475,False,True,False,0
6778,301.2,310.7,1951,21.3,44,9.5,4351.765559679117,False,True,False,0
6779,301.3,310.7,1819,25.5,46,9.399999999999977,4857.373481347859,False,False,True,0
6780,301.3,310.8,1372,54.2,49,9.5,7787.212318110188,False,False,True,0
6781,301.3,310.8,1560,38.5,52,9.5,6289.468492486765,False,True,False,0
6782,301.3,310.8,1494,35.3,54,9.5,5522.73138945164,False,False,True,0
6783,301.3,310.8,1531,53.4,57,9.5,8561.405467709832,False,True,False,0
6784,301.3,310.8,1450,46.9,59,9.5,7121.466946912462,False,True,False,0
6785,301.3,310.7,1391,52.5,61,9.399999999999977,7647.421917000954,False,False,True,0
6786,301.2,310.6,1389,45.3,64,9.400000000000034,6589.145015712696,False,True,False,0
6787,301.2,310.6,1409,50.9,66,9.400000000000034,7510.30186964727,False,True,False,0
6788,301.1,310.6,1388,58.5,68,9.5,8503.034676206134,True,False,False,0
6789,301.1,310.6,1410,43.9,73,9.5,6482.04812215182,False,False,True,0
6790,301.1,310.5,1646,30.7,76,9.399999999999977,5291.719609657671,False,False,True,0
6791,301.1,310.7,2219,16.7,79,9.599999999999966,3880.631381395767,False,False,True,0
6792,301.2,310.7,1551,41.2,82,9.5,6691.718015852403,False,True,False,0
6793,301.2,310.6,1811,24.0,84,9.400000000000034,4551.539436520892,False,True,False,0
6794,301.3,310.7,1608,31.4,86,9.399999999999977,5287.426099697765,False,True,False,0
6795,301.3,310.8,1428,55.2,88,9.5,8254.597529160254,False,True,False,0
6796,301.4,310.8,1477,50.4,90,9.400000000000034,7795.422346911569,False,True,False,0
6797,301.3,310.7,1300,58.3,92,9.399999999999977,7936.7102405190135,False,False,True,0
6798,301.2,310.7,1615,34.9,95,9.5,5902.371917686944,False,False,True,0
6799,301.2,310.7,1676,32.4,98,9.5,5686.534030409812,False,True,False,0
6800,301.1,310.7,2636,12.2,100,9.599999999999966,3367.703548844162,False,False,True,1
6801,301.1,310.6,1310,48.8,103,9.5,6694.524505289609,False,False,True,0
6802,301.1,310.7,1334,48.2,106,9.599999999999966,6733.354590487979,False,True,False,0
6803,301.1,310.7,1621,31.0,108,9.599999999999966,5262.272414518023,False,False,True,0
6804,301.1,310.7,1367,43.4,111,9.599999999999966,6212.79268778815,False,False,True,0
6805,301.0,310.6,1588,33.7,114,9.600000000000023,5604.140527081665,False,True,False,0
6806,301.0,310.7,1497,37.6,116,9.699999999999989,5894.381800371314,False,False,True,0
6807,301.1,310.8,1608,32.9,119,9.699999999999989,5540.010149046384,False,True,False,0
6808,301.0,310.8,1549,41.4,121,9.800000000000011,6715.531288166613,False,True,False,0
6809,301.0,310.7,1391,45.0,123,9.699999999999989,6554.933071715103,False,True,False,0
6810,300.9,310.8,1490,38.1,125,9.900000000000034,5944.835778387966,False,True,False,0
6811,301.0,310.7,1727,34.5,127,9.699999999999989,6239.360089662008,False,True,False,0
6812,300.9,310.6,1504,46.4,129,9.700000000000045,7307.930942878527,False,True,False,0
6813,300.9,310.6,1350,53.8,131,9.700000000000045,7605.795814340889,False,True,False,0
6814,300.9,310.7,1420,43.0,133,9.800000000000011,6394.188247606426,False,False,True,0
6815,300.8,310.6,1465,44.1,136,9.800000000000011,6765.5768591382985,True,False,False,0
6816,300.9,310.7,1427,44.1,141,9.800000000000011,6590.087493508773,False,True,False,0
6817,300.9,310.7,1477,43.2,143,9.800000000000011,6681.790583067059,False,True,False,0
6818,301.0,310.7,1493,48.1,145,9.699999999999989,7520.271190334663,False,False,True,0
6819,301.0,310.7,1657,29.9,148,9.699999999999989,5188.266963574959,False,False,True,0
6820,300.9,310.7,1359,46.0,151,9.800000000000011,6546.4507715504105,False,True,False,0
6821,300.8,310.6,1551,34.5,153,9.800000000000011,5603.501736575434,False,True,False,0
6822,300.8,310.6,1545,37.5,155,9.800000000000011,6067.200812245288,False,False,True,0
6823,300.9,310.6,1709,29.2,158,9.700000000000045,5225.808995785357,False,False,True,0
6824,300.9,310.7,1268,56.3,161,9.800000000000011,7475.775766384319,False,False,True,0
6825,300.9,310.7,1740,25.3,164,9.800000000000011,4609.973059877662,False,True,False,0
6826,301.0,310.9,1828,25.1,166,9.899999999999977,4804.835580204325,False,True,False,0
6827,301.0,310.9,1822,21.6,168,9.899999999999977,4121.266906685234,False,True,False,0
6828,301.0,310.9,1515,41.8,170,9.899999999999977,6631.587932462693,False,False,True,0
6829,301.0,310.9,1392,52.9,173,9.899999999999977,7711.227663795363,False,True,False,0
6830,300.9,310.9,1474,35.7,175,10.0,5510.542009955712,True,False,False,0
6831,301.0,310.9,1359,53.4,180,9.899999999999977,7599.57546088678,False,False,True,0
6832,301.1,311.0,1565,52.3,183,9.899999999999977,8571.259596666592,False,True,False,0
6833,301.1,311.1,1384,42.5,185,10.0,6159.615996138387,False,False,True,0
6834,301.1,311.1,1387,53.1,188,10.0,7712.578548636406,False,True,False,0
6835,301.1,311.0,1378,51.1,190,9.899999999999977,7373.925332554938,False,True,False,0
6836,301.0,310.9,1809,25.7,192,9.899999999999977,4868.557551194637,False,True,False,0
6837,301.1,311.0,1339,52.8,194,9.899999999999977,7403.602911155849,True,False,False,0
6838,301.0,311.0,1423,38.6,199,10.0,5752.025765261648,False,False,True,0
6839,301.1,311.1,1570,41.6,202,10.0,6839.456646375219,False,True,False,0
6840,301.2,311.2,1558,34.1,204,10.0,5563.53020604626,False,True,False,0
6841,301.1,311.1,1799,21.7,206,10.0,4088.0812162878133,False,True,False,0
6842,301.1,311.2,1591,35.0,208,10.099999999999966,5831.319563838254,False,False,True,0
6843,301.2,311.2,1635,29.6,211,10.0,5068.017268771054,False,True,False,0
6844,301.3,311.3,1509,42.5,213,10.0,6715.93969521158,False,True,False,0
6845,301.3,311.4,1838,23.2,215,10.099999999999966,4465.417909910484,False,False,True,0
6846,301.3,311.5,1648,32.4,0,10.199999999999989,5591.532268565257,False,False,True,0
6847,301.2,311.5,1498,49.5,3,10.300000000000011,7765.074561877891,False,False,True,0
6848,301.2,311.4,1757,28.0,6,10.199999999999989,5151.793072866782,False,True,False,0
6849,301.1,311.3,1389,53.3,8,10.199999999999989,7752.790934602355,False,False,True,0
6850,301.1,311.3,1498,37.6,11,10.199999999999989,5898.319263163813,False,True,False,0
6851,301.0,311.2,1521,35.8,13,10.199999999999989,5702.179161824689,False,False,True,0
6852,301.0,311.2,1394,41.3,16,10.199999999999989,6028.946685700075,False,False,True,0
6853,301.0,311.2,1602,32.7,19,10.199999999999989,5485.786259845425,True,False,False,0
6854,300.9,311.1,1417,40.7,24,10.200000000000045,6039.387245285507,False,True,False,0
6855,301.0,311.2,1511,42.9,26,10.199999999999989,6788.133494391073,False,True,False,0
6856,301.1,311.3,1654,30.7,28,10.199999999999989,5317.438781515059,False,False,True,0
6857,301.1,311.3,1836,22.8,31,10.199999999999989,4383.652725113054,False,False,True,0
6858,301.1,311.3,1622,35.6,34,10.199999999999989,6046.853763825538,False,True,False,0
6859,301.0,311.2,1467,45.4,36,10.199999999999989,6974.524186528556,False,True,False,0
6860,301.1,311.3,1909,22.7,38,10.199999999999989,4537.957284281872,False,False,True,0
6861,301.1,311.2,1910,20.2,41,10.099999999999966,4040.297592026713,False,True,False,0
6862,301.1,311.3,2207,16.6,43,10.199999999999989,3836.5338925148794,True,False,False,0
6863,301.1,311.2,1384,49.4,48,10.099999999999966,7159.647769629089,False,False,True,0
6864,301.1,311.3,1630,29.5,51,10.199999999999989,5035.44942492884,False,True,False,0
6865,301.1,311.3,1268,60.0,53,10.199999999999989,7967.078969503715,False,True,False,0
6866,301.1,311.4,1531,38.7,55,10.299999999999955,6204.614074913306,False,True,False,0
6867,301.0,311.3,1454,41.5,57,10.300000000000011,6318.89474367539,False,False,True,0
6868,301.0,311.3,1342,50.9,60,10.300000000000011,7153.176088762696,False,True,False,0
6869,301.0,311.2,1363,46.3,62,10.199999999999989,6608.539114360856,False,True,False,0
6870,301.0,311.2,1412,42.1,64,10.199999999999989,6225.086787039199,False,True,False,0
6871,301.0,311.3,1597,39.2,66,10.300000000000011,6555.707997902989,True,False,False,0
6872,301.0,311.3,1349,47.0,71,10.300000000000011,6639.546633851788,False,True,False,0
6873,301.0,311.3,1472,35.3,73,10.300000000000011,5441.406027625712,False,True,False,0
6874,301.0,311.4,1478,39.5,75,10.399999999999977,6113.644023640857,False,True,False,0
6875,300.9,311.3,1295,58.9,77,10.400000000000034,7987.5516816296085,True,False,False,0
6876,300.8,311.2,1592,32.9,82,10.399999999999977,5484.885669951395,False,False,True,0
6877,300.8,311.2,1430,54.4,85,10.399999999999977,8146.359190268572,False,True,False,0
6878,300.8,311.2,1488,40.1,87,10.399999999999977,6248.502124283955,False,False,True,0
6879,300.9,311.2,1518,35.0,90,10.300000000000011,5563.760589507523,True,False,False,0
6880,300.8,311.2,2237,17.0,95,10.399999999999977,3982.387567445541,True,False,False,0
6881,300.9,311.3,1801,24.6,100,10.400000000000034,4639.566862674479,False,False,True,0
6882,301.0,311.4,1573,37.6,103,10.399999999999977,6193.628972601253,False,True,False,0
6883,300.9,311.4,2073,21.4,105,10.5,4645.59872056937,False,True,False,0
6884,300.9,311.3,1953,19.4,107,10.400000000000034,3967.6430259246927,False,True,False,0
6885,300.8,311.2,1492,39.0,109,10.399999999999977,6093.433110902763,False,True,False,0
6886,300.8,311.2,1397,48.7,111,10.399999999999977,7124.493347835421,False,True,False,0
6887,300.8,311.3,1465,43.2,113,10.5,6627.503862013028,False,False,True,0
6888,300.8,311.3,1782,26.9,116,10.5,5019.8252374649865,False,True,False,0
6889,300.9,311.4,1434,45.4,118,10.5,6817.633049408281,False,False,True,0
6890,300.9,311.4,1387,42.7,121,10.5,6202.017024986338,True,False,False,0
6891,300.9,311.4,1532,41.5,126,10.5,6657.872590997728,False,False,True,0
6892,300.9,311.5,1505,41.1,129,10.600000000000023,6477.492812804115,False,True,False,0
6893,301.0,311.6,1440,43.3,131,10.600000000000023,6529.486171221025,False,True,False,0
6894,301.0,311.6,1470,43.4,133,10.600000000000023,6680.910937124054,False,True,False,0
6895,301.1,311.7,1408,46.3,135,10.599999999999966,6826.722724152667,False,True,False,0
6896,301.0,311.6,1357,45.6,137,10.600000000000023,6479.974671000451,False,False,True,0
6897,301.0,311.6,1454,40.0,140,10.600000000000023,6090.500957759412,False,False,True,0
6898,301.0,311.6,1352,63.5,143,10.600000000000023,8990.40041653303,False,True,False,0
6899,301.0,311.6,1448,43.9,145,10.600000000000023,6656.741617642436,False,False,True,0
6900,300.9,311.6,1671,33.5,148,10.700000000000045,5862.054811965874,False,True,False,0
6901,301.0,311.7,1670,31.3,150,10.699999999999989,5473.806319859736,False,True,False,0
6902,301.0,311.7,1547,34.5,152,10.699999999999989,5589.050410368921,False,True,False,0
6903,301.0,311.6,1461,40.6,154,10.600000000000023,6211.61982653081,False,True,False,0
6904,301.0,311.6,1609,35.8,156,10.600000000000023,6032.088278353665,False,False,True,0
6905,300.9,311.5,1704,31.3,159,10.600000000000023,5585.249083258078,False,False,True,0
6906,301.0,311.5,1550,34.9,162,10.5,5664.815153197995,False,False,True,0
6907,301.0,311.5,1530,43.9,165,10.5,7033.711792122188,False,False,True,0
6908,300.9,311.3,1449,40.2,168,10.400000000000034,6099.904791769158,False,True,False,0
6909,300.9,311.3,1613,32.7,170,10.400000000000034,5523.453955761967,False,True,False,0
6910,300.8,311.2,1376,48.1,172,10.399999999999977,6930.939824447754,False,True,False,0
6911,300.8,311.2,1434,45.6,174,10.399999999999977,6847.6666751766,False,True,False,0
6912,300.8,311.1,1480,41.1,176,10.300000000000011,6369.893264418664,False,True,False,0
6913,300.8,311.2,1634,31.9,178,10.399999999999977,5458.475347710218,False,False,True,0
6914,300.8,311.2,1481,38.5,181,10.399999999999977,5970.96335729032,False,True,False,0
6915,300.9,311.3,1668,28.9,183,10.400000000000034,5048.036739494222,True,False,False,0
6916,301.0,311.4,1484,36.2,188,10.399999999999977,5625.629020832219,False,True,False,0
6917,300.9,311.3,1603,31.8,190,10.400000000000034,5338.1314051267045,False,False,True,0
6918,301.0,311.4,1481,37.5,193,10.399999999999977,5815.8733999581045,False,True,False,0
6919,301.0,311.5,1559,31.8,195,10.5,5191.607523763277,False,True,False,0
6920,301.0,311.5,1444,39.8,197,10.5,6018.36999043299,False,True,False,0
6921,301.2,311.6,1423,48.0,199,10.400000000000034,7152.778153693241,False,False,True,0
6922,301.1,311.6,1432,48.1,202,10.5,7213.012956838069,False,True,False,0
6923,301.2,311.7,1463,48.3,204,10.5,7399.801584045005,False,True,False,0
6924,301.2,311.7,1433,49.3,206,10.5,7398.1260679630905,False,True,False,0
6925,301.2,311.6,1461,52.9,208,10.400000000000034,8093.465241957631,False,True,False,1
6926,301.1,311.6,1266,55.5,210,10.5,7357.9241539726545,False,False,True,0
6927,301.1,311.6,1417,53.4,0,10.5,7923.913486443392,True,False,False,0
6928,301.1,311.6,1488,43.4,5,10.5,6762.718009823531,False,True,False,0
6929,301.1,311.7,1816,24.5,7,10.599999999999966,4659.191344783902,False,True,False,0
6930,301.0,311.6,1301,55.0,9,10.600000000000023,7493.222077587255,False,False,True,0
6931,300.9,311.5,1836,21.8,12,10.600000000000023,4191.387254713359,False,False,True,0
6932,300.8,311.4,1521,39.9,15,10.599999999999966,6355.2220267264,False,False,True,0
6933,300.8,311.4,1322,67.2,18,10.599999999999966,9303.135493222384,False,True,False,1
6934,300.8,311.4,1492,40.6,20,10.599999999999966,6343.420110324415,False,True,False,0
6935,300.8,311.4,1536,40.9,22,10.599999999999966,6578.746344029313,False,True,False,0
6936,300.7,311.2,1878,24.3,24,10.5,4778.927912787722,False,True,False,0
6937,300.6,311.1,1471,40.7,26,10.5,6269.5403230874945,False,True,False,0
6938,300.6,311.1,1452,40.2,28,10.5,6112.533994236588,True,False,False,0
6939,300.7,311.2,1452,44.4,33,10.5,6751.156948858321,False,True,False,0
6940,300.7,311.3,1348,53.0,35,10.600000000000023,7481.598184768973,False,False,True,0
6941,300.8,311.4,1453,44.6,38,10.599999999999966,6786.238066823408,True,False,False,0
6942,300.8,311.4,1316,57.6,43,10.599999999999966,7937.924989678402,False,True,False,0
6943,300.8,311.4,1732,26.9,45,10.599999999999966,4878.977166829044,False,False,True,0
6944,300.7,311.3,1522,35.2,48,10.600000000000023,5610.2980486827,False,True,False,0
6945,300.7,311.3,1487,39.8,50,10.600000000000023,6197.587379344776,False,False,True,0
6946,300.8,311.4,1852,22.2,53,10.599999999999966,4305.48989989174,False,False,True,0
6947,300.7,311.2,1486,46.8,56,10.5,7282.714425845715,False,True,False,0
6948,300.7,311.3,1562,37.1,58,10.600000000000023,6068.530753135308,False,False,True,0
6949,300.7,311.2,1457,51.4,61,10.5,7842.441516960296,False,True,False,0
6950,300.7,311.2,1769,26.5,63,10.5,4909.1050403769705,False,False,True,0
6951,300.7,311.3,1374,53.1,66,10.600000000000023,7640.290501677306,True,False,False,0
6952,300.8,311.3,1524,43.5,71,10.5,6942.291445902724,False,True,False,0
6953,300.8,311.3,1498,40.2,73,10.5,6306.181765403864,False,True,False,0
6954,300.8,311.3,1462,41.4,75,10.5,6338.3516741766225,False,True,False,0
6955,300.8,311.2,1429,52.3,77,10.399999999999977,7826.4089224514755,False,False,True,0
6956,300.7,311.2,1399,47.9,80,10.5,7017.490702054151,False,True,False,0
6957,300.8,311.2,1434,39.1,82,10.399999999999977,5871.573837706252,False,False,True,0
6958,300.7,311.1,1324,52.2,85,10.400000000000034,7237.475491634022,False,True,False,0
6959,300.6,311.0,1563,40.7,87,10.399999999999977,6661.652974157549,False,True,False,0
6960,300.6,311.0,1543,34.7,89,10.399999999999977,5606.915600592336,False,True,False,0
6961,300.7,311.0,1413,52.0,91,10.300000000000011,7694.3887271721205,False,True,False,0
6962,300.7,311.0,1378,41.2,93,10.300000000000011,5945.317489261516,False,False,True,0
6963,300.7,311.1,1373,49.9,96,10.400000000000034,7174.633166586714,False,False,True,0
6964,300.7,311.0,1981,19.9,99,10.300000000000011,4128.251714351714,True,False,False,0
6965,300.7,311.0,1263,52.3,104,10.300000000000011,6917.252952453613,False,False,True,0
6966,300.7,311.0,1312,52.1,107,10.300000000000011,7158.139805155367,False,True,False,0
6967,300.7,311.0,1969,20.7,109,10.300000000000011,4268.199195093628,False,True,False,0
6968,300.8,311.2,1365,51.7,111,10.399999999999977,7390.125478671949,False,False,True,0
6969,300.9,311.2,1789,25.5,114,10.300000000000011,4777.262868681319,False,True,False,0
6970,300.8,311.1,1583,32.1,116,10.300000000000011,5321.261052576928,False,False,True,0
6971,300.7,311.0,1436,44.9,119,10.300000000000011,6751.952818997231,False,True,False,0
6972,300.7,311.0,1559,42.8,121,10.300000000000011,6987.446604310321,False,False,True,0
6973,300.7,311.0,1377,49.9,124,10.300000000000011,7195.535229708598,False,True,False,0
6974,300.7,311.0,1462,41.9,126,10.300000000000011,6414.901815169093,False,True,False,0
6975,300.7,311.0,1318,48.2,128,10.300000000000011,6652.594715339698,False,True,False,0
6976,300.7,311.0,1378,51.6,130,10.300000000000011,7446.077243832384,False,False,True,0
6977,300.6,310.9,1344,46.7,133,10.299999999999955,6572.714486134421,False,True,False,0
6978,300.7,311.1,2377,14.3,135,10.400000000000034,3559.5396682478668,False,True,False,0
6979,300.7,311.1,1427,50.3,137,10.400000000000034,7516.585054954449,False,True,False,0
6980,300.9,311.2,1353,60.4,139,10.300000000000011,8557.82405208474,False,True,False,0
6981,300.8,311.3,1505,45.5,141,10.5,7170.947031206501,False,True,False,0
6982,300.8,311.2,1612,32.5,143,10.399999999999977,5486.267970718975,True,False,False,0
6983,300.7,311.1,1440,43.0,148,10.400000000000034,6484.247237009333,False,True,False,0
6984,300.7,311.0,1334,53.9,150,10.300000000000011,7529.622664466848,False,False,True,0
6985,300.7,311.0,1706,25.0,153,10.300000000000011,4466.297555853489,False,False,True,0
6986,300.8,311.1,1698,24.8,156,10.300000000000011,4409.79077599092,True,False,False,0
6987,300.7,311.1,1688,30.7,161,10.400000000000034,5426.74526190896,False,True,False,0
6988,300.7,311.1,2437,13.8,163,10.400000000000034,3521.7881965272295,False,True,False,0
6989,300.7,311.1,1478,46.8,165,10.400000000000034,7243.507349528913,False,True,False,0
6990,300.7,311.1,1608,35.3,167,10.400000000000034,5944.144628004175,False,False,True,0
6991,300.7,311.1,2478,13.4,170,10.400000000000034,3477.240412699327,False,True,False,1
6992,300.8,311.1,1509,33.4,172,10.300000000000011,5277.9384898839235,False,True,False,0
6993,300.7,311.0,1596,36.9,174,10.300000000000011,6167.197706409051,False,True,False,0
6994,300.7,311.0,1740,25.6,176,10.300000000000011,4664.636772050125,False,False,True,0
6995,300.6,310.8,1375,53.2,179,10.199999999999989,7660.250087003112,False,True,False,0
6996,300.6,310.7,1705,31.2,181,10.099999999999966,5570.672093345421,False,False,True,0
6997,300.5,310.6,1621,32.0,184,10.100000000000023,5432.023137566991,False,False,True,0
6998,300.6,310.7,1566,38.2,187,10.099999999999966,6264.461414964191,False,False,True,0
6999,300.6,310.7,1388,42.9,190,10.099999999999966,6235.558762551164,False,False,True,0
7000,300.6,310.7,1457,36.7,193,10.099999999999966,5599.564273782935,False,False,True,0
7001,300.6,310.6,1463,45.5,196,10.0,6970.827579172832,False,False,True,0
7002,300.5,310.5,1564,38.2,199,10.0,6256.460825673049,False,True,False,0
7003,300.5,310.6,1411,47.2,201,10.100000000000023,6974.251915165244,True,False,False,0
7004,300.5,310.6,1540,46.7,206,10.100000000000023,7531.235348695691,False,True,False,0
7005,300.5,310.6,1950,20.3,208,10.100000000000023,4145.331506411731,False,True,False,0
7006,300.6,310.7,1339,52.9,0,10.099999999999966,7417.624886366371,False,False,True,0
7007,300.6,310.6,1419,39.6,3,10.0,5884.4543675859695,True,False,False,0
7008,300.5,310.6,1499,45.2,8,10.100000000000023,7095.266064181524,False,True,False,0
7009,300.5,310.6,1368,49.6,10,10.100000000000023,7105.52860018325,False,True,False,0
7010,300.5,310.5,1536,36.2,12,10.0,5822.753487869466,False,True,False,0
7011,300.5,310.5,1469,42.9,14,10.0,6599.44943961647,False,False,True,0
7012,300.5,310.5,2633,12.2,17,10.0,3363.8708058067828,False,True,False,1
7013,300.4,310.4,1298,61.4,19,10.0,8345.871267722549,False,True,False,0
7014,300.4,310.4,1544,36.3,21,10.0,5869.249059142595,False,False,True,0
7015,300.5,310.5,1403,47.7,24,10.0,7008.1706438485035,True,False,False,0
7016,300.5,310.5,1452,42.9,29,10.0,6523.077322207702,False,True,False,0
7017,300.6,310.5,1509,43.1,31,9.899999999999977,6810.75296149692,False,True,False,0
7018,300.7,310.6,1474,37.0,33,9.900000000000034,5711.206004716004,False,False,True,0
7019,300.7,310.7,1377,46.7,36,10.0,6734.098100749329,False,False,True,0
7020,300.8,310.8,1741,27.1,39,10.0,4940.79323827618,False,True,False,0
7021,300.8,310.8,1460,53.8,41,10.0,8225.527325139035,False,True,False,0
7022,300.7,310.6,1631,32.6,43,9.900000000000034,5568.012211565382,True,False,False,0
7023,300.7,310.5,1561,33.2,48,9.800000000000011,5427.122253027392,False,True,False,0
7024,300.7,310.6,1572,38.5,50,9.900000000000034,6337.849019352048,False,False,True,0
7025,300.6,310.6,2127,18.7,53,10.0,4165.217787908955,False,True,False,0
7026,300.6,310.6,1448,44.7,55,10.0,6778.048981973051,True,False,False,0
7027,300.6,310.7,1543,39.6,60,10.099999999999966,6398.670253125547,False,True,False,0
7028,300.6,310.6,1508,34.8,62,10.0,5495.525197071553,False,True,False,0
7029,300.6,310.6,1403,50.4,64,10.0,7404.859548217285,False,False,True,0
7030,300.6,310.6,1454,39.7,67,10.0,6044.822200576216,False,True,False,0
7031,300.7,310.8,1772,27.3,69,10.100000000000023,5065.880985766613,False,True,False,0
7032,300.7,310.8,1479,49.1,71,10.100000000000023,7604.633425059062,False,True,False,0
7033,300.7,310.9,1723,31.0,73,10.199999999999989,5593.396280206387,False,True,False,0
7034,300.7,310.8,1469,46.4,75,10.100000000000023,7137.8660605642,False,False,True,0
7035,300.6,310.6,1830,26.2,78,10.0,5020.893378967207,True,False,False,0
7036,300.6,310.6,1497,38.2,83,10.0,5988.441084419792,False,True,False,0
7037,300.7,310.6,1540,52.7,85,9.900000000000034,8498.845886001347,False,True,False,0
7038,300.6,310.6,1514,39.5,87,10.0,6262.555515421013,False,True,False,0
7039,300.7,310.6,1654,34.2,89,9.900000000000034,5923.661443902771,False,True,False,0
7040,300.6,310.5,1519,37.0,91,9.899999999999977,5885.564396990238,True,False,False,0
7041,300.7,310.6,1720,30.3,96,9.900000000000034,5457.574757816188,False,True,False,0
7042,300.6,310.5,1470,37.7,98,9.899999999999977,5803.464108976425,False,True,False,0
7043,300.6,310.5,1642,29.9,100,9.899999999999977,5141.300153403791,False,True,False,0
7044,300.7,310.6,2006,19.1,102,9.900000000000034,4012.2955295077168,False,False,True,0
7045,300.7,310.6,1505,35.6,105,9.900000000000034,5610.675039801131,False,False,True,0
7046,300.7,310.6,1609,27.6,108,9.900000000000034,4650.4367732558985,False,False,True,0
7047,300.7,310.5,1863,22.2,111,9.800000000000011,4331.0624640919605,False,False,True,0
7048,300.6,310.4,1401,42.6,114,9.799999999999955,6249.947256904606,False,True,False,0
7049,300.6,310.4,2007,19.8,116,9.799999999999955,4161.416460798111,False,True,False,0
7050,300.6,310.4,1494,47.3,118,9.799999999999955,7400.147159236901,False,True,False,0
7051,300.6,310.4,1457,47.7,120,9.799999999999955,7277.907789085723,False,True,False,0
7052,300.6,310.4,1556,37.7,122,9.799999999999955,6142.986499025386,False,True,False,0
7053,300.6,310.4,1510,42.8,124,9.799999999999955,6767.828333873371,True,False,False,0
7054,300.7,310.5,1567,38.7,129,9.800000000000011,6350.509637746015,True,False,False,0
7055,300.7,310.5,1476,43.1,134,9.800000000000011,6661.810053790227,True,False,False,0
7056,300.8,310.6,1663,30.6,139,9.800000000000011,5328.957954578223,False,True,False,0
7057,300.8,310.5,1409,50.6,141,9.699999999999989,7466.036829158192,False,False,True,0
7058,300.8,310.6,1666,36.2,144,9.800000000000011,6315.5646554625855,False,True,False,0
7059,300.7,310.6,1520,45.9,146,9.900000000000034,7306.087875188423,False,True,False,0
7060,300.6,310.5,1644,33.8,148,9.899999999999977,5818.9835766851575,False,True,False,0
7061,300.6,310.4,1479,35.6,150,9.799999999999955,5513.746434462374,True,False,False,0
7062,300.6,310.4,1446,49.7,155,9.799999999999955,7525.810865380492,False,True,False,0
7063,300.6,310.4,1407,51.1,157,9.799999999999955,7529.109537666762,False,False,True,0
7064,300.7,310.4,1234,51.7,160,9.699999999999989,6680.88999317303,False,True,False,0
7065,300.8,310.5,1696,29.7,162,9.699999999999989,5274.859729083406,False,False,True,0
7066,300.8,310.6,1384,52.9,165,9.800000000000011,7666.910263428721,False,True,False,0
7067,300.8,310.7,1572,36.2,167,9.899999999999977,5959.224272741407,False,False,True,0
7068,300.8,310.7,1386,42.1,170,9.899999999999977,6110.460543085219,False,False,True,0
7069,300.8,310.7,1461,42.8,173,9.899999999999977,6548.210063436421,False,True,False,0
7070,300.8,310.7,1525,39.4,175,9.899999999999977,6292.086486364757,False,True,False,0
7071,300.7,310.7,1333,61.0,177,10.0,8515.077448044894,False,True,False,0
7072,300.7,310.6,1505,40.6,179,9.900000000000034,6398.6911970765705,True,False,False,0
7073,300.7,310.6,1439,41.7,184,9.900000000000034,6283.8450416368405,False,False,True,0
7074,300.7,310.6,1491,43.2,187,9.900000000000034,6745.12509096343,False,True,False,0
7075,300.7,310.6,1488,39.2,189,9.900000000000034,6108.261428227707,False,False,True,0
7076,300.7,310.5,1536,47.4,192,9.800000000000011,7624.268379143996,False,True,False,0
7077,300.7,310.5,1960,21.0,194,9.800000000000011,4310.265120725196,False,True,False,0
7078,300.7,310.5,1594,31.0,196,9.800000000000011,5174.621979482868,False,False,True,0
7079,300.7,310.5,1357,52.6,199,9.800000000000011,7474.707624882099,False,True,False,0
7080,300.7,310.5,1445,41.1,201,9.800000000000011,6219.2538966790335,False,True,False,0
7081,300.7,310.4,1543,47.3,203,9.699999999999989,7642.856135677735,False,True,False,0
7082,300.7,310.4,1366,52.6,205,9.699999999999989,7524.281956955746,False,True,False,0
7083,300.7,310.3,1458,40.0,207,9.600000000000023,6107.256118578557,False,True,False,0
7084,300.7,310.4,1416,61.8,209,9.699999999999989,9163.900106815283,False,True,False,1
7085,300.6,310.3,1794,24.4,211,9.699999999999989,4583.960672705938,False,True,False,0
7086,300.6,310.3,1484,41.0,213,9.699999999999989,6371.568780500579,False,True,False,0
7087,300.6,310.4,2514,13.4,215,9.799999999999955,3527.75722256905,False,True,False,0
7088,300.6,310.3,1648,30.5,217,9.699999999999989,5263.633771334578,False,True,False,1
7089,300.6,310.3,1614,32.7,0,9.699999999999989,5526.8782917543795,False,False,True,0
7090,300.6,310.2,1622,34.1,3,9.599999999999966,5792.0705996194065,False,True,False,0
7091,300.6,310.2,1478,40.1,5,9.599999999999966,6206.509502480972,False,False,True,0
7092,300.6,310.2,1318,51.0,8,9.599999999999966,7039.05249963329,False,True,False,0
7093,300.7,310.2,1493,35.9,10,9.5,5612.842738732107,False,True,False,0
7094,300.7,310.3,1369,50.7,12,9.600000000000023,7268.420179271881,True,False,False,0
7095,300.6,310.2,1447,45.9,17,9.599999999999966,6955.203391708979,False,True,False,0
7096,300.6,310.1,1485,49.9,19,9.5,7759.890933999468,False,True,False,0
7097,300.6,310.2,1489,47.8,21,9.599999999999966,7453.344794837688,False,True,False,0
7098,300.6,310.2,1233,52.3,23,9.599999999999966,6752.947656670867,False,False,True,0
7099,300.7,310.2,1642,32.6,26,9.5,5605.564715751292,False,True,False,0
7100,300.7,310.2,1373,44.1,28,9.5,6340.707868666816,False,False,True,0
7101,300.7,310.2,1569,32.8,31,9.5,5389.213701674074,False,True,False,0
7102,300.8,310.2,1850,22.8,33,9.399999999999977,4417.079270947249,False,True,False,0
7103,300.8,310.3,1494,42.2,35,9.5,6602.245457078166,False,False,True,0
7104,300.8,310.3,1777,30.1,38,9.5,5601.218845913826,True,False,False,0
7105,300.9,310.4,1454,43.1,43,9.5,6562.514781985767,False,True,False,0
7106,300.9,310.4,1536,34.2,45,9.5,5501.054400141871,False,True,False,0
7107,300.8,310.5,1482,39.0,47,9.699999999999989,6052.5924064060955,False,True,False,0
7108,300.9,310.5,1512,41.2,49,9.600000000000023,6523.454313326133,True,False,False,0
7109,300.8,310.5,1511,35.8,54,9.699999999999989,5664.689489491851,False,False,True,0
7110,300.9,310.5,1599,40.5,57,9.600000000000023,6781.598981671606,False,True,False,0
7111,300.8,310.4,1518,36.0,59,9.599999999999966,5722.725177779167,False,False,True,0
7112,300.8,310.4,1450,39.4,62,9.599999999999966,5982.639609986162,False,False,True,0
7113,300.9,310.4,1427,47.0,65,9.5,7023.449256120461,False,True,False,0
7114,300.9,310.4,1561,32.7,67,9.5,5345.388484156498,False,True,False,0
7115,300.9,310.4,1457,43.8,69,9.5,6682.858724569279,True,False,False,0
7116,301.0,310.6,1460,53.6,74,9.600000000000023,8194.949156644094,False,False,True,0
7117,301.0,310.5,1601,33.2,77,9.5,5566.1900878262995,False,True,False,0
7118,300.9,310.5,1570,40.1,79,9.600000000000023,6592.84162306842,False,True,False,0
7119,300.9,310.5,1565,35.9,81,9.600000000000023,5883.522361765405,False,True,False,0
7120,301.0,310.5,1378,44.4,83,9.5,6407.089721437167,False,True,False,0
7121,300.9,310.5,2288,16.1,85,9.600000000000023,3857.5406753918833,False,True,False,0
7122,300.9,310.4,1375,44.7,87,9.5,6436.337949042089,False,False,True,0
7123,300.9,310.4,1788,27.8,90,9.5,5205.242035879856,False,True,False,0
7124,300.9,310.4,1576,40.4,92,9.5,6667.5486963707845,False,False,True,0
7125,300.8,310.3,1868,24.5,95,9.5,4792.604312806349,False,False,True,0
7126,300.7,310.1,1261,56.6,98,9.400000000000034,7474.121194253429,False,True,False,0
7127,300.6,310.0,1542,33.9,100,9.399999999999977,5474.09953517407,False,False,True,0
7128,300.6,310.0,1438,53.8,103,9.399999999999977,8101.581022979405,False,True,False,0
7129,300.6,310.0,1511,36.9,105,9.399999999999977,5838.744194476238,False,True,False,0
7130,300.6,310.0,1635,31.0,107,9.399999999999977,5307.720788239955,False,True,False,0
7131,300.6,309.9,1428,48.8,109,9.299999999999955,7297.542743170658,False,True,False,0
7132,300.5,309.8,1410,44.4,111,9.300000000000011,6555.87554951118,False,False,True,0
7133,300.5,309.9,1423,47.9,114,9.399999999999977,7137.876532539713,False,True,False,0
7134,300.5,309.9,1552,41.3,116,9.399999999999977,6712.284975757903,False,False,True,0
7135,300.5,310.0,1406,50.2,119,9.5,7391.24598005173,False,False,True,0
7136,300.5,309.9,1443,48.3,122,9.399999999999977,7298.642300599414,False,True,False,0
7137,300.5,309.9,1343,63.7,124,9.399999999999977,8958.680802707286,False,False,True,0
7138,300.6,310.0,1486,41.2,127,9.399999999999977,6411.2785116419545,False,False,True,0
7139,300.6,310.1,1297,50.0,130,9.5,6791.076119509936,False,True,False,0
7140,300.6,310.1,1495,42.3,132,9.5,6622.320234134603,False,True,False,0
7141,300.5,309.9,1382,46.5,134,9.399999999999977,6729.605623254695,False,True,False,0
7142,300.4,309.8,1356,44.4,136,9.400000000000034,6304.799464636284,False,False,True,0
7143,300.3,309.7,1452,41.5,139,9.399999999999977,6310.203004000458,True,False,False,0
7144,300.3,309.7,1582,30.8,144,9.399999999999977,5102.532900058493,True,False,False,0
7145,300.4,309.8,1517,40.3,149,9.400000000000034,6402.052701215912,False,False,True,0
7146,300.5,310.0,1413,44.5,152,9.5,6584.621122291526,False,True,False,0
7147,300.4,309.9,1496,31.8,154,9.5,4981.81196635655,False,True,False,0
7148,300.3,309.8,1466,41.2,156,9.5,6324.989433423355,False,True,False,0
7149,300.3,309.8,1617,40.8,158,9.5,6908.739236362385,False,False,True,0
7150,300.2,309.8,1506,41.8,161,9.600000000000023,6592.192360586678,False,True,False,0
7151,300.2,309.8,1401,49.3,163,9.600000000000023,7232.920182286317,False,True,False,0
7152,300.2,309.9,1906,22.9,165,9.699999999999989,4570.7450396098375,True,False,False,0
7153,300.2,309.9,1566,36.4,170,9.699999999999989,5969.277369232893,False,True,False,0
7154,300.2,310.0,1493,47.3,172,9.800000000000011,7395.193914819741,False,True,False,0
7155,300.3,310.1,1483,39.9,174,9.800000000000011,6196.445934013971,False,True,False,0
7156,300.2,309.9,1569,31.2,176,9.699999999999989,5126.325228421681,False,False,True,0
7157,300.2,310.0,1664,30.7,179,9.800000000000011,5349.587746336795,False,False,True,0
7158,300.2,310.0,1486,40.1,182,9.800000000000011,6240.103599923358,False,True,False,0
7159,300.2,310.0,1389,53.6,184,9.800000000000011,7796.427656560719,False,True,False,0
7160,300.1,310.0,1511,41.7,186,9.899999999999977,6598.255634408107,False,True,False,0
7161,300.2,310.1,1485,40.5,188,9.900000000000034,6298.107872284138,False,False,True,0
7162,300.2,310.2,1440,42.9,191,10.0,6469.1675922721015,False,True,False,0
7163,300.2,310.2,1378,43.9,193,10.0,6334.937810159721,False,True,False,0
7164,300.1,310.1,1501,39.3,195,10.0,6177.3450506801455,False,False,True,0
7165,300.2,310.1,1474,44.0,198,9.900000000000034,6791.704438040654,False,False,True,0
7166,300.2,310.1,1392,47.9,201,9.900000000000034,6982.3781681625305,False,True,False,0
7167,300.3,310.2,1429,44.7,203,9.899999999999977,6689.110493949924,False,False,True,0
7168,300.3,310.3,1362,60.3,206,10.0,8600.486880320488,False,True,False,1
7169,300.3,310.3,1704,29.5,0,10.0,5264.052650355057,False,True,False,0
7170,300.3,310.2,1492,52.3,2,9.899999999999977,8171.450043595242,False,True,False,0
7171,300.3,310.2,1442,39.5,4,9.899999999999977,5964.732531860701,False,False,True,0
7172,300.2,310.2,1438,51.5,7,10.0,7755.230904896644,False,False,True,0
7173,300.1,310.1,1402,46.6,10,10.0,6841.676705183756,False,False,True,0
7174,300.1,310.1,1684,30.8,13,10.0,5431.520482742418,False,True,False,0
7175,300.2,310.2,1530,48.5,15,10.0,7770.729428654353,False,True,False,0
7176,300.1,310.1,1569,43.5,17,10.0,7147.280366549458,False,True,False,0
7177,300.1,310.1,1650,31.6,19,10.0,5460.08803193906,False,True,False,0
7178,300.2,310.2,1415,49.6,21,10.0,7349.651293318201,False,True,False,0
7179,300.2,310.2,1600,31.5,23,10.0,5277.875658030852,False,True,False,0
7180,300.2,310.1,1523,42.3,25,9.900000000000034,6746.350312098329,False,True,False,0
7181,300.2,310.2,1628,30.3,27,10.0,5165.657968444625,False,False,True,0
7182,300.2,310.3,1331,52.1,30,10.100000000000023,7261.801890748319,False,True,False,0
7183,300.3,310.3,2158,16.8,32,10.0,3796.5518900101933,False,True,False,0
7184,300.2,310.3,1445,50.9,34,10.100000000000023,7702.190348928536,False,True,False,0
7185,300.2,310.3,1593,36.1,36,10.100000000000023,6022.15037359281,False,False,True,0
7186,300.3,310.4,1672,29.2,39,10.099999999999966,5112.669772354077,False,True,False,0
7187,300.4,310.5,1644,31.4,41,10.100000000000023,5405.801310885028,False,False,True,0
7188,300.4,310.5,1402,54.3,44,10.100000000000023,7972.16834960253,False,True,False,0
7189,300.4,310.4,1286,56.8,46,10.0,7649.233568764524,False,True,False,0
7190,300.4,310.4,1486,46.3,48,10.0,7204.907647791808,False,True,False,0
7191,300.3,310.3,1345,46.3,50,10.0,6521.2656704441315,False,True,False,0
7192,300.3,310.3,1629,34.1,52,10.0,5817.067205166469,False,True,False,0
7193,300.2,310.2,1429,43.8,54,10.0,6554.430416890528,False,False,True,0
7194,300.1,310.1,1306,64.7,57,10.0,8848.630812052035,False,True,False,0
7195,300.1,310.1,1380,52.6,59,10.0,7601.397584625863,False,True,False,0
7196,300.1,310.1,1443,49.3,61,10.0,7449.7529072370835,False,False,True,0
7197,300.1,310.1,1426,42.7,64,10.0,6376.406833187108,True,False,False,0
7198,300.0,310.0,1486,41.8,69,10.0,6504.646645306642,False,True,False,0
7199,300.0,309.9,1530,34.5,71,9.899999999999977,5527.632273991241,False,False,True,0
7200,300.0,309.9,1507,41.4,74,9.899999999999977,6533.444577964548,False,True,False,0
7201,300.0,309.9,1608,33.4,76,9.899999999999977,5624.204832162591,False,True,False,0
7202,300.0,309.8,1474,40.6,78,9.800000000000011,6266.890913282967,False,True,False,0
7203,300.0,309.7,1326,61.9,80,9.699999999999989,8595.334668368601,False,True,False,0
7204,299.8,309.6,1434,48.0,82,9.800000000000011,7208.070184396421,False,False,True,0
7205,299.8,309.6,1526,41.7,85,9.800000000000011,6663.757841235454,False,True,False,0
7206,299.8,309.7,1483,39.6,87,9.899999999999977,6149.856114961235,False,True,False,0
7207,299.8,309.7,1457,51.9,89,9.899999999999977,7918.729858564969,False,True,False,0
7208,299.7,309.6,1540,34.4,91,9.900000000000034,5547.633747219095,False,False,True,0
7209,299.8,309.7,1707,29.1,94,9.899999999999977,5201.817699887444,False,True,False,0
7210,299.8,309.7,1624,34.2,96,9.899999999999977,5816.218975149999,False,True,False,0
7211,299.8,309.6,1331,50.2,98,9.800000000000011,6996.97610202621,False,False,True,0
7212,299.8,309.7,1431,40.3,101,9.899999999999977,6039.114973922195,False,True,False,0
7213,299.8,309.7,1705,28.5,103,9.899999999999977,5088.594700652067,False,False,True,0
7214,299.8,309.8,1427,45.2,106,10.0,6754.466093120103,False,False,True,0
7215,299.9,309.8,1625,41.2,109,9.900000000000034,7010.987605261222,False,False,True,0
7216,299.9,309.8,1477,47.7,112,9.900000000000034,7377.810435469878,False,True,False,0
7217,300.0,309.9,1651,28.1,114,9.899999999999977,4858.274071241888,False,False,True,0
7218,299.9,309.8,1716,28.2,117,9.900000000000034,5067.51461394648,False,True,False,0
7219,299.9,309.8,1400,48.7,119,9.900000000000034,7139.792904058403,True,False,False,0
7220,299.8,309.7,1556,37.7,124,9.899999999999977,6142.986499025386,False,False,True,0
7221,299.8,309.7,1429,42.6,127,9.899999999999977,6374.856980811336,False,True,False,0
7222,299.7,309.6,1433,49.6,129,9.900000000000034,7443.145090689033,True,False,False,0
7223,299.8,309.7,1320,61.7,134,9.899999999999977,8528.79573596557,False,False,True,0
7224,299.8,309.6,1374,51.6,137,9.800000000000011,7424.4630863756865,False,True,False,0
7225,299.8,309.6,1598,31.0,139,9.800000000000011,5187.607229117705,False,True,False,0
7226,299.8,309.7,1910,21.8,141,9.899999999999977,4360.321163672394,False,False,True,0
7227,299.7,309.6,1399,51.3,144,9.900000000000034,7515.6006892563255,False,True,False,0
7228,299.7,309.6,1720,27.1,146,9.900000000000034,4881.197225637581,False,True,False,0
7229,299.8,309.7,1368,47.4,148,9.899999999999977,6790.364025175122,True,False,False,0
7230,299.8,309.8,1749,33.4,153,10.0,6117.372046923117,False,True,False,0
7231,299.8,309.8,1542,39.4,155,10.0,6362.227778343905,False,True,False,0
7232,299.8,309.9,1553,36.6,157,10.099999999999966,5952.249937050437,False,True,False,0
7233,299.9,309.9,1639,42.1,159,10.0,7225.862070791252,False,False,True,0
7234,299.9,310.0,1447,45.9,162,10.100000000000023,6955.203391708979,False,True,False,0
7235,299.8,310.0,1397,48.1,164,10.199999999999989,7036.717249094121,False,False,True,0
7236,299.8,310.0,1361,53.8,167,10.199999999999989,7667.768965420703,False,True,False,0
7237,299.8,310.0,1460,37.1,169,10.199999999999989,5672.250255811491,False,False,True,0
7238,299.8,310.0,1632,33.7,172,10.199999999999989,5759.418979973096,False,False,True,0
7239,299.8,310.0,1697,36.0,175,10.199999999999989,6397.539279770254,False,True,False,0
7240,299.8,310.1,1553,42.0,177,10.300000000000011,6830.4507474349275,False,True,False,0
7241,299.9,310.1,1362,56.3,179,10.200000000000045,8029.9736544285815,False,False,True,0
7242,299.9,310.0,1484,42.1,182,10.100000000000023,6542.513308757912,False,False,True,0
7243,299.9,310.1,1447,51.4,185,10.200000000000045,7788.615562828792,True,False,False,0
7244,300.0,310.2,1393,51.2,190,10.199999999999989,7468.7804867423265,False,False,True,0
7245,300.0,310.2,1760,26.9,193,10.199999999999989,4957.852086385172,False,True,False,0
7246,300.0,310.1,1477,34.6,195,10.100000000000023,5351.619309586117,False,True,False,0
7247,299.9,310.1,1681,29.1,197,10.200000000000045,5122.586733163909,False,True,False,0
7248,300.0,310.1,1314,53.5,199,10.100000000000023,7361.694065156962,False,False,True,0
7249,300.0,310.1,1762,28.0,202,10.100000000000023,5166.453838583534,False,True,False,0
7250,299.9,310.0,1402,44.7,204,10.100000000000023,6562.724221496006,False,True,False,0
7251,300.1,310.2,1429,42.0,206,10.099999999999966,6285.07026277174,False,False,True,0
7252,300.2,310.3,1448,40.1,209,10.100000000000023,6080.531637072021,False,False,True,0
7253,300.2,310.4,1501,42.9,212,10.199999999999989,6743.2087194447395,True,False,False,0
7254,300.3,310.5,1522,39.1,217,10.199999999999989,6231.893571121977,False,True,False,0
7255,300.3,310.4,1493,37.5,219,10.099999999999966,5862.997289761951,False,True,False,0
7256,300.2,310.3,1704,29.4,221,10.100000000000023,5246.208404082667,False,False,True,0
7257,300.2,310.3,1408,42.5,0,10.100000000000023,6266.430146360441,True,False,False,0
7258,300.2,310.4,1518,41.8,5,10.199999999999989,6644.7197897546985,False,True,False,0
7259,300.3,310.4,1742,25.9,7,10.099999999999966,4724.724967537785,False,True,False,0
7260,300.4,310.5,1500,43.0,9,10.100000000000023,6754.424205218055,False,False,True,0
7261,300.4,310.5,2424,14.5,12,10.100000000000023,3680.6899529458015,False,True,False,0
7262,300.4,310.5,1818,25.1,14,10.100000000000023,4778.550921669291,False,True,False,0
7263,300.4,310.6,1545,35.6,16,10.200000000000045,5759.795971091527,False,False,True,0
7264,300.4,310.6,1429,46.9,19,10.200000000000045,7018.328460095108,False,True,False,0
7265,300.4,310.6,1448,44.9,21,10.200000000000045,6808.375823055703,False,False,True,0
7266,300.4,310.6,1384,48.7,24,10.200000000000045,7058.195270869164,False,True,False,0
7267,300.4,310.5,1578,32.8,26,10.100000000000023,5420.126973385398,False,True,False,0
7268,300.5,310.5,1695,26.7,28,10.0,4739.2495975728825,False,True,False,0
7269,300.5,310.6,1543,36.2,30,10.100000000000023,5849.289473816788,False,True,False,0
7270,300.4,310.5,1540,33.4,32,10.100000000000023,5386.36532433482,False,False,True,0
7271,300.2,310.4,1808,25.8,35,10.199999999999989,4884.799585213697,False,True,False,0
7272,300.3,310.4,1293,49.7,37,10.099999999999966,6729.511375475088,False,False,True,0
7273,300.2,310.3,1202,59.5,40,10.100000000000023,7489.452166402947,False,True,False,0
7274,300.2,310.3,1704,29.2,42,10.100000000000023,5210.519911537886,False,False,True,0
7275,300.2,310.3,1478,38.1,45,10.100000000000023,5896.957906347257,False,False,True,0
7276,300.2,310.3,1514,38.7,48,10.100000000000023,6135.718948020081,False,True,False,0
7277,300.1,310.3,1350,48.8,50,10.199999999999989,6898.9374672831855,False,False,True,0
7278,300.1,310.2,1475,54.2,53,10.099999999999966,8371.8208230412,False,True,False,0
7279,300.0,310.1,1714,28.7,55,10.100000000000023,5151.353249895279,True,False,False,0
7280,300.0,310.1,1465,40.9,60,10.100000000000023,6274.650647137334,False,True,False,0
7281,299.9,310.2,1288,69.6,62,10.300000000000011,9387.581503750875,False,True,False,1
7282,300.0,310.2,1675,29.7,64,10.199999999999989,5209.546017815274,False,True,False,0
7283,300.0,310.2,1486,36.4,66,10.199999999999989,5664.333442324445,False,True,False,0
7284,300.0,310.2,1443,58.7,68,10.199999999999989,8870.192609631173,False,False,True,0
7285,300.1,310.3,1345,57.1,71,10.199999999999989,8042.4248333123105,False,False,True,0
7286,300.2,310.4,1202,61.7,74,10.199999999999989,7766.373086841376,False,False,True,0
7287,300.1,310.4,1480,37.1,77,10.299999999999955,5749.952314110278,False,False,True,0
7288,300.2,310.4,1530,35.7,80,10.199999999999989,5719.897744390937,False,False,True,0
7289,300.2,310.6,1983,20.8,83,10.400000000000034,4319.312907567535,False,False,True,0
7290,300.3,310.6,1433,53.8,86,10.300000000000011,8073.4114088522165,False,True,False,0
7291,300.3,310.6,1806,24.4,88,10.300000000000011,4614.622617004975,False,True,False,0
7292,300.2,310.5,1416,46.7,90,10.300000000000011,6924.8241907487645,False,True,False,0
7293,300.1,310.4,1556,38.1,92,10.299999999999955,6208.164074611862,False,False,True,0
7294,300.1,310.5,1627,29.2,95,10.399999999999977,4975.068014126844,False,True,False,0
7295,300.1,310.6,1809,24.3,97,10.5,4603.344299378588,False,True,False,0
7296,300.1,310.5,1329,57.4,99,10.399999999999977,7988.504631401196,False,False,True,0
7297,300.0,310.4,1881,21.9,102,10.399999999999977,4313.815120423752,True,False,False,0
7298,300.1,310.5,1500,39.8,107,10.399999999999977,6251.769380643687,False,True,False,0
7299,300.1,310.5,1532,36.0,109,10.399999999999977,5775.503934359475,False,True,False,0
7300,300.1,310.5,1492,50.9,111,10.399999999999977,7952.711419101298,False,True,False,0
7301,300.2,310.6,1431,42.3,113,10.400000000000034,6338.82291307466,False,True,False,0
7302,300.1,310.4,1554,39.4,115,10.299999999999955,6411.73927856448,False,True,False,0
7303,300.1,310.5,1494,44.2,117,10.399999999999977,6915.148085375709,False,True,False,0
7304,300.1,310.6,1374,45.4,119,10.5,6532.3764364623285,False,True,False,0
7305,300.1,310.5,1394,44.3,121,10.399999999999977,6466.884701610493,False,True,False,0
7306,300.0,310.5,1790,25.7,123,10.5,4817.422894769708,False,False,True,0
7307,300.1,310.5,1356,45.8,126,10.399999999999977,6503.599447755445,False,True,False,0
7308,300.0,310.4,1385,52.1,128,10.399999999999977,7556.420449801969,False,False,True,0
7309,300.0,310.4,1333,49.1,131,10.399999999999977,6853.939388508268,False,True,False,0
7310,300.0,310.4,1505,44.9,133,10.399999999999977,7076.3850923334485,False,True,False,0
7311,300.0,310.5,1606,33.5,135,10.5,5634.027545192815,False,True,False,0
7312,300.0,310.5,1558,36.7,137,10.5,5987.728990084978,True,False,False,0
7313,300.0,310.5,1412,52.4,142,10.5,7748.089017597483,False,True,False,0
7314,299.9,310.4,1408,38.4,144,10.5,5661.903944005669,False,True,False,0
7315,299.9,310.3,1268,53.3,146,10.400000000000034,7077.421817909133,False,True,False,0
7316,299.9,310.4,1470,50.0,148,10.5,7696.902001294993,False,True,False,0
7317,299.9,310.4,1497,47.0,150,10.5,7367.977250464141,False,True,False,0
7318,299.9,310.3,1638,29.1,152,10.400000000000034,4991.550903582679,False,True,False,0
7319,299.9,310.3,1535,43.9,154,10.400000000000034,7056.697778370953,True,False,False,0
7320,299.8,310.2,1654,32.7,159,10.399999999999977,5663.8517314508945,False,True,False,0
7321,299.8,310.2,1411,49.7,161,10.399999999999977,7343.650851349844,True,False,False,0
7322,299.8,310.2,1911,23.5,166,10.399999999999977,4702.8071227912405,False,True,False,0
7323,299.8,310.2,1573,33.3,168,10.399999999999977,5485.315020947386,True,False,False,0
7324,299.9,310.2,1479,46.3,173,10.300000000000011,7170.967975157525,False,True,False,0
7325,299.9,310.4,1820,26.6,175,10.5,5069.6927848529685,False,False,True,0
7326,299.9,310.4,1419,45.7,178,10.5,6790.898095926233,False,True,False,0
7327,299.9,310.5,1335,52.9,180,10.600000000000023,7395.466186183052,False,False,True,0
7328,299.9,310.5,1576,39.4,183,10.600000000000023,6502.5103623022005,False,False,True,0
7329,300.0,310.5,1517,42.2,186,10.5,6703.886451397308,False,True,False,0
7330,299.9,310.4,1576,34.3,188,10.5,5660.814858552423,False,False,True,0
7331,299.8,310.2,1537,36.6,191,10.399999999999977,5890.926048452365,True,False,False,0
7332,299.8,310.3,1524,34.2,196,10.5,5458.077412640763,False,True,False,0
7333,299.8,310.3,1805,23.7,198,10.5,4479.754044386365,False,False,True,0
7334,299.9,310.4,1367,53.3,201,10.5,7629.996549749041,False,False,True,0
7335,299.8,310.4,1694,30.3,204,10.599999999999966,5375.076534732921,False,True,False,0
7336,299.9,310.4,1328,49.9,206,10.5,6939.484956465517,False,True,False,0
7337,299.9,310.5,1549,42.8,208,10.600000000000023,6942.626549119107,True,False,False,0
7338,299.9,310.5,1539,32.8,213,10.600000000000023,5286.169462636329,False,True,False,0
7339,299.8,310.5,1496,38.8,215,10.699999999999989,6078.4372419696265,False,True,False,0
7340,299.8,310.4,1579,36.4,0,10.599999999999966,6018.830757355517,False,True,False,0
7341,299.7,310.3,1386,46.6,2,10.600000000000023,6763.597655766537,False,True,False,0
7342,299.7,310.3,1505,37.7,4,10.600000000000023,5941.6418258568165,False,True,False,0
7343,299.7,310.3,1661,34.5,6,10.600000000000023,6000.913207254543,False,False,True,0
7344,299.6,310.2,1468,48.0,9,10.599999999999966,7378.972824751706,False,True,False,0
7345,299.6,310.1,1384,49.8,11,10.5,7217.6206260633335,False,True,False,0
7346,299.6,310.2,1381,60.5,13,10.599999999999966,8749.387900125133,False,True,False,0
7347,299.6,310.2,1469,47.0,15,10.599999999999966,7230.1660527266695,False,True,False,0
7348,299.6,310.2,1627,36.6,17,10.599999999999966,6235.8729218165245,False,True,False,0
7349,299.7,310.3,1462,40.4,19,10.600000000000023,6185.25139219168,True,False,False,0
7350,299.7,310.2,1633,36.5,24,10.5,6241.76864402976,False,True,False,0
7351,299.7,310.2,1469,39.5,26,10.5,6076.416150695818,False,True,False,0
7352,299.7,310.2,1458,43.4,28,10.5,6626.372888657735,False,True,False,0
7353,299.7,310.2,1440,42.8,30,10.5,6454.08794753487,False,False,True,0
7354,299.8,310.3,1687,30.4,33,10.5,5370.531697360727,False,True,False,0
7355,299.7,310.3,1429,47.7,35,10.600000000000023,7138.044084147905,False,False,True,0
7356,299.6,310.2,1588,34.1,38,10.599999999999966,5670.6585155336725,False,True,False,0
7357,299.6,310.2,1333,51.2,40,10.599999999999966,7147.081399014732,False,True,False,0
7358,299.6,310.1,1487,42.9,42,10.5,6680.314034519871,False,True,False,0
7359,299.5,310.1,1659,31.5,44,10.600000000000023,5472.49732292074,False,False,True,0
7360,299.4,310.0,1512,43.2,47,10.600000000000023,6840.1268528079845,False,False,True,0
7361,299.5,310.1,1585,35.2,50,10.600000000000023,5842.524577636058,False,True,False,0
7362,299.5,310.0,1502,38.5,52,10.5,6055.629279304565,False,True,False,0
7363,299.5,310.0,1594,35.1,54,10.5,5859.007467091892,False,True,False,0
7364,299.5,310.0,1412,48.9,56,10.5,7230.563987796124,False,True,False,0
7365,299.5,309.9,1402,51.7,58,10.399999999999977,7590.443898240347,False,True,False,0
7366,299.6,310.1,2057,20.4,60,10.5,4394.334140135258,False,True,False,0
7367,299.6,310.1,1531,36.8,62,10.5,5899.994779245727,True,False,False,0
7368,299.5,310.1,1359,61.1,67,10.600000000000023,8695.394394385437,False,False,True,0
7369,299.6,310.2,1620,30.0,70,10.599999999999966,5089.380098815464,False,False,True,0
7370,299.6,310.1,1646,29.6,73,10.5,5102.114021038016,False,False,True,0
7371,299.6,310.1,1455,46.1,76,10.5,7024.129934528739,False,False,True,0
7372,299.6,310.2,1512,44.0,79,10.599999999999966,6966.795868600725,False,True,False,0
7373,299.6,310.2,1473,42.7,81,10.599999999999966,6586.568909736753,False,True,False,0
7374,299.6,310.1,1553,38.0,83,10.5,6179.931628631602,False,True,False,0
7375,299.5,310.0,1379,50.4,85,10.5,7278.1905324245445,False,True,False,0
7376,299.4,309.9,1567,40.6,87,10.5,6662.291764663779,False,False,True,0
7377,299.5,310.0,1481,43.1,90,10.5,6684.377161018514,False,True,False,0
7378,299.5,310.0,1349,52.7,92,10.5,7444.768246893388,False,True,False,0
7379,299.5,310.0,1388,52.4,94,10.5,7616.393453558998,False,True,False,0
7380,299.6,310.1,1357,48.7,96,10.5,6920.499264862324,False,False,True,0
7381,299.6,310.2,1743,24.8,99,10.599999999999966,4526.6580227044615,False,True,False,0
7382,299.7,310.3,1495,43.1,101,10.600000000000023,6747.565061257717,False,True,False,0
7383,299.8,310.4,1698,28.3,103,10.599999999999966,5032.1402806670585,False,True,False,0
7384,299.7,310.4,1410,44.5,105,10.699999999999989,6570.641034983052,False,False,True,0
7385,299.7,310.4,1614,36.2,108,10.699999999999989,6118.4401884253375,False,True,False,0
7386,299.8,310.5,1375,53.9,110,10.699999999999989,7761.042851305784,False,False,True,0
7387,299.8,310.6,1574,31.8,113,10.800000000000011,5241.558846955355,False,False,True,0
7388,299.8,310.6,1423,44.6,116,10.800000000000011,6646.123034473303,True,False,False,0
7389,299.8,310.6,1694,31.3,121,10.800000000000011,5552.471799905625,False,False,True,0
7390,299.8,310.6,1707,32.5,124,10.800000000000011,5809.590214650924,False,True,False,0
7391,299.7,310.5,1490,41.2,126,10.800000000000011,6428.536327285675,False,False,True,0
7392,299.7,310.6,1675,31.3,129,10.900000000000034,5490.194961535963,False,True,False,0
7393,299.7,310.5,1492,39.3,131,10.800000000000011,6140.305673294322,False,False,True,0
7394,299.7,310.5,1594,35.4,134,10.800000000000011,5909.084453990114,False,False,True,0
7395,299.7,310.6,1479,38.0,137,10.900000000000034,5885.459677235118,False,True,False,0
7396,299.7,310.6,1572,38.0,139,10.900000000000034,6255.539291827996,False,False,True,0
7397,299.7,310.6,1616,35.1,142,10.900000000000034,5939.872061995294,False,True,False,0
7398,299.7,310.6,1737,26.1,144,10.900000000000034,4747.543402178359,False,True,False,0
7399,299.7,310.7,1498,37.8,146,11.0,5929.693301797662,False,False,True,0
7400,299.6,310.6,1642,35.1,149,11.0,6035.439310517495,False,True,False,0
7401,299.6,310.6,1633,34.2,151,11.0,5848.451715775831,False,False,True,0
7402,299.8,310.8,1409,51.9,154,11.0,7657.852004610871,False,True,False,0
7403,299.8,310.8,1463,43.5,156,11.0,6664.417575692707,False,False,True,0
7404,299.8,310.8,1376,48.6,159,11.0,7002.9870159700795,False,True,False,0
7405,299.8,310.8,1553,32.2,161,11.0,5236.678906366778,False,True,False,0
7406,299.8,310.8,1530,35.2,163,11.0,5639.787131724397,False,False,True,0
7407,299.8,310.9,1545,40.7,166,11.099999999999966,6584.935281556886,False,True,False,0
7408,299.8,310.9,1427,47.2,168,11.099999999999966,7053.336274231613,True,False,False,0
7409,299.9,310.9,1292,51.1,173,11.0,6913.723896706081,False,True,False,0
7410,299.8,310.9,2084,17.6,175,11.099999999999966,3840.953066180929,False,True,False,0
7411,299.9,311.0,1747,27.6,177,11.100000000000023,5049.293376555659,False,True,False,0
7412,300.0,311.1,1425,47.8,179,11.100000000000023,7132.986119975625,False,True,False,0
7413,300.0,311.0,1637,33.6,181,11.0,5759.921634797671,False,True,False,0
7414,300.1,311.1,1616,35.2,183,11.0,5956.794774422631,False,False,True,0
7415,300.1,311.1,1619,33.4,186,11.0,5662.678870193554,False,True,False,0
7416,300.1,311.2,1489,39.1,188,11.099999999999966,6096.773671091079,False,True,False,0
7417,300.1,311.2,1452,42.4,190,11.099999999999966,6447.050779990829,False,False,True,0
7418,300.1,311.3,1495,41.0,193,11.199999999999989,6418.797390059545,False,False,True,0
7419,300.2,311.4,1427,39.7,196,11.199999999999989,5932.573095063453,False,False,True,0
7420,300.1,311.4,1572,36.2,199,11.299999999999955,5959.224272741407,False,True,False,0
7421,300.1,311.3,1547,40.0,201,11.199999999999989,6480.058446804546,False,True,False,0
7422,300.1,311.4,1342,48.5,203,11.299999999999955,6815.894701473295,False,False,True,0
7423,300.0,311.2,1351,44.1,206,11.199999999999989,6239.108762249721,False,True,False,0
7424,300.0,311.3,1407,47.3,208,11.300000000000011,6969.214894943988,False,True,False,0
7425,300.1,311.4,1575,29.8,210,11.299999999999955,4915.021706541231,False,False,True,0
7426,300.0,311.4,1791,24.1,213,11.399999999999977,4520.029262205387,False,False,True,0
7427,300.0,311.4,1692,29.0,216,11.399999999999977,5138.388944211465,False,False,True,1
7428,300.0,311.4,1634,31.9,0,11.399999999999977,5458.475347710218,False,True,False,0
7429,300.0,311.4,1864,23.3,2,11.399999999999977,4548.104628552967,False,False,True,0
7430,300.0,311.4,1590,33.6,5,11.399999999999977,5594.548197512703,False,True,False,0
7431,300.0,311.4,1384,46.1,7,11.399999999999977,6681.371704046581,False,False,True,0
7432,300.0,311.4,1352,61.8,10,11.399999999999977,8749.712531366004,False,False,True,0
7433,300.1,311.4,1484,43.1,13,11.299999999999955,6697.917425355487,False,True,False,0
7434,300.1,311.4,1913,21.9,15,11.299999999999955,4387.20272481161,False,False,True,0
7435,300.0,311.4,1508,38.2,18,11.399999999999977,6032.444325521074,False,True,False,0
7436,299.9,311.3,1504,40.7,20,11.400000000000034,6410.18942618871,False,True,False,0
7437,300.0,311.4,1487,41.2,22,11.399999999999977,6415.5929655528835,False,True,False,0
7438,299.8,311.3,1727,30.0,24,11.5,5425.530512749572,False,True,False,0
7439,299.9,311.3,1647,27.5,26,11.400000000000034,4743.01950875719,False,True,False,0
7440,300.0,311.3,1493,41.4,28,11.300000000000011,6472.749007897194,False,True,False,0
7441,300.0,311.4,1655,29.6,30,11.399999999999977,5130.011363801893,False,True,False,0
7442,299.9,311.4,1337,54.8,32,11.5,7672.565130205183,False,False,True,0
7443,300.0,311.5,1601,36.9,35,11.5,6186.518501228627,False,True,False,0
7444,300.1,311.6,1589,37.9,37,11.5,6306.548284546782,True,False,False,0
7445,300.2,311.7,1286,55.1,42,11.5,7420.2952401219245,False,True,False,0
7446,300.2,311.7,1553,41.3,44,11.5,6716.609901644345,False,True,False,0
7447,300.2,311.8,1379,51.0,46,11.600000000000023,7364.835657810551,False,True,False,0
7448,300.3,311.9,1677,30.8,48,11.599999999999966,5408.942903538618,False,False,True,0
7449,300.3,311.8,1488,38.4,51,11.5,5983.603031733263,False,True,False,0
7450,300.3,311.8,1418,45.9,53,11.5,6815.8109256692,False,True,False,0
7451,300.3,311.8,1451,41.0,55,11.5,6229.882951823679,False,True,False,0
7452,300.3,311.8,1508,43.1,57,11.5,6806.239540051263,False,True,False,0
7453,300.3,311.7,1579,33.6,59,11.399999999999977,5555.843776020477,False,True,False,0
7454,300.3,311.7,1432,47.7,61,11.399999999999977,7153.029481105529,True,False,False,0
7455,300.2,311.6,1446,47.3,66,11.400000000000034,7162.391427213226,False,True,False,0
7456,300.2,311.7,1597,39.5,68,11.5,6605.879232580817,False,False,True,0
7457,300.2,311.7,1397,50.2,71,11.5,7343.933594688669,False,False,True,0
7458,300.1,311.6,1530,36.6,74,11.5,5864.096847190707,False,True,False,0
7459,300.1,311.6,1433,51.4,76,11.5,7713.259227044683,False,False,True,0
7460,300.0,311.5,1591,32.0,79,11.5,5331.492172652118,False,True,False,0
7461,300.0,311.5,1445,41.6,81,11.5,6294.913919752988,False,True,False,0
7462,300.0,311.5,1749,28.3,83,11.5,5183.2823032312635,False,True,False,0
7463,300.0,311.3,1703,30.4,85,11.300000000000011,5421.467386250929,False,True,False,0
7464,300.1,311.4,1518,46.9,87,11.299999999999955,7455.439189940081,True,False,False,0
7465,300.1,311.3,1535,42.3,92,11.199999999999989,6799.506059797068,False,True,False,0
7466,300.1,311.4,1390,52.1,94,11.299999999999955,7583.699946010641,False,False,True,0
7467,300.3,311.6,1801,23.6,97,11.300000000000011,4450.966583703971,True,False,False,0
7468,300.3,311.6,1463,41.6,102,11.300000000000011,6373.328072386589,True,False,False,0
7469,300.3,311.6,1560,37.7,107,11.300000000000011,6158.778238097431,False,True,False,0
7470,300.3,311.6,1607,33.5,109,11.300000000000011,5637.535656989324,False,True,False,0
7471,300.4,311.6,1332,54.6,111,11.200000000000045,7615.97457453852,False,True,False,0
7472,300.3,311.7,1365,53.3,113,11.399999999999977,7618.833423853286,False,True,False,0
7473,300.3,311.6,1617,32.5,115,11.300000000000011,5503.28493092592,False,False,True,0
7474,300.3,311.6,1304,62.8,118,11.300000000000011,8575.626410455081,False,False,True,0
7475,300.3,311.7,1989,22.3,121,11.399999999999977,4644.813322405974,False,True,False,0
7476,300.3,311.6,1339,53.4,123,11.300000000000011,7487.734762418983,True,False,False,0
7477,300.2,311.5,1492,41.8,128,11.300000000000011,6530.910359890653,False,True,False,0
7478,300.1,311.3,1518,40.2,130,11.199999999999989,6390.37644852007,False,False,True,0
7479,300.1,311.3,1479,39.5,133,11.199999999999989,6117.780453968084,False,True,False,0
7480,300.1,311.3,1523,34.1,135,11.199999999999989,5438.547178310946,False,False,True,0
7481,300.2,311.4,1570,35.3,138,11.199999999999989,5803.673548486663,False,False,True,0
7482,300.2,311.4,1506,36.1,141,11.199999999999989,5693.2570386884945,True,False,False,0
7483,300.2,311.6,1510,47.5,146,11.400000000000034,7511.024435957596,False,False,True,0
7484,300.2,311.6,1671,28.8,149,11.400000000000034,5039.617271182603,False,True,False,0
7485,300.3,311.6,1312,53.4,151,11.300000000000011,7336.749819487459,False,False,True,0
7486,300.3,311.6,1595,38.8,154,11.300000000000011,6480.686765335264,False,True,False,0
7487,300.3,311.7,1635,31.8,156,11.399999999999977,5444.69422793647,False,True,False,0
7488,300.3,311.7,1707,33.6,158,11.399999999999977,6006.22249883911,False,True,False,0
7489,300.3,311.7,1545,43.5,160,11.399999999999977,7037.952942204533,False,True,False,0
7490,300.2,311.6,1751,28.0,162,11.400000000000034,5134.200154006679,False,False,True,0
7491,300.4,311.8,1707,30.0,165,11.400000000000034,5362.698659677777,False,False,True,0
7492,300.4,311.8,1320,57.9,168,11.400000000000034,8003.521444285357,False,True,False,0
7493,300.3,311.7,1319,51.4,170,11.399999999999977,7099.643349945524,False,False,True,0
7494,300.2,311.7,1448,54.2,173,11.5,8218.573933399091,False,True,False,0
7495,300.2,311.8,1436,48.2,175,11.600000000000023,7248.198794558274,False,True,False,0
7496,300.3,311.9,1609,34.0,177,11.599999999999966,5728.798923576107,False,True,False,0
7497,300.2,311.8,1464,44.5,179,11.600000000000023,6822.282606535595,False,True,False,0
7498,300.3,311.8,1483,45.1,181,11.5,7004.0027975947405,False,False,True,0
7499,300.2,311.8,1748,28.5,184,11.600000000000023,5216.92876055121,False,False,True,0
7500,300.3,311.8,1746,26.3,187,11.5,4808.7102111437525,False,True,False,0
7501,300.2,311.8,1410,51.4,189,11.600000000000023,7589.4595325422215,False,True,False,0
7502,300.2,311.7,1640,30.8,191,11.5,5289.604270604254,False,True,False,0
7503,300.3,311.7,1655,29.9,193,11.399999999999977,5182.004722218804,True,False,False,0
7504,300.3,311.7,1646,28.9,198,11.399999999999977,4981.455919189143,False,False,True,0
7505,300.4,311.8,1589,42.0,201,11.400000000000034,6988.787017175853,False,True,False,0
7506,300.5,311.9,1546,39.4,203,11.399999999999977,6378.731611750763,False,True,False,0
7507,300.5,311.9,1511,41.8,205,11.399999999999977,6614.078789406686,False,True,False,0
7508,300.5,311.9,1750,28.3,207,11.399999999999977,5186.24587230115,False,True,False,0
7509,300.5,311.9,1730,27.5,209,11.399999999999977,4982.042349817813,False,False,True,0
7510,300.6,311.9,1372,60.1,212,11.299999999999955,8634.897791852809,False,True,False,1
7511,300.5,311.8,1524,38.9,214,11.300000000000011,6208.164074611862,False,True,False,1
7512,300.4,311.8,1601,36.1,0,11.400000000000034,6052.393438871369,False,True,False,0
7513,300.5,311.8,1636,34.4,2,11.300000000000011,5893.460266526259,False,False,True,0
7514,300.4,311.8,2261,14.9,5,11.400000000000034,3527.893358250706,False,True,False,0
7515,300.4,311.8,1636,32.3,7,11.400000000000034,5533.685075837157,False,True,False,0
7516,300.4,311.9,1335,58.3,9,11.5,8150.390900840679,False,False,True,0
7517,300.3,311.7,1236,57.5,12,11.399999999999977,7442.4329963542195,False,False,True,0
7518,300.3,311.7,1445,47.3,15,11.399999999999977,7157.438182796065,False,True,False,0
7519,300.2,311.5,1500,40.8,17,11.300000000000011,6408.849013323177,False,True,False,0
7520,300.2,311.6,1999,21.0,19,11.400000000000034,4396.030600168197,False,True,False,0
7521,300.2,311.6,1529,35.5,21,11.400000000000034,5684.135948017572,False,True,False,0
7522,300.2,311.6,1467,40.7,23,11.400000000000034,6252.491946954014,False,False,True,0
7523,300.1,311.5,1334,54.0,26,11.399999999999977,7543.592279799811,False,True,False,0
7524,300.1,311.5,1343,46.2,28,11.399999999999977,6497.504758007482,False,False,True,0
7525,300.2,311.5,1639,31.1,31,11.300000000000011,5337.869605738905,False,True,False,0
7526,300.1,311.5,1383,49.1,33,11.399999999999977,7111.026387327032,True,False,False,0
7527,300.1,311.4,1660,31.4,38,11.299999999999955,5458.412515857146,False,True,False,0
7528,300.1,311.3,1470,45.2,40,11.199999999999989,6957.999409170673,False,True,False,0
7529,300.1,311.3,1748,26.6,42,11.199999999999989,4869.133509847797,False,False,True,0
7530,300.1,311.4,1467,35.7,45,11.299999999999955,5484.372543151309,False,True,False,0
7531,300.1,311.4,1617,39.3,47,11.299999999999955,6654.741470319651,False,False,True,0
7532,300.1,311.4,1377,56.7,50,11.299999999999955,8176.089128747045,True,False,False,0
7533,300.0,311.3,1629,32.1,55,11.300000000000011,5475.890242986617,False,False,True,0
7534,300.0,311.2,1504,37.9,58,11.199999999999989,5969.193593428798,False,True,False,0
7535,300.0,311.2,1418,47.3,60,11.199999999999989,7023.700583532747,False,True,False,0
7536,300.0,311.2,1629,31.7,62,11.199999999999989,5407.654850550646,False,True,False,0
7537,300.1,311.3,2579,12.5,64,11.199999999999989,3375.903105670032,False,True,False,1
7538,300.1,311.3,1305,64.7,66,11.199999999999989,8841.855443895793,False,True,False,0
7539,300.2,311.4,1450,38.5,68,11.199999999999989,5845.980329555006,False,False,True,0
7540,300.2,311.3,1487,36.9,71,11.100000000000023,5746.0043793422665,False,True,False,0
7541,300.2,311.3,1587,31.2,73,11.100000000000023,5185.1358428968815,False,False,True,0
7542,300.3,311.5,1528,40.9,76,11.199999999999989,6544.482040154161,False,False,True,0
7543,300.4,311.6,1401,49.9,79,11.200000000000045,7320.947608439902,False,False,True,0
7544,300.3,311.5,1446,45.0,82,11.199999999999989,6814.114465636261,False,True,False,0
7545,300.2,311.4,1425,44.2,84,11.199999999999989,6595.773776211771,False,True,False,0
7546,300.2,311.4,1891,22.6,86,11.199999999999989,4475.366286646852,False,True,False,0
7547,300.2,311.5,1454,42.8,88,11.300000000000011,6516.83602480257,True,False,False,0
7548,300.1,311.4,1430,40.9,93,11.299999999999955,6124.74431768354,False,True,False,0
7549,300.2,311.4,1495,43.6,95,11.199999999999989,6825.843078209663,False,True,False,0
7550,300.3,311.4,1544,41.6,97,11.099999999999966,6726.191759237795,False,True,False,0
7551,300.3,311.4,1554,34.3,99,11.099999999999966,5581.793331339129,False,False,True,0
7552,300.2,311.3,1491,37.3,102,11.100000000000023,5823.915877151294,False,False,True,0
7553,300.3,311.3,1525,40.7,105,11.0,6499.693400889483,False,True,False,0
7554,300.3,311.3,1505,39.6,107,11.0,6241.087965621483,False,True,False,0
7555,300.3,311.4,1371,50.2,109,11.099999999999966,7207.253370306487,False,False,True,0
7556,300.3,311.3,1332,60.5,112,11.0,8438.946186072902,False,True,False,0
7557,300.3,311.4,1471,37.0,114,11.099999999999966,5699.582111897722,False,True,False,0
7558,300.4,311.5,1750,27.3,116,11.100000000000023,5002.986300841745,False,False,True,0
7559,300.3,311.4,1386,48.1,119,11.099999999999966,6981.3100266603105,False,False,True,0
7560,300.4,311.4,1355,56.2,122,11.0,7974.514072117211,False,False,True,0
7561,300.3,311.3,1377,53.8,125,11.0,7757.911730627706,False,False,True,0
7562,300.3,311.1,1388,49.4,128,10.800000000000011,7180.340393240735,False,True,False,0
7563,300.3,311.1,1350,58.7,130,10.800000000000011,8298.516994457437,False,False,True,0
7564,300.4,311.2,1831,23.4,133,10.800000000000011,4486.75979600387,False,False,True,0
7565,300.3,311.2,1381,65.2,136,10.899999999999977,9429.092414680308,False,False,True,1
7566,300.3,311.2,1783,25.6,139,10.899999999999977,4779.912278485846,False,False,True,0
7567,300.3,311.0,1613,34.7,142,10.699999999999989,5861.279885777989,False,True,False,0
7568,300.2,311.0,2370,14.7,144,10.800000000000011,3648.3315486138267,False,False,True,0
7569,300.2,311.0,1627,33.7,147,10.800000000000011,5741.773701235433,False,True,False,0
7570,300.2,311.0,1255,71.8,149,10.800000000000011,9436.192414077423,False,True,False,1
7571,300.2,311.0,1777,27.5,151,10.800000000000011,5117.3926333099735,True,False,False,0
7572,300.3,311.1,1606,30.9,156,10.800000000000011,5196.7597357151635,False,True,False,0
7573,300.3,311.1,1676,28.6,158,10.800000000000011,5019.594854003724,False,True,False,0
7574,300.3,311.1,1605,37.1,160,10.800000000000011,6235.590178477701,False,True,False,0
7575,300.4,311.1,1487,37.4,162,10.700000000000045,5823.863517273734,False,True,False,0
7576,300.4,311.2,1471,46.5,164,10.800000000000011,7162.988329817407,False,True,False,0
7577,300.3,311.1,1477,44.2,166,10.800000000000011,6836.461661378797,False,False,True,0
7578,300.4,311.2,1530,32.0,169,10.800000000000011,5127.079210658542,False,True,False,0
7579,300.4,311.2,1673,28.9,171,10.800000000000011,5063.1687441090135,False,True,False,0
7580,300.4,311.2,1436,56.8,173,10.800000000000011,8541.445882384025,False,True,False,0
7581,300.4,311.3,1495,51.2,175,10.900000000000034,8015.668935879237,False,True,False,0
7582,300.4,311.2,1366,56.1,177,10.800000000000011,8024.94710618284,False,False,True,0
7583,300.4,311.2,1489,45.3,180,10.800000000000011,7063.525506404754,True,False,False,0
7584,300.3,311.1,1480,46.6,185,10.800000000000011,7222.312071092695,False,True,False,0
7585,300.4,311.2,1472,37.3,187,10.800000000000011,5749.7009866979915,False,True,False,0
7586,300.4,311.1,1397,50.8,189,10.700000000000045,7431.709693429965,False,True,False,0
7587,300.4,311.1,1589,35.5,191,10.700000000000045,5907.189026422448,False,True,False,0
7588,300.4,311.1,1405,54.1,193,10.700000000000045,7959.800946522899,False,True,False,0
7589,300.4,311.1,2013,20.1,195,10.700000000000045,4237.09742782309,False,True,False,0
7590,300.4,311.0,1802,26.0,197,10.600000000000023,4906.329966866299,False,True,False,0
7591,300.4,311.0,1433,46.1,199,10.600000000000023,6917.92315888638,False,False,True,0
7592,300.5,311.1,1296,61.3,202,10.600000000000023,8319.440001530347,False,False,True,1
7593,300.5,311.2,1551,36.6,205,10.699999999999989,5944.584450975679,False,False,True,0
7594,300.5,311.2,1270,67.5,208,10.699999999999989,8977.101007632833,False,True,False,1
7595,300.6,311.3,1531,38.5,0,10.699999999999989,6172.548885895665,False,True,False,0
7596,300.5,311.2,1397,45.2,2,10.699999999999989,6612.466105177844,True,False,False,0
7597,300.5,311.1,1547,37.2,7,10.600000000000023,6026.454355528228,False,True,False,0
7598,300.5,311.0,2074,18.9,9,10.5,4104.867793033495,False,True,False,0
7599,300.5,311.1,1491,42.6,11,10.600000000000023,6651.442798033381,False,True,False,0
7600,300.5,311.0,1759,28.3,13,10.5,5212.9179939301275,False,True,False,0
7601,300.4,311.0,1595,35.4,15,10.600000000000023,5912.79153332135,False,False,True,0
7602,300.4,311.2,1351,62.0,18,10.800000000000011,8771.536128332942,False,True,False,0
7603,300.4,311.2,1705,28.7,20,10.800000000000011,5124.304137147871,False,True,False,0
7604,300.4,311.2,1406,43.6,22,10.800000000000011,6419.488540443335,False,True,False,0
7605,300.4,311.3,1639,34.6,24,10.900000000000034,5938.594480982833,False,True,False,0
7606,300.4,311.3,2026,20.3,26,10.900000000000034,4306.893144610343,True,False,False,0
7607,300.4,311.3,1350,56.5,31,10.900000000000034,7987.499321752049,False,False,True,0
7608,300.5,311.3,1468,41.1,34,10.800000000000011,6318.245481193649,False,False,True,0
7609,300.5,311.4,1642,27.1,37,10.899999999999977,4659.840607265644,False,True,False,0
7610,300.5,311.3,1490,41.8,39,10.800000000000011,6522.155788362649,False,True,False,0
7611,300.5,311.3,1507,43.4,41,10.800000000000011,6849.069919895203,False,False,True,0
7612,300.5,311.4,1611,32.7,44,10.899999999999977,5516.605283777141,False,True,False,0
7613,300.5,311.4,1743,27.6,46,10.899999999999977,5037.732315590449,False,False,True,0
7614,300.5,311.3,1475,46.3,49,10.800000000000011,7151.573876509365,False,True,False,0
7615,300.5,311.4,1432,47.5,51,10.899999999999977,7123.037743239257,False,True,False,0
7616,300.5,311.4,1442,47.0,53,10.899999999999977,7097.276683479821,False,True,False,0
7617,300.6,311.4,1468,40.4,55,10.799999999999955,6210.635460832686,False,False,True,0
7618,300.5,311.4,1556,45.3,58,10.899999999999977,7381.360435168433,False,True,False,0
7619,300.5,311.4,1312,51.4,60,10.899999999999977,7061.965182053472,False,False,True,0
7620,300.6,311.5,1459,47.0,63,10.899999999999977,7180.947767820429,False,True,False,0
7621,300.5,311.5,1651,36.9,65,11.0,6379.7264494244,False,True,False,0
7622,300.5,311.5,1490,38.4,67,11.0,5991.645508926453,False,True,False,0
7623,300.6,311.6,1473,31.5,69,11.0,4858.944277674654,False,False,True,0
7624,300.6,311.7,1734,29.9,72,11.099999999999966,5429.363255786951,False,True,False,0
7625,300.6,311.7,1507,45.5,74,11.099999999999966,7180.476528922391,False,True,False,0
7626,300.6,311.7,1556,34.9,76,11.099999999999966,5686.743469920051,False,True,False,0
7627,300.5,311.6,1351,53.5,78,11.100000000000023,7568.986820416329,True,False,False,0
7628,300.5,311.7,1445,44.8,83,11.199999999999989,6779.138067426294,False,True,False,0
7629,300.5,311.7,1619,32.7,85,11.199999999999989,5543.999971716444,False,True,False,0
7630,300.5,311.7,1269,64.0,87,11.199999999999989,8504.919631798288,False,False,True,0
7631,300.5,311.6,1534,37.7,90,11.100000000000023,6056.13193412914,False,True,False,0
7632,300.5,311.6,1444,49.3,92,11.100000000000023,7454.915591164483,False,True,False,0
7633,300.5,311.6,1744,26.8,94,11.100000000000023,4894.517578488802,False,True,False,0
7634,300.4,311.5,1441,44.6,96,11.100000000000023,6730.192053883366,False,True,False,0
7635,300.3,311.3,1506,40.7,98,11.0,6418.71361425545,False,False,True,0
7636,300.3,311.4,1526,38.5,101,11.099999999999966,6152.390333035131,False,True,False,0
7637,300.4,311.5,1704,29.7,103,11.100000000000023,5299.741142899837,False,True,False,0
7638,300.4,311.4,1445,52.4,105,11.0,7929.170418150398,True,False,False,0
7639,300.5,311.5,1661,35.9,110,11.0,6244.428525809799,False,True,False,0
7640,300.5,311.4,1466,41.8,112,10.899999999999977,6417.100930026606,False,True,False,0
7641,300.4,311.3,1608,35.1,114,10.900000000000034,5910.466754757693,False,True,False,0
7642,300.4,311.4,1352,57.3,116,11.0,8112.597541217993,False,False,True,0
7643,300.4,311.4,1604,31.7,119,11.0,5324.664444618315,False,False,True,0
7644,300.4,311.4,1427,50.7,122,11.0,7576.359091176753,True,False,False,0
7645,300.4,311.4,1424,44.6,127,11.0,6650.79353555164,False,True,False,0
7646,300.4,311.4,1662,29.3,129,11.0,5099.496027160024,False,True,False,0
7647,300.4,311.4,1936,23.9,131,11.0,4845.424957288705,False,True,False,0
7648,300.4,311.4,1728,31.7,133,11.0,5736.296858042675,False,True,False,0
7649,300.4,311.4,1552,28.8,135,11.0,4680.7217264365045,False,True,False,0
7650,300.4,311.5,1662,29.0,137,11.100000000000023,5047.2827572573615,True,False,False,0
7651,300.3,311.4,1343,57.7,142,11.099999999999966,8114.8490159530675,False,True,False,0
7652,300.4,311.5,1476,32.6,144,11.100000000000023,5038.86328894574,False,False,True,0
7653,300.3,311.4,1346,51.1,147,11.099999999999966,7202.687588983271,False,True,False,0
7654,300.4,311.5,1492,44.6,149,11.100000000000023,6968.387608878544,False,True,False,0
7655,300.3,311.5,1540,41.5,151,11.199999999999989,6692.639549697456,False,False,True,0
7656,300.4,311.5,1596,32.5,154,11.100000000000023,5431.813698056752,False,True,False,0
7657,300.5,311.6,1541,47.8,156,11.100000000000023,7713.636218163113,False,True,False,0
7658,300.5,311.6,1661,30.0,158,11.100000000000023,5218.185397612646,False,True,False,0
7659,300.4,311.6,1359,55.4,160,11.200000000000045,7884.203755302015,False,False,True,0
7660,300.5,311.6,1528,42.4,163,11.100000000000023,6784.499718888421,False,True,False,0
7661,300.5,311.6,1246,52.9,165,11.100000000000023,6902.435107104181,False,False,True,0
7662,300.5,311.6,1575,32.5,168,11.100000000000023,5360.342465187584,False,True,False,0
7663,300.5,311.6,1658,30.4,170,11.100000000000023,5278.210761247235,False,False,True,0
7664,300.5,311.6,1385,54.8,173,11.100000000000023,7948.019974071937,False,True,False,0
7665,300.5,311.7,1454,50.3,175,11.199999999999989,7658.80495438246,True,False,False,0
7666,300.5,311.6,1497,40.5,180,11.100000000000023,6349.0016732722925,False,True,False,0
7667,300.6,311.7,1424,50.8,182,11.099999999999966,7575.343309552091,False,False,True,0
7668,300.6,311.7,1528,43.9,185,11.099999999999966,7024.517397622681,False,True,False,0
7669,300.6,311.8,1539,37.0,187,11.199999999999989,5963.057015778786,False,True,False,0
7670,300.7,311.8,1336,58.4,189,11.100000000000023,8170.486621848141,False,True,False,1
7671,300.5,311.6,1525,37.6,191,11.100000000000023,6004.630758561291,False,True,False,0
7672,300.5,311.6,1456,51.1,193,11.100000000000023,7791.317332510878,False,False,True,0
7673,300.5,311.7,2141,17.2,196,11.199999999999989,3856.3259262324946,False,False,True,0
7674,300.5,311.6,1476,39.1,199,11.100000000000023,6043.544619563756,False,False,True,0
7675,300.5,311.6,1509,47.2,202,11.100000000000023,7458.643614446743,False,True,False,0
7676,300.5,311.6,1447,45.4,204,11.100000000000023,6879.4386488799055,False,True,False,0
7677,300.6,311.7,1448,49.1,206,11.099999999999966,7445.239485791427,False,True,False,0
7678,300.6,311.7,1428,52.6,208,11.099999999999966,7865.79402235198,False,True,False,0
7679,300.6,311.7,1389,52.1,210,11.099999999999966,7578.2440467689075,False,False,True,0
7680,300.7,311.7,1635,32.4,213,11.0,5547.424307708857,False,True,False,0
7681,300.7,311.7,1395,43.7,215,11.0,6383.873351727139,False,True,False,0
7682,300.7,311.8,1443,43.7,217,11.100000000000023,6603.533510066138,False,True,False,0
7683,300.7,311.7,1412,49.1,219,11.0,7260.136846641915,False,False,True,0
7684,300.7,311.7,1524,43.5,222,11.0,6942.291445902724,False,True,False,0
7685,300.7,311.8,1407,42.4,224,11.100000000000023,6247.245487222518,False,False,True,0
7686,300.8,311.7,1397,43.5,227,10.899999999999977,6363.767158744165,False,True,False,0
7687,300.7,311.7,1504,36.9,229,11.0,5811.69508172883,False,False,True,0
7688,300.7,311.7,2097,18.9,232,11.0,4150.389470584011,False,False,True,1
7689,300.6,311.7,1553,39.8,0,11.099999999999966,6472.665232093098,False,True,False,0
7690,300.6,311.7,1432,39.2,2,11.099999999999966,5878.38062178903,False,True,False,0
7691,300.5,311.6,1577,36.5,4,11.100000000000023,6027.721464565176,False,False,True,0
7692,300.5,311.5,1370,56.1,7,11.0,8048.4462192316905,False,False,True,0
7693,300.5,311.6,1506,36.2,10,11.100000000000023,5709.027833809516,True,False,False,0
7694,300.6,311.6,1964,21.4,15,11.0,4401.329419777252,False,True,False,0
7695,300.6,311.7,1500,36.7,17,11.099999999999966,5764.822519337271,True,False,False,0
7696,300.6,311.7,1488,47.7,22,11.099999999999966,7432.756890981163,False,True,False,0
7697,300.6,311.5,1282,60.2,24,10.899999999999977,8081.893709016911,True,False,False,0
7698,300.5,311.4,1400,45.1,29,10.899999999999977,6612.005338255318,False,True,False,0
7699,300.6,311.5,1419,38.6,31,10.899999999999977,5735.8570350711725,False,True,False,0
7700,300.7,311.5,1441,40.6,33,10.800000000000011,6126.587385373647,False,False,True,0
7701,300.7,311.6,1348,62.5,36,10.900000000000034,8822.639368831335,False,False,True,0
7702,300.8,311.7,1468,38.7,39,10.899999999999977,5949.296839956063,True,False,False,0
7703,300.7,311.7,1701,30.8,44,11.0,5486.351746523072,False,False,True,0
7704,300.7,311.7,1864,23.6,47,11.0,4606.663915615881,True,False,False,0
7705,300.6,311.6,1630,31.8,52,11.0,5428.043786872444,False,False,True,0
7706,300.5,311.5,1316,49.7,55,11.0,6849.216527552371,False,True,False,0
7707,300.5,311.5,1708,31.2,57,11.0,5580.473862424621,False,True,False,0
7708,300.5,311.4,1679,27.5,59,10.899999999999977,4835.17289326249,True,False,False,0
7709,300.5,311.4,1709,32.3,64,10.899999999999977,5780.603786433802,False,True,False,0
7710,300.5,311.4,1445,41.5,66,10.899999999999977,6279.781915138197,False,True,False,0
7711,300.5,311.4,1390,51.9,68,10.899999999999977,7554.5878540873755,False,False,True,0
7712,300.4,311.4,1309,55.5,71,11.0,7607.8378495657225,False,True,False,0
7713,300.5,311.5,1499,37.6,73,11.0,5902.256725956312,False,True,False,0
7714,300.5,311.4,2072,18.8,75,10.899999999999977,4079.2114530291783,False,False,True,0
7715,300.5,311.5,1487,43.0,78,11.0,6695.885862106165,False,True,False,0
7716,300.5,311.5,1302,49.6,80,11.0,6762.718009823532,False,True,False,0
7717,300.5,311.5,1378,48.2,82,11.0,6955.444247145754,False,False,True,0
7718,300.5,311.6,1365,53.0,85,11.100000000000023,7575.950684131786,False,True,False,0
7719,300.6,311.7,1427,44.6,87,11.099999999999966,6664.805038786651,True,False,False,0
7720,300.6,311.7,1535,33.3,92,11.099999999999966,5352.802642818968,True,False,False,0
7721,300.5,311.6,1476,41.7,97,11.100000000000023,6445.417151810963,True,False,False,0
7722,300.5,311.6,1425,42.4,102,11.100000000000023,6327.167604329843,False,True,False,0
7723,300.5,311.7,1409,54.7,104,11.199999999999989,8070.992382508954,False,True,False,0
7724,300.5,311.6,1730,30.2,106,11.100000000000023,5471.188325981744,False,True,False,0
7725,300.5,311.6,1454,41.4,108,11.100000000000023,6303.6684912809915,False,False,True,0
7726,300.6,311.7,1744,26.9,111,11.099999999999966,4912.78070378167,False,True,False,0
7727,300.8,311.9,1761,29.0,113,11.099999999999966,5347.933174205905,False,False,True,0
7728,300.7,311.9,1657,30.9,116,11.199999999999989,5361.787597808235,False,False,True,0
7729,300.7,311.8,1420,47.0,119,11.100000000000023,6988.996456686093,False,True,False,0
7730,300.7,311.9,1329,59.2,121,11.199999999999989,8239.015229598448,True,False,False,0
7731,300.6,311.9,1472,44.2,126,11.299999999999955,6813.318595497351,False,True,False,0
7732,300.6,312.0,1566,30.1,128,11.399999999999977,4936.133209173355,False,True,False,0
7733,300.6,312.0,1430,42.7,130,11.399999999999977,6394.292967361545,False,True,False,0
7734,300.6,312.0,1481,40.9,132,11.399999999999977,6343.179254887639,False,True,False,0
7735,300.6,312.0,1670,29.4,134,11.399999999999977,5141.530536865055,False,True,False,0
7736,300.6,312.0,1406,55.1,136,11.399999999999977,8112.702260973115,False,True,False,0
7737,300.6,312.1,1354,46.9,138,11.5,6649.976721461706,True,False,False,0
7738,300.5,312.0,1985,19.3,143,11.5,4011.8661785117256,False,False,True,0
7739,300.5,312.0,1263,60.8,146,11.5,8041.47188354072,False,False,True,0
7740,300.5,311.9,1576,31.1,149,11.399999999999977,5132.692189532957,False,True,False,0
7741,300.5,312.0,1453,45.1,151,11.5,6862.31696891784,False,True,False,0
7742,300.5,312.0,1478,39.0,153,11.5,6036.256124607428,False,True,False,0
7743,300.5,311.9,1323,57.9,155,11.399999999999977,8021.711265749641,False,False,True,0
7744,300.5,311.9,1710,28.4,158,11.399999999999977,5085.610187631157,False,True,False,0
7745,300.4,311.7,1314,59.5,160,11.300000000000011,8187.30461452036,False,True,False,0
7746,300.4,311.7,1460,39.6,162,11.300000000000011,6054.477361998249,False,True,False,0
7747,300.4,311.7,1508,45.4,164,11.300000000000011,7169.44953870829,False,False,True,0
7748,300.5,311.8,1331,55.3,167,11.300000000000011,7707.824271753973,False,False,True,0
7749,300.4,311.7,1515,47.4,170,11.300000000000011,7520.030334897888,False,True,False,0
7750,300.4,311.6,1674,33.0,172,11.200000000000045,5784.928712320245,False,True,False,0
7751,300.4,311.7,1444,51.2,174,11.300000000000011,7742.2247113107815,False,True,False,0
7752,300.4,311.7,1398,42.6,176,11.300000000000011,6236.564072200314,False,False,True,0
7753,300.4,311.7,1832,24.2,179,11.300000000000011,4642.687511377044,False,False,True,0
7754,300.5,311.8,1591,42.0,182,11.300000000000011,6997.583476605905,False,False,True,0
7755,300.4,311.7,1478,39.9,185,11.300000000000011,6175.554342867599,False,False,True,0
7756,300.4,311.8,1362,47.6,188,11.400000000000034,6789.107388113686,False,False,True,0
7757,300.5,311.8,1368,57.9,191,11.300000000000011,8294.558587713915,False,True,False,1
7758,300.3,311.7,1723,28.3,193,11.399999999999977,5106.2295074142185,False,False,True,0
7759,300.4,311.8,1689,30.8,196,11.400000000000034,5447.647325030845,False,True,False,0
7760,300.4,311.8,1272,59.2,198,11.400000000000034,7885.648887922668,False,True,False,1
7761,300.4,311.7,1511,33.0,200,11.300000000000011,5221.641149531595,False,False,True,0
7762,300.4,311.6,1715,30.8,203,11.200000000000045,5531.5069049306685,True,False,False,0
7763,300.3,311.5,1400,43.8,0,11.199999999999989,6421.415383937536,False,False,True,0
7764,300.4,311.6,1200,76.6,3,11.200000000000045,9625.839890599125,False,True,False,1
7765,300.4,311.7,1555,38.7,5,11.300000000000011,6301.877783468446,False,False,True,0
7766,300.3,311.6,1427,56.2,8,11.300000000000011,8398.252089233403,True,False,False,0
7767,300.3,311.4,1318,52.7,13,11.099999999999966,7273.687582954401,False,True,False,0
7768,300.2,311.4,1319,54.6,15,11.199999999999989,7541.644492354586,True,False,False,0
7769,300.2,311.4,1960,20.9,20,11.199999999999989,4289.740048721743,False,False,True,0
7770,300.3,311.5,1552,38.9,23,11.199999999999989,6322.224831888195,False,True,False,0
7771,300.3,311.5,1548,32.2,25,11.199999999999989,5219.8190257925135,False,True,False,0
7772,300.3,311.6,1709,29.5,27,11.300000000000011,5279.498814235207,False,True,False,0
7773,300.3,311.5,1464,41.0,29,11.199999999999989,6285.698581302458,True,False,False,0
7774,300.3,311.4,1759,24.8,34,11.099999999999966,4568.210821535942,False,True,False,0
7775,300.3,311.5,1634,31.9,36,11.199999999999989,5458.475347710218,False,True,False,0
7776,300.3,311.5,1663,33.6,38,11.199999999999989,5851.404812870205,False,True,False,0
7777,300.3,311.5,1445,47.3,40,11.199999999999989,7157.438182796065,False,False,True,0
7778,300.3,311.5,1695,25.6,43,11.199999999999989,4543.999614152277,False,True,False,0
7779,300.4,311.6,1517,39.0,45,11.200000000000045,6195.534872144431,False,True,False,0
7780,300.5,311.7,1811,26.8,47,11.199999999999989,5082.552370781663,False,True,False,0
7781,300.4,311.6,1815,23.5,49,11.200000000000045,4466.559355241288,False,True,False,0
7782,300.4,311.7,1513,40.0,51,11.300000000000011,6337.639579841809,False,True,False,0
7783,300.4,311.6,1518,36.4,53,11.200000000000045,5786.311013087824,False,False,True,0
7784,300.3,311.5,1667,28.8,56,11.199999999999989,5027.5535553928175,False,True,False,0
7785,300.3,311.5,1403,60.1,58,11.199999999999989,8830.001167616248,False,True,False,0
7786,300.2,311.5,1383,42.1,60,11.300000000000011,6097.234438013606,False,True,False,0
7787,300.3,311.5,1466,46.2,62,11.199999999999989,7092.58523845046,False,True,False,0
7788,300.3,311.5,1378,47.5,64,11.199999999999989,6854.43157135733,False,True,False,0
7789,300.2,311.5,1547,40.9,66,11.300000000000011,6625.859761857648,False,False,True,0
7790,300.2,311.5,1495,38.5,69,11.300000000000011,6027.407305299817,False,True,False,0
7791,300.1,311.4,1729,29.3,71,11.299999999999955,5305.071378435428,False,True,False,0
7792,300.1,311.4,1418,47.7,73,11.299999999999955,7083.097628636619,False,True,False,0
7793,300.1,311.4,1485,40.4,75,11.299999999999955,6282.556988648868,True,False,False,0
7794,300.1,311.5,1434,40.8,80,11.399999999999977,6126.859656736958,False,True,False,0
7795,300.2,311.6,1415,55.8,82,11.400000000000034,8268.357704982976,False,False,True,0
7796,300.1,311.6,1674,29.6,85,11.5,5188.905754081189,True,False,False,0
7797,300.1,311.5,1454,52.4,90,11.399999999999977,7978.556254664829,False,True,False,0
7798,300.0,311.4,1476,39.0,92,11.399999999999977,6028.087983708095,False,True,False,0
7799,300.0,311.5,1812,28.3,94,11.5,5369.987154634105,False,True,False,0
7800,300.0,311.4,1374,41.9,96,11.399999999999977,6028.779134091885,False,True,False,0
7801,300.1,311.4,1524,40.6,98,11.299999999999955,6479.472016175876,False,False,True,0
7802,300.0,311.4,1383,49.6,101,11.399999999999977,7183.4400979922775,False,True,False,0
7803,299.9,311.3,1429,58.2,103,11.400000000000034,8709.31164984084,False,True,False,0
7804,299.8,311.3,1517,41.2,105,11.5,6545.026582880783,False,False,True,0
7805,299.9,311.4,1480,44.9,108,11.5,6958.837167211631,False,False,True,0
7806,299.9,311.4,1706,28.8,111,11.5,5145.1747843432195,False,True,False,0
7807,300.0,311.5,1349,48.6,113,11.5,6865.573753302063,False,True,False,0
7808,300.0,311.5,1451,49.0,115,11.5,7445.46986925269,False,False,True,0
7809,299.9,311.4,1627,36.7,118,11.5,6252.910825974493,False,True,False,0
7810,300.0,311.4,1537,35.4,120,11.399999999999977,5697.780932109664,False,False,True,0
7811,300.1,311.5,2218,17.0,123,11.399999999999977,3948.563086541891,False,True,False,0
7812,300.0,311.4,1466,39.0,125,11.399999999999977,5987.247279211428,False,False,True,0
7813,300.0,311.5,1666,32.0,128,11.5,5582.819584939301,False,True,False,0
7814,300.0,311.5,1455,41.7,130,11.5,6353.714062252678,False,True,False,0
7815,300.0,311.4,1927,24.6,132,11.399999999999977,4964.156215643376,False,True,False,0
7816,299.9,311.3,1703,28.4,134,11.400000000000034,5064.791900313368,False,False,True,0
7817,299.8,311.2,1533,35.9,137,11.399999999999977,5763.220307083939,False,True,False,0
7818,299.8,311.3,1785,25.4,139,11.5,4747.888977370254,True,False,False,0
7819,299.8,311.2,2142,16.6,144,11.399999999999977,3723.5412767407665,False,True,False,0
7820,299.8,311.2,1369,46.2,146,11.399999999999977,6623.294127857217,False,True,False,0
7821,299.8,311.2,1706,29.2,148,11.399999999999977,5216.635545236875,False,False,True,0
7822,299.9,311.3,1802,24.4,151,11.400000000000034,4604.401968905296,False,True,False,0
7823,299.9,311.3,1413,41.8,153,11.400000000000034,6185.104784534512,True,False,False,0
7824,300.0,311.3,1484,53.2,158,11.300000000000011,8267.499002990995,False,True,False,0
7825,299.9,311.3,1535,38.1,160,11.400000000000034,6124.377798540622,False,True,False,0
7826,299.9,311.2,1579,35.5,162,11.300000000000011,5870.013513354968,False,False,True,0
7827,299.8,311.1,1300,64.2,165,11.300000000000011,8739.910762286803,False,True,False,0
7828,299.8,311.1,1452,44.3,167,11.300000000000011,6735.951640414947,False,False,True,0
7829,299.8,311.1,1562,35.7,170,11.300000000000011,5839.529592639636,False,False,True,0
7830,299.8,311.2,1664,28.3,173,11.399999999999977,4931.378932290922,False,True,False,0
7831,299.9,311.2,1495,35.8,175,11.300000000000011,5604.70601375931,True,False,False,0
7832,300.0,311.4,1533,42.6,180,11.399999999999977,6838.807383893477,False,False,True,0
7833,300.0,311.4,1484,37.0,183,11.399999999999977,5749.952314110278,False,True,False,0
7834,300.0,311.4,1604,38.7,185,11.399999999999977,6500.457855101857,False,True,False,0
7835,300.0,311.4,1483,45.6,187,11.399999999999977,7081.652496015968,False,True,False,0
7836,300.1,311.5,1549,34.7,189,11.399999999999977,5628.718253608248,False,True,False,0
7837,300.1,311.4,1604,35.0,191,11.299999999999955,5878.967052417699,False,True,False,0
7838,300.2,311.5,1685,31.0,193,11.300000000000011,5470.036408675428,False,True,False,0
7839,300.2,311.6,1372,49.2,195,11.400000000000034,7068.834797989322,False,True,False,0
7840,300.3,311.6,1374,47.4,197,11.300000000000011,6820.146323531153,False,True,False,0
7841,300.2,311.6,1606,31.0,199,11.400000000000034,5213.577728387381,False,True,False,0
7842,300.1,311.5,1471,47.2,201,11.399999999999977,7270.818261664121,False,True,False,0
7843,300.1,311.5,1659,31.1,203,11.399999999999977,5403.005293423334,False,True,False,0
7844,300.1,311.7,1400,48.5,205,11.599999999999966,7110.471372624898,False,False,True,0
7845,300.1,311.7,1503,42.6,208,11.599999999999966,6704.975536850552,False,True,False,0
7846,300.2,311.8,1798,23.2,210,11.600000000000023,4368.23797715944,False,True,False,0
7847,300.2,311.6,1608,35.0,212,11.400000000000034,5893.627818134451,False,False,True,0
7848,300.2,311.6,1322,50.9,215,11.400000000000034,7046.571378050882,False,True,False,0
7849,300.2,311.6,1547,37.7,217,11.400000000000034,6107.455086113285,True,False,False,0
7850,300.3,311.7,1374,47.9,222,11.399999999999977,6892.0887952983585,False,False,True,1
7851,300.3,311.7,1447,36.8,0,11.399999999999977,5576.285072219835,False,False,True,0
7852,300.4,311.7,1373,47.2,3,11.300000000000011,6786.426562382623,False,True,False,0
7853,300.3,311.7,1515,37.5,5,11.399999999999977,5949.39108773567,False,True,False,0
7854,300.3,311.7,1317,56.5,7,11.399999999999977,7792.249338331443,False,True,False,0
7855,300.3,311.8,1551,37.2,9,11.5,6042.0366550900335,False,True,False,0
7856,300.3,311.8,1592,32.1,11,11.5,5351.5145898309975,False,False,True,0
7857,300.4,311.8,1433,42.2,14,11.400000000000034,6332.675863449138,False,True,False,0
7858,300.5,311.9,1432,43.1,16,11.399999999999977,6463.219510181306,False,True,False,0
7859,300.5,311.9,1350,51.7,18,11.399999999999977,7308.915308576653,False,True,False,0
7860,300.5,311.9,1370,44.8,20,11.399999999999977,6427.279690224237,False,False,True,0
7861,300.5,312.0,1415,44.6,23,11.5,6608.759025846608,False,True,False,0
7862,300.5,312.0,1498,42.9,25,11.5,6729.731286960839,False,True,False,0
7863,300.5,312.0,1382,54.1,27,11.5,7829.498155227506,False,False,True,0
7864,300.5,311.9,1511,44.5,30,11.399999999999977,7041.303974368363,False,False,True,0
7865,300.5,311.9,1330,59.5,33,11.399999999999977,8286.997821394276,False,True,False,0
7866,300.5,311.9,1383,50.5,35,11.399999999999977,7313.784777189718,False,True,False,0
7867,300.5,311.9,1431,49.4,37,11.399999999999977,7402.786097065916,False,True,False,0
7868,300.5,312.0,1461,38.1,39,11.5,5829.130920956253,False,True,False,0
7869,300.4,311.9,1438,46.7,41,11.5,7032.413267158704,True,False,False,0
7870,300.5,312.0,1779,27.7,46,11.5,5160.4115087131295,False,False,True,0
7871,300.6,312.1,1293,52.3,49,11.5,7081.55824823636,False,False,True,0
7872,300.6,312.2,1308,54.7,52,11.599999999999966,7492.447151399369,False,True,False,0
7873,300.6,312.3,1532,37.2,54,11.699999999999989,5968.020732171458,False,True,False,0
7874,300.7,312.4,1470,38.6,56,11.699999999999989,5942.008344999735,False,True,False,0
7875,300.7,312.3,1548,37.9,58,11.600000000000023,6143.824257066342,False,True,False,0
7876,300.7,312.3,1898,24.0,60,11.600000000000023,4770.194285210741,False,True,False,0
7877,300.7,312.2,1335,49.0,62,11.5,6850.242781152544,True,False,False,0
7878,300.7,312.3,1420,53.8,67,11.600000000000023,8000.170412121527,False,True,False,0
7879,300.7,312.3,1418,49.0,69,11.600000000000023,7276.1380252242,False,True,False,0
7880,300.8,312.3,1535,40.3,71,11.5,6478.016411579712,False,False,True,0
7881,300.7,312.4,1457,47.2,74,11.699999999999989,7201.619447481051,True,False,False,0
7882,300.8,312.4,1493,39.1,79,11.599999999999966,6113.151840791795,False,True,False,0
7883,300.7,312.3,1670,27.3,81,11.600000000000023,4774.278355660408,True,False,False,0
7884,300.7,312.3,1446,45.4,86,11.600000000000023,6874.684371997471,True,False,False,0
7885,300.8,312.4,1465,59.1,91,11.599999999999966,9066.793477892823,False,True,False,1
7886,300.7,312.3,1590,36.3,93,11.600000000000023,6044.110106241402,False,True,False,0
7887,300.6,312.2,2174,18.5,95,11.599999999999966,4211.723831157597,False,False,True,0
7888,300.7,312.4,1590,37.9,98,11.699999999999989,6310.5171632658175,False,True,False,0
7889,300.7,312.3,1577,33.2,100,11.600000000000023,5482.7493869469545,False,True,False,0
7890,300.7,312.4,1371,61.7,102,11.699999999999989,8858.317389400603,False,False,True,0
7891,300.8,312.4,1767,25.6,105,11.599999999999966,4737.019066788834,False,True,False,0
7892,300.8,312.5,1517,39.2,107,11.699999999999989,6227.3068458477355,False,True,False,0
7893,300.9,312.6,1555,40.6,109,11.700000000000045,6611.27229996948,False,False,True,0
7894,300.9,312.7,1416,43.8,112,11.800000000000011,6494.802988325394,False,True,False,0
7895,300.8,312.6,1588,35.6,114,11.800000000000011,5920.100972228702,False,False,True,0
7896,300.8,312.6,1422,50.0,117,11.800000000000011,7445.57458900781,False,True,False,0
7897,300.8,312.6,1376,53.6,119,11.800000000000011,7723.458931193339,False,True,False,0
7898,300.8,312.5,1434,50.7,121,11.699999999999989,7613.52413226872,False,True,False,0
7899,300.8,312.5,1423,47.3,123,11.699999999999989,7048.466805618547,False,True,False,0
7900,300.9,312.4,1364,52.5,125,11.5,7498.981664118835,False,True,False,0
7901,300.8,312.4,1825,23.8,127,11.599999999999966,4548.502563622422,False,True,False,0
7902,300.8,312.4,1365,44.5,129,11.599999999999966,6360.939725355934,False,True,False,0
7903,300.7,312.3,1430,47.2,131,11.600000000000023,7068.164591556556,False,False,True,0
7904,300.8,312.3,1435,44.8,134,11.5,6732.223617132686,False,True,False,0
7905,300.8,312.4,1811,25.1,136,11.599999999999966,4760.151660694767,False,False,True,0
7906,300.8,312.4,1465,43.7,139,11.599999999999966,6704.211082638179,False,False,True,0
7907,300.9,312.4,1372,51.0,142,11.5,7327.450705232834,False,True,False,0
7908,300.8,312.3,1858,26.3,144,11.5,5117.172721824222,False,True,False,0
7909,300.7,312.3,1715,26.8,146,11.600000000000023,4813.129384809802,False,True,False,0
7910,300.7,312.2,1590,38.5,148,11.5,6410.419809649972,False,True,False,0
7911,300.8,312.2,1664,25.7,150,11.399999999999977,4478.3193837412255,False,False,True,0
7912,300.7,312.1,1512,36.9,153,11.400000000000034,5842.608353440153,False,True,False,0
7913,300.7,312.1,1498,44.0,155,11.400000000000034,6902.288499447014,False,True,False,0
7914,300.7,312.1,1395,41.9,157,11.400000000000034,6120.922046621673,False,True,False,0
7915,300.7,312.1,1490,43.1,159,11.400000000000034,6724.997954029431,True,False,False,0
7916,300.8,312.1,1527,35.1,164,11.300000000000011,5612.738018976988,True,False,False,0
7917,300.8,312.1,1512,37.1,169,11.300000000000011,5874.275607388339,False,True,False,0
7918,300.9,312.1,1474,42.4,171,11.200000000000045,6544.733367566448,False,True,False,0
7919,300.8,312.1,1505,41.3,173,11.300000000000011,6509.013459095131,False,True,False,0
7920,300.8,312.0,1496,40.0,175,11.199999999999989,6266.430146360441,False,True,False,0
7921,300.8,312.0,1382,49.3,177,11.199999999999989,7134.82918766573,False,True,False,0
7922,300.7,311.9,1419,47.7,179,11.199999999999989,7088.0927609558275,False,True,False,0
7923,300.7,311.9,1462,39.7,181,11.199999999999989,6078.08119480222,False,True,False,0
7924,300.8,312.0,1450,45.0,183,11.199999999999989,6832.9640215578,False,False,True,0
7925,300.7,311.9,1389,46.5,186,11.199999999999989,6763.691903546145,True,False,False,0
7926,300.7,311.9,1697,28.2,191,11.199999999999989,5011.405769153366,False,False,True,0
7927,300.7,311.9,1335,57.1,194,11.199999999999989,7982.629853138985,False,True,False,1
7928,300.7,311.9,1476,42.0,196,11.199999999999989,6491.787059377948,False,True,False,0
7929,300.6,311.7,1497,43.6,198,11.099999999999966,6834.974640856098,False,True,False,0
7930,300.6,311.6,1669,29.2,200,11.0,5103.496321805595,False,False,True,0
7931,300.6,311.6,1455,48.0,203,11.0,7313.627697557038,False,True,False,0
7932,300.7,311.7,1499,38.4,205,11.0,6027.836656295807,False,True,False,0
7933,300.7,311.8,1478,41.9,207,11.100000000000023,6485.105939001313,False,True,False,0
7934,300.8,311.8,1928,21.8,209,11.0,4401.413195581348,False,True,False,0
7935,300.8,311.9,1621,28.3,211,11.099999999999966,4803.945462285808,False,False,True,0
7936,300.8,311.9,1356,44.3,214,11.099999999999966,6290.599465842058,False,False,True,0
7937,300.8,311.7,1490,46.4,217,10.899999999999977,7239.904989952797,False,True,False,0
7938,300.8,311.7,1578,31.4,219,10.899999999999977,5188.780090375046,False,True,False,0
7939,300.8,311.7,1681,31.3,221,10.899999999999977,5509.861331547435,False,True,False,0
7940,300.8,311.8,1417,43.4,223,11.0,6440.034556397812,False,True,False,0
7941,300.7,311.7,1532,40.0,0,11.0,6417.22659373275,False,False,True,0
7942,300.7,311.7,1499,38.9,3,11.0,6106.324112757992,False,False,True,0
7943,300.8,311.7,1432,45.8,6,10.899999999999977,6868.107971375956,False,True,False,0
7944,300.8,311.7,1753,29.0,8,10.899999999999977,5323.6381910181435,False,True,False,0
7945,300.8,311.7,1414,49.0,10,10.899999999999977,7255.612953220747,False,True,False,0
7946,300.8,311.7,1655,32.2,12,10.899999999999977,5580.62047008179,False,True,False,0
7947,300.8,311.6,1516,35.6,14,10.800000000000011,5651.683295905989,False,True,False,0
7948,300.8,311.7,1426,45.5,16,10.899999999999977,6794.531871428884,False,True,False,0
7949,300.8,311.7,1479,39.4,18,10.899999999999977,6102.292402185885,False,True,False,0
7950,300.7,311.5,1569,36.4,20,10.800000000000011,5980.712766491961,False,False,True,0
7951,300.8,311.6,1568,36.0,23,10.800000000000011,5911.2207369945545,False,True,False,0
7952,300.9,311.8,1843,24.5,25,10.900000000000034,4728.4634627955575,False,False,True,0
7953,300.9,311.9,1480,40.9,28,11.0,6338.896216903245,False,False,True,0
7954,301.0,312.0,1447,36.8,31,11.0,5576.285072219835,False,True,False,0
7955,301.0,311.9,1454,41.9,33,10.899999999999977,6379.7997532529835,False,True,False,0
7956,300.9,311.9,1310,56.1,35,11.0,7695.959523498916,False,False,True,0
7957,300.9,311.9,1513,38.0,38,11.0,6020.757600849719,True,False,False,0
7958,300.9,311.9,2140,16.5,43,11.0,3697.654553275186,True,False,False,0
7959,301.0,312.1,1377,49.9,48,11.100000000000023,7195.535229708598,False,True,False,0
7960,301.0,312.1,1585,32.3,50,11.100000000000023,5361.180223228541,False,True,False,0
7961,301.1,312.2,1491,42.6,52,11.099999999999966,6651.442798033381,True,False,False,0
7962,301.0,312.2,1264,59.0,57,11.199999999999989,7809.580457803747,False,True,False,0
7963,301.0,312.2,1372,47.0,59,11.199999999999989,6752.7486891361405,False,True,False,0
7964,301.0,312.2,1510,39.9,61,11.199999999999989,6309.260526204382,False,True,False,0
7965,300.9,312.1,1423,40.2,63,11.200000000000045,5990.451703718089,False,True,False,0
7966,301.1,312.3,1464,35.3,65,11.199999999999989,5411.833168779921,False,True,False,0
7967,301.0,312.2,1602,35.9,67,11.199999999999989,6022.621612490848,False,True,False,0
7968,301.0,312.2,1629,32.6,69,11.199999999999989,5561.18448353158,False,False,True,0
7969,300.9,312.2,1811,23.2,72,11.300000000000011,4399.821455303529,False,True,False,0
7970,300.9,312.1,1711,28.8,74,11.200000000000045,5160.254429080451,False,True,False,0
7971,300.9,312.1,1297,48.6,76,11.200000000000045,6600.925988163658,False,False,True,0
7972,301.0,312.1,1405,46.1,79,11.100000000000023,6782.750898977923,False,True,False,0
7973,301.1,312.2,1397,54.9,81,11.099999999999966,8031.513034828842,False,True,False,0
7974,301.1,312.3,1682,29.7,83,11.199999999999989,5231.317254904651,False,True,False,0
7975,301.2,312.3,1528,38.4,85,11.100000000000023,6144.452575597061,False,True,False,0
7976,301.2,312.3,1548,38.3,87,11.100000000000023,6208.666729436435,False,False,True,0
7977,301.2,312.4,1395,47.8,90,11.199999999999989,6982.817991134033,True,False,False,0
7978,301.2,312.4,1378,59.0,95,11.199999999999989,8513.925530738577,False,True,False,0
7979,301.2,312.4,1480,53.5,97,11.199999999999989,8291.71021037466,False,True,False,0
7980,301.2,312.4,1428,36.6,99,11.199999999999989,5473.157057377994,False,False,True,0
7981,301.2,312.4,1505,39.6,102,11.199999999999989,6241.087965621483,False,False,True,0
7982,301.0,312.3,1445,36.4,105,11.300000000000011,5508.049679783864,False,True,False,0
7983,301.0,312.3,1488,42.6,107,11.300000000000011,6638.059613329089,False,True,False,0
7984,301.0,312.2,1601,33.0,109,11.199999999999989,5532.658822236985,False,True,False,0
7985,301.0,312.3,1550,34.9,111,11.300000000000011,5664.815153197995,False,True,False,0
7986,301.0,312.2,1540,34.1,113,11.199999999999989,5499.253220353813,False,True,False,0
7987,301.1,312.3,1587,34.5,115,11.199999999999989,5733.563672434052,False,True,False,0
7988,301.0,312.2,1489,40.3,117,11.199999999999989,6283.886929538888,True,False,False,0
7989,301.1,312.3,1486,34.9,122,11.199999999999989,5430.913108162723,False,True,False,0
7990,301.1,312.4,1430,37.9,124,11.299999999999955,5675.4965682202,False,True,False,0
7991,301.1,312.4,1809,25.1,126,11.299999999999955,4754.89472898776,False,False,True,0
7992,301.1,312.3,1534,39.0,129,11.199999999999989,6264.964069788765,False,True,False,0
7993,301.1,312.3,1852,25.9,131,11.199999999999989,5023.071549873695,False,False,True,0
7994,301.1,312.3,1595,31.9,134,11.199999999999989,5328.193500365849,False,True,False,0
7995,301.0,312.3,1424,43.5,136,11.300000000000011,6486.760511132205,False,True,False,0
7996,301.0,312.2,1776,28.8,138,11.199999999999989,5356.289810664453,False,True,False,0
7997,301.0,312.2,1499,41.5,140,11.199999999999989,6514.458886361354,False,False,True,0
7998,301.0,312.2,2710,9.7,143,11.199999999999989,2752.7682028304957,False,False,True,1
7999,300.9,312.1,1359,51.7,146,11.200000000000045,7357.641410633832,False,True,False,0
8000,300.9,312.1,1617,31.0,148,11.200000000000045,5249.287164883185,False,False,True,0
8001,300.8,312.0,1443,53.3,151,11.199999999999989,8054.195333787759,False,False,True,0
8002,300.8,312.0,1374,50.2,154,11.199999999999989,7223.024165427509,False,True,False,0
8003,300.9,312.1,1851,23.0,156,11.200000000000045,4458.234134709275,False,False,True,0
8004,300.8,312.0,1274,67.3,159,11.199999999999989,8978.692747910653,False,False,True,0
8005,300.9,312.0,1533,44.0,162,11.100000000000023,7063.5569223312905,False,True,False,0
8006,300.8,312.0,1477,37.3,164,11.199999999999989,5769.231221027808,False,True,False,0
8007,300.9,312.1,1462,46.0,166,11.200000000000045,7042.612971307359,False,True,False,0
8008,301.0,312.1,1664,28.4,168,11.100000000000023,4948.804299542833,False,False,True,0
8009,300.8,311.9,1414,41.1,171,11.099999999999966,6085.830456681076,False,True,False,0
8010,300.9,312.0,2129,17.8,173,11.100000000000023,3968.480783965651,True,False,False,0
8011,300.8,311.8,1323,61.1,178,11.0,8465.052821024234,False,True,False,0
8012,300.8,311.8,1427,43.3,180,11.0,6470.539421064169,False,True,False,0
8013,300.9,312.0,1375,56.1,182,11.100000000000023,8077.820110542755,False,False,True,0
8014,300.9,312.0,1402,50.7,185,11.100000000000023,7443.626801562585,False,False,True,0
8015,300.9,312.0,1500,44.2,188,11.100000000000023,6942.919764433443,False,True,False,0
8016,301.0,312.0,1558,37.5,190,11.0,6118.251692866122,False,False,True,0
8017,300.9,312.0,1447,41.4,193,11.100000000000023,6273.320706247314,False,False,True,0
8018,301.0,312.0,1518,39.3,196,11.0,6247.30831907559,False,True,False,0
8019,301.0,311.9,1889,23.5,198,10.899999999999977,4648.667009394377,False,True,False,0
8020,301.0,312.1,1675,30.7,200,11.100000000000023,5384.951607640704,False,True,False,0
8021,300.9,312.0,1720,27.9,202,11.100000000000023,5025.291608682232,True,False,False,0
8022,301.0,312.0,1499,34.6,207,11.0,5431.331987183202,False,False,True,0
8023,300.9,312.0,1441,43.8,210,11.100000000000023,6609.471120181422,False,True,False,0
8024,300.9,312.0,1397,42.7,212,11.100000000000023,6246.732360422433,True,False,False,0
8025,300.9,312.0,1493,38.7,217,11.100000000000023,6050.613203034334,False,True,False,0
8026,300.8,312.0,1422,50.7,219,11.199999999999989,7549.81263325392,False,False,True,0
8027,300.7,311.9,1399,50.2,222,11.199999999999989,7354.447458102682,False,True,False,1
8028,300.6,311.9,1425,44.9,224,11.299999999999955,6700.231731943631,False,True,False,0
8029,300.6,311.8,1501,44.8,226,11.199999999999989,7041.858989070497,False,True,False,0
8030,300.6,311.9,1629,35.3,0,11.299999999999955,6021.773382474379,False,False,True,0
8031,300.6,312.0,1490,42.2,3,11.399999999999977,6584.568762413967,False,True,False,0
8032,300.7,312.0,1550,32.4,5,11.300000000000011,5259.026102109314,False,True,False,0
8033,300.8,312.0,1416,46.5,7,11.199999999999989,6895.167556098878,False,True,False,0
8034,300.7,311.9,1485,38.8,9,11.199999999999989,6033.742850484556,False,True,False,0
8035,300.7,311.8,1564,36.8,11,11.100000000000023,6027.166449863042,False,True,False,0
8036,300.7,311.7,1910,19.7,13,11.0,3940.290225887438,False,True,False,0
8037,300.7,311.7,1460,46.1,15,11.0,7048.267838083821,False,True,False,0
8038,300.7,311.8,1603,34.1,17,11.100000000000023,5724.222670277379,False,True,False,0
8039,300.7,311.8,1486,47.3,19,11.100000000000023,7360.521203899622,False,True,False,0
8040,300.8,311.9,1560,31.8,21,11.099999999999966,5194.937611976082,False,True,False,0
8041,300.8,311.9,1498,39.3,23,11.099999999999966,6164.998591551537,False,True,False,0
8042,300.8,311.9,1431,48.5,25,11.099999999999966,7267.917524447306,True,False,False,0
8043,300.8,311.9,1486,45.1,30,11.099999999999966,7018.1713804624305,False,True,False,0
8044,300.7,311.9,1486,35.8,32,11.199999999999989,5570.9653086597555,False,True,False,0
8045,300.7,311.8,1441,38.1,34,11.100000000000023,5749.3344675550725,False,True,False,0
8046,300.7,311.9,1366,55.1,36,11.199999999999989,7881.899920689384,False,False,True,0
8047,300.6,311.8,1471,41.4,39,11.199999999999989,6377.370254934208,False,True,False,0
8048,300.6,311.9,1463,38.2,41,11.299999999999955,5852.431066470378,False,True,False,0
8049,300.6,311.9,1413,41.3,43,11.299999999999955,6111.120277542473,False,True,False,0
8050,300.6,311.9,1604,30.5,45,11.299999999999955,5123.099859963995,True,False,False,0
8051,300.7,312.0,1401,51.1,50,11.300000000000011,7497.002460747075,False,True,False,0
8052,300.6,311.8,1652,27.2,52,11.199999999999989,4705.51936444884,False,True,False,0
8053,300.5,311.9,1403,45.7,54,11.399999999999977,6714.327010982738,False,True,False,0
8054,300.5,311.9,1887,21.7,56,11.399999999999977,4288.054060664316,False,True,False,0
8055,300.4,311.8,1405,47.9,58,11.400000000000034,7047.587159675542,False,True,False,0
8056,300.2,311.6,1496,41.1,60,11.400000000000034,6438.756975385352,True,False,False,0
8057,300.1,311.5,1499,43.4,65,11.399999999999977,6812.711220917658,False,True,False,0
8058,300.2,311.5,1549,37.2,67,11.300000000000011,6034.245505309131,False,True,False,0
8059,300.3,311.6,1515,44.9,69,11.300000000000011,7123.404262382176,False,True,False,0
8060,300.2,311.6,1540,37.7,71,11.400000000000034,6079.8195427372075,False,True,False,0
8061,300.2,311.5,1426,44.3,73,11.300000000000011,6615.335426468122,True,False,False,0
8062,300.2,311.6,1465,41.4,78,11.400000000000034,6351.357867762485,False,False,True,0
8063,300.3,311.6,1359,54.1,81,11.300000000000011,7699.195363932115,False,False,True,0
8064,300.3,311.7,1551,36.4,84,11.399999999999977,5912.100382937559,False,False,True,0
8065,300.5,311.8,1596,34.8,87,11.300000000000011,5816.218975149999,False,True,False,0
8066,300.5,311.9,1670,26.3,89,11.399999999999977,4599.396364610577,False,False,True,0
8067,300.4,311.9,1868,21.3,92,11.5,4166.63150460307,False,True,False,0
8068,300.6,312.0,1490,39.8,94,11.399999999999977,6210.090918106062,False,False,True,0
8069,300.5,311.9,1676,35.2,97,11.399999999999977,6177.962897235352,False,False,True,0
8070,300.5,311.9,1875,22.1,100,11.399999999999977,4339.324852770902,False,False,True,0
8071,300.5,312.0,1867,23.0,103,11.5,4496.77100459331,False,False,True,0
8072,300.5,312.0,1646,29.5,106,11.5,5084.87714934532,False,True,False,0
8073,300.5,312.0,1375,43.2,108,11.5,6220.353454107791,True,False,False,0
8074,300.5,312.0,1558,36.7,113,11.5,5987.728990084978,False,True,False,0
8075,300.4,312.0,1631,34.9,115,11.600000000000023,5960.847428945761,False,True,False,0
8076,300.4,312.0,1366,43.0,117,11.600000000000023,6151.028976218576,False,True,False,0
8077,300.3,311.8,1360,48.0,119,11.5,6836.105614211389,False,True,False,0
8078,300.3,311.8,1547,39.7,121,11.5,6431.458008453513,False,True,False,0
8079,300.3,311.7,1571,31.2,123,11.399999999999977,5132.859741141147,False,True,False,0
8080,300.2,311.5,1528,36.1,125,11.300000000000011,5776.425468204528,False,True,False,0
8081,300.2,311.5,1432,43.6,127,11.300000000000011,6538.198854846982,True,False,False,0
8082,300.2,311.6,1356,53.5,132,11.400000000000034,7596.999354910838,False,True,False,0
8083,300.1,311.5,1422,46.2,134,11.399999999999977,6879.710920243217,True,False,False,0
8084,300.1,311.4,1438,42.2,139,11.299999999999955,6354.771731779386,False,True,False,0
8085,300.2,311.4,1483,44.4,141,11.199999999999989,6895.293219805021,False,True,False,0
8086,300.2,311.4,1331,49.8,143,11.199999999999989,6941.223304400504,False,True,False,0
8087,300.2,311.4,1463,37.5,145,11.199999999999989,5745.187565252334,False,True,False,0
8088,300.1,311.4,1446,40.6,147,11.299999999999955,6147.8454956629375,False,True,False,0
8089,300.1,311.4,1356,45.7,149,11.299999999999955,6489.3994489612205,False,True,False,0
8090,300.1,311.3,1676,30.3,151,11.199999999999989,5317.962380290658,False,True,False,0
8091,300.1,311.4,1910,23.0,153,11.299999999999955,4600.338842406653,False,True,False,0
8092,300.2,311.6,1375,56.9,155,11.400000000000034,8193.01184117438,False,True,False,0
8093,300.2,311.6,1513,40.8,157,11.400000000000034,6464.392371438645,False,False,True,0
8094,300.2,311.6,1511,35.7,160,11.400000000000034,5648.866334493271,False,True,False,0
8095,300.2,311.6,1662,28.8,162,11.400000000000034,5012.473910655586,True,False,False,0
8096,300.2,311.7,1493,48.3,167,11.5,7551.540509213392,False,True,False,0
8097,300.2,311.7,1555,37.4,169,11.5,6090.186798494053,False,False,True,0
8098,300.3,311.7,1452,41.5,172,11.399999999999977,6310.203004000458,False,True,False,0
8099,300.2,311.6,1500,39.0,174,11.400000000000034,6126.105674500096,False,True,False,0
8100,300.2,311.7,1603,30.5,176,11.5,5119.905907432845,False,True,False,0
8101,300.3,311.7,1682,27.8,178,11.399999999999977,4896.653861493242,False,True,False,0
8102,300.3,311.8,1567,37.7,180,11.5,6186.413781473509,False,True,False,0
8103,300.3,311.8,1413,46.0,182,11.5,6806.574643267645,False,True,False,0
8104,300.3,311.9,1429,41.6,184,11.599999999999966,6225.212450745343,False,False,True,0
8105,300.3,311.9,1692,31.5,187,11.599999999999966,5581.353508367626,False,True,False,0
8106,300.4,311.9,1476,48.7,189,11.5,7527.381661707287,False,True,False,0
8107,300.4,312.0,1596,30.4,191,11.600000000000023,5080.8349667977,False,False,True,0
8108,300.3,311.9,1390,49.0,194,11.599999999999966,7132.4625212000265,True,False,False,0
8109,300.3,311.8,1607,33.7,199,11.5,5671.192586284783,False,False,True,0
8110,300.3,311.7,1821,26.3,202,11.399999999999977,5015.269928117282,False,True,False,0
8111,300.3,311.8,2141,18.5,204,11.5,4147.792420657044,True,False,False,0
8112,300.4,311.8,1553,33.1,209,11.400000000000034,5383.045708097527,False,False,True,1
8113,300.4,311.8,1442,45.1,0,11.400000000000034,6810.365498402977,False,False,True,0
8114,300.4,311.7,1459,45.6,3,11.300000000000011,6967.047196013013,False,True,False,0
8115,300.4,311.8,2496,13.5,5,11.400000000000034,3528.6368685120556,True,False,False,0
8116,300.4,311.8,1367,57.2,10,11.400000000000034,8188.288980218485,False,True,False,0
8117,300.3,311.8,2004,19.6,12,11.5,4113.224429492045,False,True,False,0
8118,300.3,311.7,1406,47.5,14,11.399999999999977,6993.708845666478,False,True,False,0
8119,300.3,311.8,1548,33.0,16,11.5,5349.5039705327,False,True,False,0
8120,300.3,311.7,1333,55.2,18,11.399999999999977,7705.447133312758,False,True,False,0
8121,300.2,311.6,1767,26.4,20,11.400000000000034,4885.050912625984,False,True,False,0
8122,300.2,311.6,1827,27.0,22,11.400000000000034,5165.720800297697,False,True,False,0
8123,300.2,311.6,1533,46.4,24,11.400000000000034,7448.841845367542,False,False,True,0
8124,300.2,311.5,1515,36.8,27,11.300000000000011,5838.335787431271,True,False,False,0
8125,300.2,311.4,1568,41.0,32,11.199999999999989,6732.223617132687,False,True,False,0
8126,300.2,311.4,1452,47.8,34,11.199999999999989,7268.137435933057,False,True,False,0
8127,300.2,311.4,1433,37.9,36,11.199999999999989,5687.403204377305,False,True,False,0
8128,300.1,311.3,1650,33.8,38,11.199999999999989,5840.220743023425,False,False,True,0
8129,300.1,311.4,1629,31.3,41,11.299999999999955,5339.419458114677,False,True,False,0
8130,300.0,311.3,1520,39.2,43,11.300000000000011,6239.6218890498085,False,True,False,0
8131,300.0,311.2,1393,43.1,45,11.199999999999989,6287.196073800669,True,False,False,0
8132,299.9,311.2,1364,49.6,50,11.300000000000011,7084.752200767511,True,False,False,0
8133,299.9,311.3,1389,50.0,55,11.400000000000034,7272.786993060371,False,False,True,0
8134,299.8,311.1,1466,46.1,58,11.300000000000011,7077.233322349919,False,True,False,0
8135,299.7,311.1,1650,32.4,60,11.400000000000034,5598.318108697011,False,True,False,0
8136,299.6,311.0,1554,36.3,62,11.399999999999977,5907.262330251031,False,True,False,0
8137,299.6,310.9,1474,39.7,64,11.299999999999955,6127.969686141227,False,False,True,0
8138,299.5,310.8,1600,32.4,67,11.300000000000011,5428.672105403162,True,False,False,0
8139,299.5,310.8,1356,54.9,72,11.300000000000011,7795.799338029999,False,True,False,0
8140,299.5,310.8,1571,38.2,74,11.300000000000011,6284.462888192046,False,True,False,0
8141,299.6,310.9,1658,28.0,76,11.299999999999955,4861.509911675085,False,True,False,0
8142,299.6,310.8,1393,49.9,78,11.199999999999989,7279.143482196134,False,True,False,0
8143,299.7,311.0,1448,49.8,80,11.300000000000011,7551.383429580713,False,False,True,0
8144,299.7,310.9,1477,40.4,83,11.199999999999989,6248.711563794193,False,True,False,0
8145,299.7,311.0,1506,42.7,85,11.300000000000011,6734.1295166758655,False,False,True,0
8146,299.7,310.9,1685,32.1,88,11.199999999999989,5664.134474789717,False,False,True,0
8147,299.6,310.9,1533,31.8,91,11.299999999999955,5105.025230230342,False,True,False,0
8148,299.5,310.8,1447,41.0,93,11.300000000000011,6212.708911984055,False,True,False,0
8149,299.5,310.7,1488,39.5,95,11.199999999999989,6155.008326913123,False,False,True,0
8150,299.6,310.8,1427,50.4,98,11.199999999999989,7531.5285640100265,False,False,True,0
8151,299.5,310.7,1424,41.3,101,11.199999999999989,6158.694462293334,False,False,True,0
8152,299.5,310.7,1472,40.9,104,11.199999999999989,6304.631913028092,False,True,False,0
8153,299.5,310.7,1438,45.7,106,11.199999999999989,6881.826259296634,False,True,False,0
8154,299.6,310.8,1507,42.4,108,11.199999999999989,6691.2572489298755,False,True,False,0
8155,299.6,310.7,1393,52.1,110,11.099999999999966,7600.067643735843,False,True,False,0
8156,299.5,310.8,1283,52.4,112,11.300000000000011,7040.22536089063,False,True,False,0
8157,299.6,310.8,1644,30.9,114,11.199999999999989,5319.721672176668,False,True,False,0
8158,299.6,310.8,1498,46.9,116,11.199999999999989,7357.21205963784,False,True,False,0
8159,299.6,310.8,1400,40.8,118,11.199999999999989,5981.592412434965,False,True,False,0
8160,299.6,310.9,1679,31.2,120,11.299999999999955,5485.723427992352,True,False,False,0
8161,299.7,311.1,1618,30.3,125,11.400000000000034,5133.927882643368,False,False,True,0
8162,299.6,311.0,1714,30.2,128,11.399999999999977,5420.587740307924,True,False,False,0
8163,299.6,311.0,1574,35.0,133,11.399999999999977,5769.011309542057,False,True,False,0
8164,299.7,311.1,1574,36.4,135,11.400000000000034,5999.771761923738,False,True,False,0
8165,299.6,310.9,1472,40.9,137,11.299999999999955,6304.631913028092,False,True,False,0
8166,299.6,311.0,1552,33.2,139,11.399999999999977,5395.831990197637,False,True,False,0
8167,299.7,311.1,1603,31.4,141,11.400000000000034,5270.985098143979,False,True,False,0
8168,299.7,311.1,1353,47.1,143,11.400000000000034,6673.402530681975,True,False,False,0
8169,299.7,311.1,1690,30.6,148,11.400000000000034,5415.477416258085,False,True,False,0
8170,299.8,311.2,1745,26.3,150,11.399999999999977,4805.956081584105,False,False,True,0
8171,299.9,311.3,1522,45.7,153,11.400000000000034,7283.824455249984,False,True,False,0
8172,300.0,311.4,1641,34.5,155,11.399999999999977,5928.656576221978,True,False,False,0
8173,299.9,311.4,1596,28.9,160,11.5,4830.135873041234,False,True,False,0
8174,299.9,311.4,1497,37.0,162,11.5,5800.322516322834,True,False,False,0
8175,299.9,311.3,1371,52.3,167,11.400000000000034,7508.7520172715,False,True,False,0
8176,299.9,311.3,1445,41.2,169,11.400000000000034,6234.385901293826,False,False,True,0
8177,299.8,311.2,1564,40.0,172,11.399999999999977,6551.2678802859145,False,True,False,0
8178,299.7,311.1,1439,44.9,174,11.400000000000034,6766.058570011849,False,True,False,0
8179,299.7,311.2,1352,52.1,176,11.5,7376.375774824738,False,True,False,0
8180,299.8,311.3,1560,35.4,178,11.5,5783.043756728091,False,True,False,0
8181,299.7,311.2,1616,42.3,180,11.5,7158.307356763557,False,False,True,0
8182,299.7,311.2,1835,23.7,183,11.5,4554.2097902764435,False,True,False,0
8183,299.7,311.1,1649,32.7,185,11.400000000000034,5646.73005148883,False,False,True,0
8184,299.8,311.1,1452,47.3,188,11.300000000000011,7192.110893716184,False,True,False,0
8185,299.8,311.1,2144,17.7,190,11.300000000000011,3973.989043084944,False,True,False,0
8186,299.7,311.1,1554,41.0,192,11.400000000000034,6672.114477694003,False,True,False,0
8187,299.7,311.0,1827,25.4,194,11.300000000000011,4859.6040121319065,False,True,False,0
8188,299.6,310.9,1448,46.3,196,11.299999999999955,7020.663710634277,False,True,False,0
8189,299.6,310.9,1530,38.8,198,11.299999999999955,6216.583542923481,False,False,True,0
8190,299.7,311.0,1983,21.0,201,11.300000000000011,4360.844762447991,False,True,False,0
8191,299.7,310.9,1620,37.2,203,11.199999999999989,6310.831322531177,False,False,True,0
8192,299.6,310.9,1630,29.8,206,11.299999999999955,5086.657385182353,False,False,True,0
8193,299.6,310.9,1229,65.2,209,11.299999999999955,8391.277753542434,False,True,False,1
8194,299.5,310.8,1873,22.3,211,11.300000000000011,4373.924259862437,False,True,False,0
8195,299.4,310.7,1426,45.7,213,11.300000000000011,6824.397945589012,False,True,False,0
8196,299.4,310.8,1376,53.9,215,11.400000000000034,7766.687246106733,False,True,False,1
8197,299.4,310.8,1622,33.6,217,11.400000000000034,5707.142878217362,False,True,False,0
8198,299.4,310.7,1492,45.7,219,11.300000000000011,7140.25367098093,False,False,True,0
8199,299.3,310.7,1374,48.9,222,11.399999999999977,7035.973738832771,False,False,True,0
8200,299.2,310.7,1737,27.0,225,11.5,4911.251795356923,False,True,False,1
8201,299.3,310.8,1426,42.4,0,11.5,6331.607721946917,False,True,False,0
8202,299.3,310.9,1826,25.1,2,11.599999999999966,4799.578648497319,False,False,True,0
8203,299.3,310.9,1669,32.4,5,11.599999999999966,5662.783589948674,False,True,False,0
8204,299.4,310.9,1473,40.1,7,11.5,6185.51319157948,False,False,True,0
8205,299.4,310.9,1751,27.8,10,11.5,5097.527295763774,False,True,False,0
8206,299.4,310.9,1446,47.3,12,11.5,7162.391427213226,False,False,True,0
8207,299.3,310.8,1483,43.5,15,11.5,6755.5237626468115,False,True,False,0
8208,299.2,310.7,1535,42.6,17,11.5,6847.729507029671,False,True,False,0
8209,299.2,310.7,1477,44.0,19,11.5,6805.527445716449,False,True,False,0
8210,299.3,310.8,1391,46.9,21,11.5,6831.696912520852,False,True,False,0
8211,299.2,310.7,1636,29.4,23,11.5,5036.852669647443,True,False,False,0
8212,299.2,310.6,1675,33.3,28,11.400000000000034,5841.006141186822,False,True,False,0
8213,299.2,310.5,1329,48.9,30,11.300000000000011,6805.5379176919605,True,False,False,0
8214,299.2,310.5,1548,33.5,35,11.300000000000011,5430.5570609953165,False,False,True,0
8215,299.2,310.5,1391,45.8,38,11.300000000000011,6671.46521521226,False,True,False,0
8216,299.1,310.5,1437,43.1,40,11.399999999999977,6485.7866174095925,False,True,False,0
8217,299.2,310.6,1370,61.9,42,11.400000000000034,8880.549393412508,False,True,False,0
8218,299.1,310.6,1577,37.1,44,11.5,6126.807296859399,False,True,False,0
8219,299.1,310.5,1485,37.8,46,11.399999999999977,5878.234014131861,False,True,False,0
8220,299.0,310.4,1504,34.3,48,11.399999999999977,5402.198951308912,False,True,False,0
8221,298.9,310.3,1551,35.2,50,11.400000000000034,5717.1959747088495,False,False,True,0
8222,299.1,310.5,1428,43.0,53,11.399999999999977,6430.211843367589,False,False,True,0
8223,299.0,310.5,1755,27.9,56,11.5,5127.550449556581,False,True,False,0
8224,299.1,310.5,1329,54.9,58,11.399999999999977,7640.573245016127,False,True,False,0
8225,299.1,310.5,1496,35.2,60,11.399999999999977,5514.458528797188,False,True,False,0
8226,299.1,310.5,1532,36.6,62,11.399999999999977,5871.7623332654675,False,True,False,0
8227,299.1,310.5,1389,61.4,64,11.399999999999977,8930.982427478135,False,True,False,0
8228,299.1,310.4,1524,51.4,66,11.299999999999955,8203.075409641378,False,False,True,0
8229,299.1,310.4,1422,49.3,69,11.299999999999955,7341.336544761699,False,False,True,0
8230,299.1,310.5,1739,27.4,72,11.399999999999977,4989.74972379462,False,True,False,0
8231,299.1,310.5,1736,26.9,74,11.399999999999977,4890.245012479919,False,True,False,0
8232,299.1,310.5,1419,48.8,76,11.399999999999977,7251.549826722104,False,True,False,0
8233,299.1,310.6,1326,49.7,78,11.5,6901.262245846841,False,True,False,0
8234,299.1,310.6,1449,43.2,80,11.5,6555.121567274318,False,False,True,0
8235,299.2,310.6,1534,39.7,83,11.400000000000034,6377.412142836256,False,True,False,0
8236,299.2,310.6,1443,50.9,85,11.400000000000034,7691.529877857354,False,False,True,0
8237,299.2,310.6,1498,41.1,88,11.400000000000034,6447.364939256189,False,True,False,0
8238,299.1,310.6,1796,26.0,90,11.5,4889.993685067632,False,True,False,0
8239,299.1,310.4,1519,45.3,92,11.299999999999955,7205.839653612372,False,True,False,0
8240,299.0,310.4,1339,49.6,94,11.399999999999977,6954.899704419133,False,True,False,0
8241,299.0,310.4,1483,41.5,96,11.399999999999977,6444.9249689619,False,True,False,0
8242,298.9,310.2,2099,20.0,98,11.300000000000011,4396.135319923317,False,False,True,0
8243,299.0,310.3,1689,29.7,101,11.300000000000011,5253.088491994028,False,False,True,0
8244,299.1,310.4,1369,54.5,104,11.299999999999955,7813.193289355375,True,False,False,0
8245,299.0,310.4,1512,38.8,109,11.399999999999977,6143.447265947912,False,True,False,0
8246,299.0,310.3,1303,68.6,111,11.300000000000011,9360.459087174882,False,False,True,1
8247,299.0,310.3,1552,39.9,114,11.300000000000011,6484.749891833907,False,True,False,0
8248,299.0,310.4,1713,28.0,116,11.399999999999977,5022.778334559361,False,True,False,0
8249,298.9,310.3,1456,44.1,118,11.400000000000034,6724.013588331306,False,True,False,0
8250,299.0,310.4,1524,39.8,120,11.399999999999977,6351.797690733987,False,True,False,0
8251,299.0,310.4,1394,45.2,122,11.399999999999977,6598.2661063836185,False,False,True,0
8252,299.0,310.4,1981,21.2,125,11.399999999999977,4397.936499711374,False,True,False,0
8253,299.0,310.4,1565,36.1,127,11.399999999999977,5916.299645117858,False,True,False,0
8254,299.1,310.4,1657,31.0,129,11.299999999999955,5379.139661231563,False,True,False,0
8255,299.0,310.4,1625,37.1,131,11.399999999999977,6313.292236776488,False,False,True,0
8256,299.0,310.4,1606,31.1,134,11.399999999999977,5230.395721059599,False,True,False,0
8257,299.0,310.5,1336,56.8,136,11.5,7946.637673304358,True,False,False,0
8258,299.0,310.6,1587,34.2,141,11.600000000000023,5683.706597021582,False,False,True,0
8259,299.1,310.6,1602,39.7,144,11.5,6660.11359375729,False,True,False,0
8260,299.1,310.5,1471,38.4,146,11.399999999999977,5915.24197559115,False,True,False,0
8261,299.1,310.6,1332,48.0,148,11.5,6695.362263330567,True,False,False,0
8262,299.2,310.6,1434,48.4,153,11.400000000000034,7268.137435933057,True,False,False,0
8263,299.1,310.6,1921,23.9,158,11.5,4807.8829250783065,False,True,False,0
8264,299.2,310.6,1704,30.6,160,11.400000000000034,5460.339359351347,True,False,False,0
8265,299.1,310.6,1397,49.5,165,11.5,7241.528146157152,False,False,True,0
8266,299.1,310.6,1791,28.0,168,11.5,5251.486279740698,True,False,False,0
8267,299.1,310.6,1818,24.1,173,11.5,4588.170406861749,False,True,False,0
8268,299.2,310.7,1540,36.3,175,11.5,5854.043750699219,False,True,False,0
8269,299.2,310.8,1502,39.8,177,11.600000000000023,6260.105073151213,False,False,True,0
8270,299.2,310.8,1761,30.4,180,11.600000000000023,5606.1092584779135,True,False,False,0
8271,299.1,310.8,1517,38.4,185,11.699999999999989,6100.218951034516,False,False,True,0
8272,299.1,310.7,1309,51.1,188,11.599999999999966,7004.693947978531,False,True,False,0
8273,298.9,310.6,1363,52.6,190,11.700000000000045,7507.757179597864,False,True,False,0
8274,299.0,310.6,1787,22.2,192,11.600000000000023,4154.379293254071,False,False,True,0
8275,298.9,310.5,1640,29.2,195,11.600000000000023,5014.819633170267,False,True,False,0
8276,298.9,310.6,1720,25.3,197,11.700000000000045,4556.984863787115,False,False,True,0
8277,298.8,310.5,1384,52.8,200,11.699999999999989,7652.417049320161,False,True,False,0
8278,298.8,310.5,1294,55.8,202,11.699999999999989,7561.310862366057,True,False,False,0
8279,298.8,310.5,1464,46.4,207,11.699999999999989,7113.5710773764395,False,True,False,0
8280,298.8,310.6,1803,25.4,209,11.800000000000011,4795.766849410962,False,True,False,0
8281,298.8,310.6,1602,39.1,211,11.800000000000011,6559.456965136273,False,True,False,0
8282,298.9,310.6,1519,38.8,213,11.700000000000045,6171.889151438411,True,False,False,0
8283,298.9,310.7,1638,33.6,218,11.800000000000011,5763.440218569691,False,False,True,0
8284,298.9,310.6,1615,33.0,221,11.700000000000045,5581.039349102267,True,False,False,0
8285,298.8,310.6,1651,33.3,0,11.800000000000011,5757.31411289519,False,True,False,0
8286,298.9,310.6,1387,52.7,2,11.700000000000045,7654.480028496019,False,True,False,0
8287,298.8,310.5,1678,32.8,4,11.699999999999989,5763.607770177881,False,False,True,0
8288,298.9,310.6,1585,38.1,7,11.700000000000045,6323.868932043574,False,True,False,0
8289,298.8,310.6,1640,33.8,9,11.800000000000011,5804.825465792979,False,False,True,0
8290,298.9,310.6,1406,43.8,12,11.700000000000045,6448.935735582983,False,True,False,0
8291,298.9,310.6,1679,35.8,14,11.700000000000045,6294.515984683533,False,False,True,0
8292,298.9,310.5,1717,26.9,17,11.600000000000023,4836.722745638261,False,True,False,0
8293,298.9,310.5,1429,39.9,19,11.600000000000023,5970.8167496331525,True,False,False,0
8294,298.9,310.4,1533,44.4,24,11.5,7127.771076170666,False,False,True,0
8295,298.9,310.5,1525,38.5,27,11.600000000000023,6148.358622463024,False,False,True,0
8296,298.9,310.4,1739,26.3,30,11.5,4789.431304226224,False,True,False,0
8297,298.9,310.3,1436,39.0,32,11.400000000000034,5864.725165721426,False,True,False,0
8298,298.8,310.2,1595,33.1,34,11.399999999999977,5528.627111664878,False,False,True,0
8299,298.7,310.1,1435,45.6,37,11.400000000000034,6852.441896010057,True,False,False,0
8300,298.7,310.0,1637,31.8,42,11.300000000000011,5451.3544043620805,False,True,False,0
8301,298.7,310.1,1558,37.6,44,11.400000000000034,6134.567030713765,False,True,False,0
8302,298.7,310.1,1644,34.1,46,11.400000000000034,5870.631359910174,False,False,True,0
8303,298.7,310.1,1641,31.1,49,11.400000000000034,5344.3831745073485,False,True,False,0
8304,298.8,310.2,1504,41.0,51,11.399999999999977,6457.4389796987,False,True,False,0
8305,298.7,310.1,1506,50.7,53,11.400000000000034,7995.793126357526,False,False,True,0
8306,298.8,310.1,1380,44.0,56,11.300000000000011,6358.583530865741,True,False,False,0
8307,298.7,310.1,1549,42.5,61,11.400000000000034,6893.963278915002,False,False,True,0
8308,298.7,310.1,1402,69.7,64,11.400000000000034,10233.151638440082,False,False,True,1
8309,298.7,310.1,1401,45.3,67,11.400000000000034,6646.070674595742,False,True,False,0
8310,298.7,310.0,1459,40.2,69,11.300000000000011,6142.002133327261,False,False,True,0
8311,298.7,309.9,1465,39.7,72,11.199999999999989,6090.553317636973,False,True,False,0
8312,298.8,310.0,1295,52.7,74,11.199999999999989,7146.75676777386,False,False,True,0
8313,298.8,310.0,1529,38.5,77,11.199999999999989,6164.485464751451,False,False,True,0
8314,298.8,310.0,1484,44.9,80,11.199999999999989,6977.644835231121,False,False,True,0
8315,298.8,309.9,1739,30.6,83,11.099999999999966,5572.494217084503,False,True,False,0
8316,298.7,309.8,1422,40.7,85,11.100000000000023,6060.6977154523565,True,False,False,0
8317,298.8,309.8,1463,40.0,90,11.0,6128.20006960249,False,True,False,0
8318,298.7,309.7,1667,30.4,92,11.0,5306.862086247974,False,True,False,0
8319,298.7,309.7,1565,39.3,94,11.0,6440.7361787571135,True,False,False,0
8320,298.7,309.7,1393,45.7,99,11.0,6666.470082893054,False,True,False,0
8321,298.8,309.7,1453,47.7,101,10.899999999999977,7257.927259808892,False,False,True,0
8322,298.8,309.6,1442,50.0,104,10.800000000000011,7550.294344127469,False,True,False,0
8323,298.7,309.6,1364,44.9,106,10.900000000000034,6413.4147946463945,False,True,False,0
8324,298.7,309.5,1453,40.4,108,10.800000000000011,6147.175289230172,True,False,False,0
8325,298.7,309.5,1394,46.0,113,10.800000000000011,6715.049577293063,False,False,True,0
8326,298.7,309.5,1500,38.8,116,10.800000000000011,6094.6897479641975,False,False,True,0
8327,298.6,309.5,1523,34.2,119,10.899999999999977,5454.495997015671,True,False,False,0
8328,298.7,309.6,1254,57.1,124,10.900000000000034,7498.290513735047,False,False,True,0
8329,298.6,309.5,1325,52.2,127,10.899999999999977,7242.941862851268,False,True,False,0
8330,298.8,309.7,1424,49.6,129,10.899999999999977,7396.398192003618,False,True,False,0
8331,298.8,309.7,1505,39.0,131,10.899999999999977,6146.52602674843,False,True,False,0
8332,298.8,309.7,1392,48.7,133,10.899999999999977,7098.994087463784,False,False,True,0
8333,298.8,309.7,1529,44.0,136,10.899999999999977,7045.1262454302305,False,True,False,0
8334,298.8,309.7,1477,48.5,138,10.899999999999977,7501.547298119268,False,False,True,0
8335,298.8,309.7,1459,47.3,141,10.899999999999977,7226.783604636304,False,False,True,0
8336,299.0,309.8,2240,15.9,144,10.800000000000011,3729.698798341802,False,False,True,0
8337,298.9,309.7,1449,48.8,147,10.800000000000011,7404.859548217285,False,True,False,0
8338,298.8,309.7,1589,35.3,149,10.899999999999977,5873.909088245419,False,False,True,0
8339,298.8,309.7,1740,28.5,152,10.899999999999977,5193.052656383928,False,True,False,0
8340,298.8,309.7,1499,40.3,154,10.899999999999977,6326.08899085211,False,False,True,0
8341,298.8,309.7,1480,38.1,157,10.899999999999977,5904.937551687375,False,False,True,0
8342,298.8,309.7,1751,29.6,160,10.899999999999977,5427.583019949919,False,True,False,0
8343,298.7,309.7,1510,40.6,162,11.0,6419.949307365861,False,True,False,0
8344,298.8,309.8,1437,48.2,164,11.0,7253.246286755043,True,False,False,0
8345,298.8,309.7,1609,40.4,169,10.899999999999977,6807.161073896315,False,True,False,0
8346,298.8,309.8,1490,35.9,171,11.0,5601.564421105721,True,False,False,0
8347,298.7,309.7,1601,35.7,176,11.0,5985.330907692738,False,True,False,0
8348,298.7,309.6,1665,31.1,178,10.900000000000034,5422.5459997286625,False,True,False,0
8349,298.7,309.6,1452,42.7,180,10.900000000000034,6492.666705320954,False,False,True,0
8350,298.7,309.5,1487,33.6,183,10.800000000000011,5232.1340689945855,False,False,True,0
8351,298.7,309.6,1382,48.1,186,10.900000000000034,6961.161945775287,False,False,True,0
8352,298.7,309.6,1686,26.2,189,10.900000000000034,4625.806686851754,False,False,True,0
8353,298.6,309.6,1491,36.9,192,11.0,5761.46101519793,False,True,False,0
8354,298.7,309.6,1442,55.6,194,10.900000000000034,8395.927310669746,False,True,False,0
8355,298.6,309.6,1390,50.3,196,11.0,7321.691118701252,False,True,False,0
8356,298.7,309.6,1502,46.7,198,10.900000000000034,7345.399671260344,False,True,False,0
8357,298.6,309.6,1344,59.4,200,11.0,8360.155042320868,False,False,True,0
8358,298.5,309.5,1385,46.3,203,11.0,6715.206656925741,False,True,False,1
8359,298.7,309.7,1547,37.4,0,11.0,6058.85464776225,False,True,False,0
8360,298.6,309.6,1525,42.4,2,11.0,6771.1793660372,False,False,True,0
8361,298.6,309.6,1540,35.8,5,11.0,5773.409539257082,False,True,False,0
8362,298.6,309.5,1450,44.3,7,10.899999999999977,6726.673470111345,False,True,False,0
8363,298.6,309.6,1353,62.5,9,11.0,8855.364292306229,False,True,False,0
8364,298.8,309.7,1582,45.0,11,10.899999999999977,7454.999366968579,False,True,False,0
8365,298.9,309.8,1396,49.0,13,10.900000000000034,7163.250129205207,False,True,False,0
8366,298.8,309.8,1551,36.6,15,11.0,5944.584450975679,False,False,True,0
8367,298.9,309.8,1836,22.8,18,10.900000000000034,4383.652725113054,False,False,True,0
8368,298.9,309.8,1390,49.9,21,10.900000000000034,7263.466934854721,False,True,False,0
8369,298.9,309.8,1534,42.1,23,10.900000000000034,6762.948393284795,False,True,False,0
8370,298.8,309.7,1953,20.6,25,10.899999999999977,4213.064244023128,False,True,False,0
8371,298.8,309.8,1634,33.6,27,11.0,5749.365883481609,False,True,False,0
8372,298.7,309.7,1881,21.7,29,11.0,4274.419548547736,False,True,False,0
8373,298.8,309.7,1448,44.8,31,10.899999999999977,6793.212402514377,False,False,True,0
8374,298.7,309.7,1362,50.5,34,11.0,7202.729476885318,False,False,True,0
8375,298.8,309.7,1225,63.4,37,10.899999999999977,8133.059781368375,False,True,False,0
8376,298.8,309.6,1384,48.2,39,10.800000000000011,6985.72920032636,False,False,True,0
8377,298.8,309.8,1334,49.3,42,11.0,6887.020359150568,False,True,False,0
8378,298.8,309.7,1336,50.3,44,10.899999999999977,7037.2513198452325,False,True,False,0
8379,298.8,309.9,1331,61.6,46,11.099999999999966,8585.930834358856,False,False,True,0
8380,298.8,309.9,1629,31.9,49,11.099999999999966,5441.772546768631,False,True,False,0
8381,298.9,310.0,1776,25.7,51,11.100000000000023,4779.744726877654,False,True,False,0
8382,298.8,310.0,1530,38.3,53,11.199999999999989,6136.472930256942,True,False,False,0
8383,298.9,310.0,1719,27.3,58,11.100000000000023,4914.361972083978,False,True,False,0
8384,298.8,309.9,1495,35.2,60,11.099999999999966,5510.772393416976,False,False,True,0
8385,298.8,309.7,1450,43.1,63,10.899999999999977,6544.4610962031375,False,True,False,0
8386,298.8,309.8,1563,38.8,65,11.0,6350.666717378694,True,False,False,0
8387,298.9,309.9,1501,37.1,70,11.0,5831.539475324005,False,False,True,0
8388,298.8,309.9,1351,47.2,73,11.099999999999966,6677.685568666368,False,True,False,0
8389,298.9,309.9,1365,46.5,75,11.0,6646.824656832605,False,True,False,0
8390,298.8,309.9,1525,39.7,77,11.099999999999966,6339.995774332002,False,True,False,0
8391,298.8,309.8,1288,61.9,79,11.0,8349.012860376139,False,False,True,0
8392,298.6,309.6,1423,42.7,82,11.0,6362.992232556279,False,True,False,0
8393,298.5,309.6,1502,39.4,84,11.100000000000023,6197.189444275321,False,False,True,0
8394,298.5,309.5,1428,43.5,87,11.0,6504.981748523025,False,True,False,0
8395,298.6,309.5,1566,38.1,89,10.899999999999977,6248.062301312452,False,False,True,0
8396,298.5,309.5,1483,44.8,92,11.0,6957.412978542003,False,False,True,0
8397,298.6,309.6,1593,33.3,95,11.0,5555.058377857079,True,False,False,0
8398,298.5,309.6,1724,26.4,100,11.100000000000023,4766.173046614146,False,True,False,0
8399,298.5,309.7,2617,12.1,102,11.199999999999989,3316.0243496926105,False,True,False,1
8400,298.6,309.7,1294,59.4,104,11.099999999999966,8049.13736961548,False,True,False,0
8401,298.6,309.6,1533,40.7,106,11.0,6533.790153156444,False,True,False,0
8402,298.5,309.4,1671,31.8,108,10.899999999999977,5564.577403597457,True,False,False,0
8403,298.5,309.5,1370,52.4,113,11.0,7517.621780530135,False,True,False,0
8404,298.5,309.6,1462,45.1,115,11.100000000000023,6904.82271752091,False,True,False,0
8405,298.4,309.5,1545,36.6,117,11.100000000000023,5921.587992751401,False,True,False,0
8406,298.4,309.5,1484,41.7,119,11.100000000000023,6480.351662118882,False,False,True,0
8407,298.4,309.5,1344,45.3,122,11.100000000000023,6375.6737949012695,False,False,True,0
8408,298.4,309.5,1357,50.1,125,11.100000000000023,7119.445855638653,False,True,False,0
8409,298.5,309.6,1572,33.0,127,11.100000000000023,5432.44201658747,False,False,True,0
8410,298.5,309.6,1861,26.9,130,11.100000000000023,5242.365189069775,False,True,False,0
8411,298.5,309.5,1548,44.5,132,11.0,7213.725051172883,False,True,False,0
8412,298.6,309.8,1496,37.7,134,11.199999999999989,5906.110412944716,False,True,False,0
8413,298.6,309.7,1314,49.7,136,11.099999999999966,6838.807383893477,False,False,True,0
8414,298.6,309.7,1422,49.7,139,11.099999999999966,7400.901141473763,False,False,True,0
8415,298.6,309.8,1842,20.1,142,11.199999999999989,3877.1651575013075,False,True,False,0
8416,298.7,309.9,1434,53.0,144,11.199999999999989,7958.910828604381,False,False,True,0
8417,298.8,310.1,1585,31.3,147,11.300000000000011,5195.199411363881,False,False,True,0
8418,298.8,310.1,1704,30.7,150,11.300000000000011,5478.183605623737,True,False,False,0
8419,298.9,310.2,1971,23.2,155,11.300000000000011,4788.541186307706,False,True,False,0
8420,299.0,310.3,1431,39.9,157,11.300000000000011,5979.173386091702,False,True,False,0
8421,298.9,310.4,1546,37.7,159,11.5,6103.507151345274,False,True,False,0
8422,298.9,310.3,1496,36.3,161,11.400000000000034,5686.785357822099,False,True,False,0
8423,298.9,310.3,1243,63.0,163,11.400000000000034,8200.499303665436,True,False,False,0
8424,299.0,310.4,1452,46.2,168,11.399999999999977,7024.852500839065,False,True,False,0
8425,299.1,310.6,1380,44.7,170,11.5,6459.742814311333,False,True,False,0
8426,299.2,310.6,1567,38.4,172,11.400000000000034,6301.280880864263,False,True,False,0
8427,299.1,310.5,1628,35.9,174,11.399999999999977,6120.367031919539,False,True,False,0
8428,299.1,310.4,1505,46.1,176,11.299999999999955,7265.508970079554,False,True,False,0
8429,299.0,310.3,1827,28.0,178,11.300000000000011,5357.043792901315,False,False,True,0
8430,299.0,310.3,1577,40.0,181,11.300000000000011,6605.722152948138,False,True,False,0
8431,298.9,310.2,1304,57.2,183,11.300000000000011,7810.920870669279,False,True,False,0
8432,298.9,310.1,1324,54.6,185,11.200000000000045,7570.2329855022535,True,False,False,0
8433,298.8,310.0,1537,39.9,190,11.199999999999989,6422.0751183947905,False,True,False,0
8434,298.8,310.1,1501,48.7,192,11.300000000000011,7654.877963565473,False,False,True,0
8435,298.7,309.9,1654,29.1,195,11.199999999999989,5040.308421566392,False,False,True,0
8436,298.7,310.0,1519,38.1,198,11.300000000000011,6060.540635819678,False,False,True,0
8437,298.7,309.9,1371,51.3,201,11.199999999999989,7365.181233002447,False,True,False,0
8438,298.7,309.8,1181,65.9,203,11.100000000000023,8150.118629477369,False,True,False,1
8439,298.6,309.8,1469,42.8,205,11.199999999999989,6584.066107589392,False,True,False,0
8440,298.6,309.8,1637,34.6,207,11.199999999999989,5931.347873928554,False,True,False,0
8441,298.6,309.8,1370,56.0,0,11.199999999999989,8034.099612780297,False,True,False,0
8442,298.6,309.9,1630,30.6,2,11.299999999999955,5223.21194585839,False,True,False,0
8443,298.6,310.0,1517,39.0,4,11.399999999999977,6195.534872144431,False,True,False,0
8444,298.6,309.9,1668,32.3,6,11.299999999999955,5641.923414728837,False,False,True,0
8445,298.6,309.9,1818,24.9,9,11.299999999999955,4740.474818707782,False,False,True,0
8446,298.6,310.0,1541,36.9,12,11.399999999999977,5954.6689633937,False,False,True,0
8447,298.5,309.9,1482,42.1,15,11.399999999999977,6533.695905376837,False,True,False,0
8448,298.6,310.1,1439,49.9,17,11.5,7519.5172080978,False,True,False,0
8449,298.5,310.0,1492,41.2,19,11.5,6437.165235107534,False,True,False,0
8450,298.4,309.9,1725,27.8,21,11.5,5021.835856763284,False,True,False,0
8451,298.4,310.0,1559,44.2,23,11.600000000000023,7216.007941834491,False,True,False,0
8452,298.5,310.0,1435,42.5,25,11.5,6386.59606536025,False,True,False,0
8453,298.6,310.0,1512,37.5,27,11.399999999999977,5937.610115284709,False,False,True,0
8454,298.6,309.9,1564,37.1,30,11.299999999999955,6076.3009589651865,False,True,False,0
8455,298.6,310.0,1522,40.3,32,11.399999999999977,6423.153731872523,False,True,False,0
8456,298.6,309.9,1356,59.5,34,11.299999999999955,8448.99928256439,False,True,False,0
8457,298.6,309.9,1556,38.6,36,11.299999999999955,6289.6360440949575,False,True,False,0
8458,298.6,309.9,1393,45.5,38,11.299999999999955,6637.295159116716,False,True,False,0
8459,298.7,309.9,1753,26.8,40,11.199999999999989,4919.775983423664,False,True,False,0
8460,298.7,309.9,1651,29.5,42,11.199999999999989,5100.323313225469,False,True,False,0
8461,298.7,309.9,1372,54.7,44,11.199999999999989,7859.0500701222745,False,True,False,0
8462,298.7,309.9,1446,43.3,46,11.199999999999989,6556.692363601112,False,True,False,0
8463,298.7,309.8,1501,44.7,48,11.100000000000023,7026.140553827036,False,False,True,0
8464,298.7,309.9,1411,45.1,51,11.199999999999989,6663.956808770181,False,False,True,0
8465,298.6,309.7,1672,27.5,54,11.099999999999966,4815.014340401956,True,False,False,0
8466,298.7,309.8,1475,40.5,59,11.100000000000023,6255.696371460675,False,False,True,0
8467,298.7,309.8,1469,38.4,62,11.100000000000023,5907.199498397959,False,True,False,0
8468,298.6,309.8,1704,28.3,64,11.199999999999989,5049.921695086377,False,True,False,0
8469,298.6,309.7,1463,39.1,66,11.099999999999966,5990.315568036433,True,False,False,0
8470,298.6,309.7,1280,64.1,71,11.099999999999966,8592.046468057844,False,False,True,0
8471,298.7,309.9,1464,38.0,74,11.199999999999989,5825.769416816912,False,True,False,0
8472,298.6,309.8,1332,46.4,76,11.199999999999989,6472.183521219547,False,True,False,0
8473,298.5,309.7,1634,37.8,78,11.199999999999989,6468.036618916809,False,True,False,0
8474,298.6,309.8,1430,43.1,80,11.199999999999989,6454.19266728999,False,False,True,0
8475,298.5,309.7,1523,44.6,83,11.199999999999989,7113.173142306986,False,False,True,0
8476,298.5,309.7,1557,37.7,86,11.199999999999989,6146.934433793397,False,False,True,0
8477,298.5,309.6,1585,32.2,89,11.100000000000023,5344.582142042076,False,True,False,0
8478,298.5,309.6,1579,33.5,91,11.100000000000023,5539.308526687083,True,False,False,0
8479,298.5,309.7,1354,60.8,96,11.199999999999989,8620.865344666774,False,False,True,0
8480,298.6,309.7,1627,33.4,99,11.099999999999966,5690.659988761527,False,True,False,0
8481,298.4,309.6,1477,35.6,101,11.200000000000045,5506.290387897854,False,True,False,0
8482,298.3,309.4,1595,29.0,103,11.099999999999966,4843.8122730598625,False,False,True,0
8483,298.4,309.5,1520,38.1,106,11.100000000000023,6064.530458489737,False,True,False,0
8484,298.3,309.4,1618,31.5,108,11.099999999999966,5337.2517591836995,False,True,False,0
8485,298.4,309.5,1397,50.3,110,11.100000000000023,7358.562944478883,False,True,False,0
8486,298.4,309.5,1450,47.9,112,11.100000000000023,7273.310591835969,False,True,False,0
8487,298.5,309.5,1501,40.2,114,11.0,6318.810967871294,False,False,True,0
8488,298.4,309.4,1392,50.1,117,11.0,7303.071946240976,False,True,False,0
8489,298.4,309.4,1385,43.2,119,11.0,6265.592388319484,False,True,False,0
8490,298.4,309.4,1461,46.3,121,11.0,7083.694531240802,False,True,False,0
8491,298.5,309.6,1364,58.7,123,11.100000000000023,8384.575689214775,False,False,True,0
8492,298.5,309.5,1579,38.6,126,11.0,6382.606242690191,False,True,False,0
8493,298.4,309.5,1514,38.8,128,11.100000000000023,6151.573518945197,False,False,True,0
8494,298.3,309.5,1560,36.9,131,11.199999999999989,6028.087983708095,False,False,True,0
8495,298.3,309.5,1542,36.7,134,11.199999999999989,5926.237549878714,False,True,False,0
8496,298.3,309.4,1668,27.1,136,11.099999999999966,4733.626146722957,False,True,False,0
8497,298.3,309.4,1816,22.6,138,11.099999999999966,4297.866301719029,False,False,True,0
8498,298.3,309.4,1509,34.2,141,11.099999999999966,5404.356178264377,False,False,True,0
8499,298.4,309.6,1479,37.8,144,11.200000000000045,5854.483573670723,False,True,False,0
8500,298.4,309.6,1655,30.2,146,11.200000000000045,5233.998080635714,False,True,False,0
8501,298.3,309.5,1711,30.3,148,11.199999999999989,5429.017680595058,False,True,False,0
8502,298.4,309.7,1581,34.6,150,11.300000000000011,5728.442876408701,False,True,False,0
8503,298.6,309.8,1279,55.9,152,11.199999999999989,7487.054084010706,True,False,False,0
8504,298.5,309.8,1468,40.9,157,11.300000000000011,6287.499761090516,False,True,False,0
8505,298.4,309.7,1419,41.3,159,11.300000000000011,6137.069832861124,False,True,False,0
8506,298.4,309.7,1530,38.6,161,11.300000000000011,6184.539297856866,False,True,False,0
8507,298.4,309.6,1710,27.3,163,11.200000000000045,4888.632328251077,False,True,False,1
8508,298.4,309.7,1518,39.8,165,11.300000000000011,6326.790613211411,False,True,False,0
8509,298.4,309.7,1679,33.3,167,11.300000000000011,5854.954812568761,False,False,True,0
8510,298.4,309.7,1870,22.5,170,11.300000000000011,4406.083696659684,False,False,True,0
8511,298.3,309.7,1484,44.3,173,11.399999999999977,6884.402365272576,False,True,False,0
8512,298.4,309.7,1457,44.2,175,11.300000000000011,6743.889397853018,False,True,False,0
8513,298.3,309.6,1546,36.2,177,11.300000000000011,5860.662039222783,True,False,False,0
8514,298.2,309.5,1478,36.5,182,11.300000000000011,5649.316629440285,False,False,True,0
8515,298.2,309.4,1447,47.1,185,11.199999999999989,7137.038774498756,False,True,False,0
8516,298.2,309.4,1443,45.4,187,11.199999999999989,6860.421541350174,False,True,False,0
8517,298.3,309.6,1527,30.9,189,11.300000000000011,4941.128341492562,False,True,False,0
8518,298.3,309.6,1469,54.8,191,11.300000000000011,8430.065950838754,False,False,True,0
8519,298.3,309.6,1681,27.1,194,11.300000000000011,4770.518916451613,False,False,True,0
8520,298.3,309.6,1420,44.1,197,11.300000000000011,6557.760505103334,False,True,False,0
8521,298.3,309.5,1543,49.9,199,11.199999999999989,8062.970849266787,False,False,True,0
8522,298.4,309.5,1376,50.4,202,11.100000000000023,7262.356905450452,False,True,False,0
8523,298.3,309.4,1631,29.8,0,11.099999999999966,5089.77803388492,True,False,False,0
8524,298.3,309.3,1529,41.7,5,11.0,6676.858282600923,True,False,False,0
8525,298.3,309.4,1468,46.2,10,11.099999999999966,7102.261343823518,False,True,False,0
8526,298.3,309.4,1378,52.3,12,11.099999999999966,7547.0899196208065,False,True,False,0
8527,298.3,309.3,1401,51.9,14,11.0,7614.3723622851885,False,True,False,0
8528,298.4,309.3,1531,37.4,16,10.900000000000034,5996.190346298647,False,True,False,0
8529,298.4,309.3,1512,35.8,18,10.900000000000034,5668.438456725135,False,True,False,0
8530,298.5,309.4,1522,47.4,20,10.899999999999977,7554.7763496465905,False,False,True,0
8531,298.5,309.3,1615,31.8,23,10.800000000000011,5378.092463680367,False,False,True,0
8532,298.6,309.3,1449,46.5,26,10.699999999999989,7055.860020329996,False,True,False,0
8533,298.6,309.4,1315,55.5,28,10.799999999999955,7642.7095280205685,False,True,False,0
8534,298.6,309.4,1465,41.1,30,10.799999999999955,6305.333535387394,False,False,True,0
8535,298.6,309.5,1404,43.3,33,10.899999999999977,6366.2490169405,False,False,True,0
8536,298.6,309.5,1547,44.8,36,10.899999999999977,7257.665460421091,False,True,False,0
8537,298.6,309.5,1426,45.4,38,10.899999999999977,6779.598834348822,False,False,True,0
8538,298.6,309.5,1730,30.2,41,10.899999999999977,5471.188325981744,False,True,False,0
8539,298.5,309.4,1548,37.7,43,10.899999999999977,6111.4030208812965,False,True,False,0
8540,298.5,309.4,1517,40.2,45,10.899999999999977,6386.16671436426,False,True,False,0
8541,298.6,309.5,1687,29.3,47,10.899999999999977,5176.203247785174,False,True,False,0
8542,298.5,309.5,1738,25.2,49,11.0,4586.473946828811,False,True,False,0
8543,298.4,309.4,1512,35.3,51,11.0,5589.270321854672,True,False,False,0
8544,298.5,309.4,1365,48.7,56,10.899999999999977,6961.298081456943,False,False,True,0
8545,298.5,309.4,2011,21.0,59,10.899999999999977,4422.419978458352,True,False,False,0
8546,298.4,309.3,1806,27.6,64,10.900000000000034,5219.8190257925135,False,True,False,0
8547,298.4,309.3,1716,28.4,66,10.900000000000034,5103.4544339035465,False,True,False,0
8548,298.4,309.4,1666,24.3,68,11.0,4239.453622313283,False,False,True,0
8549,298.5,309.4,1578,36.3,71,10.899999999999977,5998.494180911278,False,True,False,0
8550,298.3,309.3,1558,37.2,73,11.0,6069.3056793231935,False,True,False,0
8551,298.3,309.2,1456,45.5,75,10.899999999999977,6937.47433716722,False,True,False,0
8552,298.2,309.1,1457,49.0,77,10.900000000000034,7476.25747725787,False,False,True,0
8553,298.2,309.1,1467,44.5,80,10.900000000000034,6836.262693844069,False,True,False,0
8554,298.1,309.0,1661,38.2,82,10.899999999999977,6644.489406293436,False,False,True,0
8555,298.1,309.0,1592,33.9,85,10.899999999999977,5651.599520101893,False,True,False,0
8556,298.2,309.0,1596,37.2,87,10.800000000000011,6217.337525160345,False,True,False,0
8557,298.2,309.0,1489,40.6,89,10.800000000000011,6330.6652441508395,False,True,False,0
8558,298.3,309.0,1471,48.3,91,10.699999999999989,7440.265297423243,False,True,False,0
8559,298.3,309.0,1505,41.3,93,10.699999999999989,6509.013459095131,False,False,True,0
8560,298.3,309.0,1519,40.0,96,10.699999999999989,6362.772321070527,False,True,False,0
8561,298.3,309.0,1408,45.4,98,10.699999999999989,6694.021850465035,False,True,False,0
8562,298.2,308.9,1332,44.4,100,10.699999999999989,6193.210093580774,False,True,False,0
8563,298.1,308.9,1351,52.4,102,10.799999999999955,7413.362792333001,False,True,False,0
8564,298.0,308.9,1500,36.7,104,10.899999999999977,5764.822519337271,False,True,False,0
8565,298.0,308.7,1614,30.7,106,10.699999999999989,5188.8429222281175,False,False,True,0
8566,298.0,308.8,1489,36.5,109,10.800000000000011,5691.3616111208285,False,True,False,0
8567,297.9,308.7,1751,26.6,111,10.800000000000011,4877.490146306346,False,False,True,0
8568,298.0,308.7,1511,45.8,114,10.699999999999989,7247.004989349911,False,True,False,0
8569,297.9,308.6,1691,29.6,116,10.700000000000045,5241.600734857403,False,True,False,0
8570,297.9,308.6,1757,27.5,118,10.700000000000045,5059.79676799416,False,True,False,0
8571,297.9,308.7,1545,35.9,120,10.800000000000011,5808.333577589488,True,False,False,0
8572,297.9,308.6,2262,15.7,125,10.700000000000045,3718.954551466525,False,True,False,0
8573,297.7,308.5,1559,35.2,127,10.800000000000011,5746.685057750546,False,False,True,0
8574,297.6,308.4,1626,32.4,130,10.799999999999955,5516.888027115963,False,True,False,0
8575,297.6,308.3,1424,53.9,132,10.699999999999989,8037.6181965523165,False,True,False,0
8576,297.6,308.3,1648,29.1,134,10.699999999999989,5022.0243523225,False,False,True,0
8577,297.6,308.3,1523,39.5,137,10.699999999999989,6299.783388366052,False,True,False,0
8578,297.6,308.3,1502,43.2,139,10.699999999999989,6794.8879185962915,False,True,False,0
8579,297.5,308.2,1489,40.7,141,10.699999999999989,6346.258015688158,False,True,False,0
8580,297.4,308.1,1620,31.2,143,10.700000000000045,5292.955302768083,False,False,True,0
8581,297.5,308.1,1631,30.6,146,10.600000000000023,5226.416370365052,False,True,False,0
8582,297.5,308.0,1429,45.8,148,10.5,6853.719477022516,False,False,True,0
8583,297.5,308.1,1334,72.0,151,10.600000000000023,10058.123039733082,False,False,True,1
8584,297.4,308.0,1423,38.0,154,10.600000000000023,5662.616038340482,False,True,False,0
8585,297.4,307.9,1390,47.7,156,10.5,6943.233923698802,False,True,False,0
8586,297.4,307.9,1338,48.5,158,10.5,6795.5790689800815,False,False,True,0
8587,297.3,307.9,1461,37.5,161,10.599999999999966,5737.33358361836,True,False,False,0
8588,297.4,307.9,1627,34.3,166,10.5,5844.001126183245,False,False,True,0
8589,297.3,307.8,1385,44.4,169,10.5,6439.636621328357,False,True,False,0
8590,297.3,307.8,1538,48.0,171,10.5,7730.8312019537625,False,False,True,0
8591,297.4,307.9,1557,35.5,174,10.5,5788.227384606514,False,True,False,0
8592,297.4,307.9,1606,33.4,176,10.5,5617.209552520597,False,True,False,0
8593,297.5,308.0,1430,44.5,178,10.5,6663.841617039549,False,False,True,0
8594,297.4,308.0,1601,34.6,181,10.600000000000023,5800.908946951506,False,False,True,0
8595,297.4,308.0,1356,51.9,184,10.600000000000023,7369.799374203223,False,True,False,0
8596,297.5,308.2,1624,30.9,186,10.699999999999989,5255.004863512719,False,False,True,0
8597,297.5,308.2,1327,56.5,189,10.699999999999989,7851.4159999740505,False,True,False,0
8598,297.6,308.3,1410,47.0,191,10.699999999999989,6939.7781717798525,False,True,False,0
8599,297.6,308.3,1478,42.3,193,10.699999999999989,6547.016258228056,False,True,False,0
8600,297.6,308.4,1460,40.3,195,10.799999999999955,6161.500951730541,False,True,False,0
8601,297.5,308.3,1435,40.3,197,10.800000000000011,6055.995798447483,False,True,False,0
8602,297.4,308.2,1359,46.9,199,10.800000000000011,6674.5335040372665,True,False,False,0
8603,297.4,308.1,1729,31.7,204,10.700000000000045,5739.616474279967,False,True,False,0
8604,297.3,308.0,1384,49.1,206,10.699999999999989,7116.168127303408,True,False,False,0
8605,297.4,308.2,1297,52.1,211,10.800000000000011,7076.301316529353,False,True,False,0
8606,297.5,308.4,1633,33.3,213,10.899999999999977,5694.545091676466,False,True,False,0
8607,297.5,308.4,1505,37.2,215,10.899999999999977,5862.840210129272,False,False,True,0
8608,297.5,308.4,1433,50.0,218,10.899999999999977,7503.170454323622,False,True,False,0
8609,297.4,308.4,1369,50.6,220,11.0,7254.084044796001,False,True,False,1
8610,297.4,308.3,1475,40.5,222,10.900000000000034,6255.696371460675,False,True,False,1
8611,297.4,308.3,1561,38.3,0,10.900000000000034,6260.806695510514,False,True,False,0
8612,297.4,308.3,1472,45.5,2,10.900000000000034,7013.710318894333,False,True,False,0
8613,297.5,308.4,1441,44.5,4,10.899999999999977,6715.1019371706225,False,True,False,0
8614,297.5,308.5,1401,50.5,6,11.0,7408.975034593488,False,False,True,0
8615,297.5,308.5,1691,33.1,9,11.0,5861.384605533109,False,True,False,0
8616,297.6,308.6,1382,47.1,11,11.0,6816.439244199918,False,True,False,0
8617,297.6,308.6,1355,46.4,13,11.0,6583.940443883249,False,True,False,0
8618,297.6,308.6,1529,45.3,15,11.0,7253.2777026815775,False,True,False,0
8619,297.7,308.7,1829,24.9,17,11.0,4769.157559635057,False,True,False,0
8620,297.6,308.6,1480,39.8,19,11.0,6168.412455568438,True,False,False,0
8621,297.6,308.5,1475,42.4,24,10.899999999999977,6549.173485183522,False,True,False,0
8622,297.6,308.5,1431,52.6,26,10.899999999999977,7882.318799709863,False,False,True,0
8623,297.5,308.3,1437,42.3,29,10.800000000000011,6365.40078692403,False,True,False,0
8624,297.5,308.3,1476,45.6,31,10.800000000000011,7048.2259501817725,False,False,True,0
8625,297.5,308.4,1490,39.7,34,10.899999999999977,6194.487674593235,True,False,False,0
8626,297.4,308.3,1632,33.5,39,10.900000000000034,5725.238451902039,False,True,False,0
8627,297.4,308.2,1402,49.7,41,10.800000000000011,7296.809704884821,False,True,False,0
8628,297.4,308.3,1347,45.8,43,10.900000000000034,6460.433964695122,False,True,False,0
8629,297.5,308.4,1747,31.0,45,10.899999999999977,5671.3077780154135,False,True,False,0
8630,297.5,308.5,1557,39.1,47,11.0,6375.202556003232,True,False,False,0
8631,297.4,308.4,1371,57.4,52,11.0,8240.963017043672,False,True,False,0
8632,297.3,308.3,1506,37.0,54,11.0,5835.194194777681,True,False,False,0
8633,297.3,308.3,1590,35.5,59,11.0,5910.906577729195,False,True,False,0
8634,297.4,308.3,1336,53.7,61,10.900000000000034,7512.930335500774,False,True,False,0
8635,297.3,308.3,1411,43.2,63,11.0,6383.213617269886,False,True,False,0
8636,297.4,308.3,1704,27.3,65,10.900000000000034,4871.479232362477,False,True,False,0
8637,297.5,308.4,1723,27.3,67,10.899999999999977,4925.797369343044,False,True,False,0
8638,297.5,308.5,1459,39.7,69,11.0,6065.609071967469,False,True,False,0
8639,297.6,308.5,1572,35.9,71,10.899999999999977,5909.838436226974,False,True,False,0
8640,297.5,308.4,1384,56.0,73,10.899999999999977,8116.19990079411,False,True,False,0
8641,297.6,308.6,1383,47.5,75,11.0,6879.3025131982495,False,True,False,0
8642,297.6,308.5,1360,48.6,77,10.899999999999977,6921.556934389032,False,False,True,0
8643,297.5,308.4,1596,36.6,80,10.899999999999977,6117.057887657758,False,False,True,0
8644,297.5,308.5,1448,54.3,83,11.0,8233.737353940416,False,True,False,0
8645,297.6,308.5,1443,38.2,85,10.899999999999977,5772.425173558958,False,False,True,0
8646,297.6,308.6,1492,35.5,88,11.0,5546.586549667899,False,False,True,0
8647,297.5,308.6,1497,43.9,91,11.100000000000023,6882.004282880337,False,True,False,0
8648,297.5,308.5,1530,38.5,93,11.0,6168.517175323558,False,True,False,0
8649,297.4,308.4,1478,46.2,95,11.0,7150.6418706888,False,False,True,0
8650,297.4,308.4,1328,61.8,98,11.0,8594.392190572524,False,True,False,0
8651,297.4,308.3,1771,27.4,100,10.900000000000034,5081.568005083537,True,False,False,0
8652,297.4,308.4,1564,35.0,105,11.0,5732.359395250176,False,False,True,0
8653,297.3,308.3,1461,41.5,108,11.0,6349.315832537651,True,False,False,0
8654,297.4,308.3,1335,57.9,113,10.900000000000034,8094.470551606781,False,False,True,0
8655,297.4,308.4,1441,46.8,116,11.0,7062.174621563711,False,False,True,0
8656,297.3,308.3,1268,60.6,119,11.0,8046.749759198752,False,True,False,0
8657,297.3,308.3,1697,27.4,121,11.0,4869.238229602915,False,False,True,0
8658,297.4,308.4,1421,46.0,124,11.0,6845.11151315168,False,True,False,0
8659,297.4,308.5,1496,36.4,126,11.100000000000023,5702.451433188001,False,True,False,0
8660,297.5,308.5,1375,55.6,128,11.0,8005.825278897989,False,True,False,0
8661,297.4,308.5,1295,52.1,130,11.100000000000023,7065.389518045885,False,True,False,0
8662,297.4,308.5,1643,33.8,132,11.100000000000023,5815.444048962113,False,True,False,0
8663,297.5,308.6,1514,36.9,134,11.100000000000023,5850.336671367984,False,True,False,0
8664,297.5,308.6,1671,29.4,136,11.100000000000023,5144.609297665573,False,True,False,0
8665,297.5,308.6,1355,58.9,138,11.100000000000023,8357.631296222486,True,False,False,0
8666,297.6,308.7,1365,50.6,143,11.099999999999966,7232.888766359781,False,True,False,0
8667,297.5,308.7,1407,42.5,145,11.199999999999989,6261.979556767855,False,True,False,0
8668,297.5,308.8,1455,46.1,147,11.300000000000011,7024.129934528739,False,False,True,0
8669,297.5,308.8,1502,45.9,150,11.300000000000011,7219.56841350856,False,True,False,0
8670,297.5,308.8,1471,52.3,152,11.300000000000011,8056.436336547321,False,False,True,0
8671,297.5,308.9,1581,30.4,155,11.399999999999977,5033.082758463135,False,True,False,0
8672,297.5,308.8,1530,37.8,157,11.300000000000011,6056.362317590402,False,True,False,0
8673,297.5,308.8,1312,50.3,159,11.300000000000011,6910.833631464778,False,True,False,0
8674,297.4,308.6,1494,42.6,161,11.200000000000045,6664.825982737674,False,True,False,0
8675,297.4,308.6,1528,29.1,163,11.200000000000045,4656.342967444648,False,False,True,0
8676,297.3,308.6,1688,29.4,166,11.300000000000011,5196.9482312743785,True,False,False,0
8677,297.3,308.5,1520,42.4,171,11.199999999999989,6748.978777951833,False,False,True,0
8678,297.3,308.5,1664,28.9,174,11.199999999999989,5035.93113580239,False,False,True,0
8679,297.3,308.5,1514,44.5,177,11.199999999999989,7055.284061676837,False,True,False,0
8680,297.3,308.5,1456,54.2,179,11.199999999999989,8263.980419218975,False,True,False,0
8681,297.2,308.5,1494,39.6,181,11.300000000000011,6195.472040291359,False,True,False,0
8682,297.2,308.4,1605,30.0,183,11.199999999999989,5042.256209011618,False,True,False,0
8683,297.2,308.5,1353,46.5,185,11.300000000000011,6588.391033475835,False,False,True,0
8684,297.2,308.5,1447,47.9,188,11.300000000000011,7258.262363025275,False,True,False,0
8685,297.2,308.5,1588,40.4,190,11.300000000000011,6718.316833652796,False,True,False,0
8686,297.2,308.5,1524,41.4,192,11.300000000000011,6607.146341617765,True,False,False,0
8687,297.2,308.5,1611,31.6,197,11.300000000000011,5331.031405729592,False,False,True,0
8688,297.2,308.5,1604,34.9,200,11.300000000000011,5862.170003696506,False,False,True,0
8689,297.1,308.5,1483,46.9,203,11.399999999999977,7283.54171191116,False,True,False,0
8690,297.1,308.4,1543,39.6,205,11.299999999999955,6398.670253125547,False,True,False,0
8691,297.1,308.5,1323,44.4,207,11.399999999999977,6151.364079434958,False,True,False,1
8692,297.1,308.5,1555,36.2,0,11.399999999999977,5894.7797354407685,False,True,False,0
8693,297.1,308.4,1583,31.9,2,11.299999999999955,5288.106778106043,False,True,False,0
8694,297.2,308.5,1584,40.0,4,11.300000000000011,6635.043684381642,False,False,True,0
8695,297.2,308.5,1766,25.8,7,11.300000000000011,4771.325258566034,False,True,False,0
8696,297.2,308.6,1498,44.4,9,11.400000000000034,6965.036576714714,False,False,True,0
8697,297.2,308.6,1413,49.8,12,11.400000000000034,7368.856896407146,False,True,False,0
8698,297.3,308.6,1505,33.5,14,11.300000000000011,5279.708253745446,False,True,False,0
8699,297.3,308.7,1438,46.2,16,11.399999999999977,6957.119763227669,True,False,False,0
8700,297.3,308.7,1655,34.1,21,11.399999999999977,5909.911740055559,False,False,True,0
8701,297.3,308.7,1451,43.8,24,11.399999999999977,6655.338372923832,False,False,True,0
8702,297.3,308.7,1466,38.4,27,11.399999999999977,5895.135782608175,False,False,True,0
8703,297.2,308.6,1774,23.0,30,11.400000000000034,4272.775448392358,False,True,False,0
8704,297.2,308.6,1284,51.3,32,11.400000000000034,6897.806493927893,False,False,True,0
8705,297.1,308.5,1425,40.0,35,11.399999999999977,5969.026041820606,False,True,False,0
8706,297.2,308.6,1437,52.4,37,11.400000000000034,7885.271896804237,False,True,False,0
8707,297.2,308.6,1335,53.0,39,11.400000000000034,7409.446273491527,False,True,False,0
8708,297.2,308.5,1471,41.7,41,11.300000000000011,6423.583082868514,False,True,False,0
8709,297.2,308.5,1364,54.0,43,11.300000000000011,7713.238283093659,False,False,True,0
8710,297.1,308.5,1578,35.6,46,11.399999999999977,5882.820739406103,False,True,False,0
8711,297.1,308.5,1712,32.1,48,11.399999999999977,5754.895086551926,False,True,False,0
8712,297.1,308.5,1733,28.7,50,11.399999999999977,5208.45693236203,False,True,False,0
8713,297.2,308.6,1652,32.1,52,11.400000000000034,5553.204838191462,False,True,False,0
8714,297.2,308.6,1917,24.1,54,11.400000000000034,4838.0212706017455,False,True,False,0
8715,297.2,308.6,1444,41.1,56,11.400000000000034,6214.949914743615,False,False,True,0
8716,297.1,308.6,1442,37.1,59,11.5,5602.318403342582,False,True,False,0
8717,297.1,308.6,1717,31.3,61,11.5,5627.859551616267,False,False,True,0
8718,297.1,308.7,1474,42.3,64,11.599999999999966,6529.29767566181,False,True,False,0
8719,297.2,308.7,1509,39.3,66,11.5,6210.2689416897665,False,True,False,0
8720,297.2,308.8,1451,43.1,68,11.600000000000023,6548.974517648794,False,True,False,0
8721,297.3,308.8,1554,36.1,70,11.5,5874.715430359841,False,True,False,0
8722,297.2,308.7,1669,30.7,72,11.5,5365.662228747662,False,True,False,0
8723,297.2,308.6,1366,50.4,74,11.400000000000034,7209.578148870143,False,True,False,0
8724,297.2,308.6,1578,34.4,76,11.400000000000034,5684.523411111515,False,True,False,0
8725,297.2,308.6,1513,39.0,78,11.400000000000034,6179.1985903457635,False,False,True,0
8726,297.1,308.5,1515,42.1,81,11.399999999999977,6679.183061164579,False,False,True,0
8727,297.2,308.6,1562,33.0,84,11.400000000000034,5397.884497397982,False,True,False,0
8728,297.2,308.7,1501,38.5,86,11.5,6051.597568732458,False,True,False,0
8729,297.2,308.7,1398,38.1,88,11.5,5577.772092742534,False,False,True,0
8730,297.3,308.7,1352,53.8,91,11.399999999999977,7617.063659991763,False,True,False,0
8731,297.3,308.7,1569,33.9,93,11.399999999999977,5569.949527035095,True,False,False,0
8732,297.2,308.6,1486,46.6,98,11.400000000000034,7251.591714624152,True,False,False,0
8733,297.2,308.6,1864,23.6,103,11.400000000000034,4606.663915615881,False,True,False,0
8734,297.3,308.7,1447,44.5,105,11.399999999999977,6743.062111787572,False,False,True,0
8735,297.2,308.6,1392,41.5,108,11.400000000000034,6049.450813752505,False,True,False,0
8736,297.3,308.6,1358,47.6,110,11.300000000000011,6769.168746738903,False,True,False,0
8737,297.3,308.7,1491,40.2,112,11.399999999999977,6276.7136263131915,False,True,False,0
8738,297.3,308.7,1556,36.7,114,11.399999999999977,5980.042560059195,False,True,False,0
8739,297.3,308.7,1531,36.7,116,11.399999999999977,5883.962184736907,False,True,False,0
8740,297.4,308.7,1429,37.6,118,11.300000000000011,5626.634330481367,True,False,False,0
8741,297.4,308.8,1573,33.9,123,11.400000000000034,5584.149525829321,False,False,True,0
8742,297.4,308.8,1538,41.2,126,11.400000000000034,6635.630115010314,False,True,False,0
8743,297.4,308.8,1467,39.0,128,11.400000000000034,5991.3313496610945,False,True,False,0
8744,297.4,308.7,1323,51.1,130,11.300000000000011,7079.610460791135,True,False,False,0
8745,297.4,308.7,1798,23.0,135,11.300000000000011,4330.58075321841,False,False,True,0
8746,297.4,308.6,1411,46.3,138,11.200000000000045,6841.268298138788,False,True,False,0
8747,297.3,308.5,1528,44.5,140,11.199999999999989,7120.524469116385,False,True,False,0
8748,297.3,308.5,1504,42.0,142,11.199999999999989,6614.9374913986685,False,True,False,0
8749,297.3,308.5,1384,39.6,144,11.199999999999989,5739.312786990121,False,True,False,0
8750,297.2,308.4,1677,26.4,146,11.199999999999989,4636.236774461672,False,True,False,0
8751,297.3,308.5,1764,30.8,148,11.199999999999989,5689.5499593572595,False,True,False,0
8752,297.4,308.5,1472,42.0,150,11.100000000000023,6474.194140517845,False,False,True,0
8753,297.4,308.5,1465,55.9,153,11.100000000000023,8575.867265891857,False,False,True,0
8754,297.4,308.6,1657,33.1,156,11.200000000000045,5743.532993121444,False,False,True,0
8755,297.4,308.6,1635,30.5,159,11.200000000000045,5222.112388429633,False,True,False,0
8756,297.4,308.7,1582,31.9,161,11.300000000000011,5284.766217917725,False,False,True,0
8757,297.5,308.7,1761,26.2,164,11.199999999999989,4831.581005661886,False,True,False,0
8758,297.5,308.8,1587,34.9,166,11.300000000000011,5800.0397729840115,False,True,False,0
8759,297.5,308.7,1446,53.0,168,11.199999999999989,8025.512592860485,False,False,True,0
8760,297.5,308.7,1352,53.0,171,11.199999999999989,7503.79877285434,False,False,True,0
8761,297.4,308.7,1392,46.4,174,11.300000000000011,6763.7233194726805,False,False,True,0
8762,297.5,308.8,1417,49.8,177,11.300000000000011,7389.717071626982,False,True,False,0
8763,297.5,308.8,1824,24.0,179,11.300000000000011,4584.212000118226,True,False,False,0
8764,297.5,308.8,1603,36.7,184,11.300000000000011,6160.673665665096,False,True,False,0
8765,297.4,308.8,1620,33.4,186,11.400000000000034,5666.17651001455,False,True,False,0
8766,297.4,308.8,1353,49.4,188,11.400000000000034,6999.279936638843,False,True,False,0
8767,297.5,308.8,1360,50.7,190,11.300000000000011,7220.63655501078,False,True,False,0
8768,297.5,308.6,1380,53.5,192,11.100000000000023,7731.459520484481,False,True,False,0
8769,297.5,308.7,1363,53.6,194,11.199999999999989,7650.4902058259595,False,False,True,0
8770,297.4,308.6,1452,41.2,197,11.200000000000045,6264.587078670334,False,False,True,0
8771,297.4,308.6,1680,32.8,200,11.200000000000045,5770.477386113731,False,True,False,0
8772,297.5,308.6,1536,39.0,202,11.100000000000023,6273.132210688099,False,True,False,0
8773,297.5,308.6,1621,28.9,0,11.100000000000023,4905.795896115188,False,True,False,0
8774,297.5,308.6,1585,37.6,2,11.100000000000023,6240.878526111243,False,True,False,0
8775,297.6,308.7,1408,51.5,4,11.099999999999966,7593.438883236769,False,False,True,0
8776,297.5,308.6,1536,38.7,7,11.100000000000023,6224.87734752896,True,False,False,0
8777,297.5,308.6,1352,52.6,12,11.100000000000023,7447.166329285628,False,True,False,0
8778,297.5,308.6,1481,38.8,14,11.100000000000023,6017.490344489985,True,False,False,0
8779,297.5,308.7,1454,45.0,19,11.199999999999989,6851.813577479338,False,True,False,0
8780,297.5,308.6,1349,51.5,21,11.100000000000023,7275.247907305683,False,False,True,0
8781,297.5,308.6,1327,52.1,24,11.100000000000023,7239.978293781381,False,False,True,0
8782,297.6,308.7,1552,42.3,27,11.099999999999966,6874.810035703615,False,True,False,0
8783,297.5,308.7,1456,44.7,29,11.199999999999989,6815.496766403841,False,True,False,0
8784,297.6,308.6,1254,45.8,31,11.0,6014.390639738443,False,False,True,0
8785,297.5,308.6,1437,43.3,34,11.100000000000023,6515.883075030982,False,True,False,0
8786,297.5,308.6,1694,27.1,36,11.100000000000023,4807.411686180269,False,True,False,0
8787,297.5,308.5,1306,50.7,38,11.0,6933.934809444176,False,True,False,0
8788,297.5,308.5,1699,30.1,40,11.0,5355.3578048438885,False,False,True,0
8789,297.4,308.5,1369,53.2,43,11.100000000000023,7626.823541168917,False,True,False,0
8790,297.4,308.5,1471,43.9,45,11.100000000000023,6762.477154386757,False,True,False,0
8791,297.4,308.5,1410,43.9,47,11.100000000000023,6482.04812215182,False,True,False,0
8792,297.4,308.5,1412,45.5,49,11.100000000000023,6727.825387417662,False,False,True,0
8793,297.4,308.5,1418,51.2,52,11.100000000000023,7602.821773295491,False,True,False,0
8794,297.4,308.5,1782,25.9,54,11.100000000000023,4833.214633841752,False,True,False,0
8795,297.4,308.5,1497,36.4,56,11.100000000000023,5706.263232274356,False,False,True,0
8796,297.3,308.4,1459,39.4,59,11.099999999999966,6019.773235151593,False,True,False,0
8797,297.2,308.3,1796,23.8,61,11.100000000000023,4476.224988638833,False,True,False,0
8798,297.2,308.3,1569,31.2,63,11.100000000000023,5126.325228421681,False,True,False,0
8799,297.3,308.4,1469,46.7,65,11.099999999999966,7184.016056645435,False,True,False,0
8800,297.3,308.4,1472,41.3,67,11.099999999999966,6366.290904842548,False,True,False,0
8801,297.4,308.5,1475,47.2,69,11.100000000000023,7290.589351430713,False,True,False,0
8802,297.4,308.6,1488,36.4,71,11.200000000000045,5671.9570404971555,False,True,False,0
8803,297.4,308.6,1524,43.1,73,11.200000000000045,6878.454283181781,False,True,False,0
8804,297.4,308.5,1486,48.6,75,11.100000000000023,7562.818826839781,False,True,False,0
8805,297.5,308.6,1255,60.7,77,11.100000000000023,7977.393865383002,False,False,True,0
8806,297.4,308.6,1469,42.6,80,11.200000000000045,6553.299443535237,False,False,True,0
8807,297.4,308.5,1692,34.3,83,11.100000000000023,6077.473820222526,False,True,False,0
8808,297.4,308.6,1604,32.8,85,11.200000000000045,5509.431980551443,False,False,True,0
8809,297.4,308.6,1446,48.1,88,11.200000000000045,7283.531239935648,False,True,False,0
8810,297.3,308.5,1503,43.3,90,11.199999999999989,6815.151191211945,False,True,False,0
8811,297.3,308.5,1625,32.8,92,11.199999999999989,5581.562947877865,False,False,True,0
8812,297.2,308.5,1574,35.8,95,11.300000000000011,5900.874425188732,False,True,False,0
8813,297.2,308.4,1378,41.9,97,11.199999999999989,6046.330165049939,False,False,True,0
8814,297.1,308.4,1693,29.5,100,11.299999999999955,5230.071089818727,False,True,False,0
8815,297.2,308.4,1462,51.2,102,11.199999999999989,7838.734437629061,False,True,False,0
8816,297.3,308.5,1435,55.0,104,11.199999999999989,8265.006672819147,True,False,False,0
8817,297.2,308.5,1425,45.8,109,11.300000000000011,6834.534817884594,False,False,True,0
8818,297.3,308.6,1376,53.5,112,11.300000000000011,7709.049492888873,True,False,False,0
8819,297.4,308.7,1481,48.0,117,11.300000000000011,7444.317951946374,False,False,True,0
8820,297.4,308.7,1349,48.9,120,11.300000000000011,6907.953838198987,True,False,False,0
8821,297.3,308.7,1551,40.0,125,11.399999999999977,6496.8136076236915,False,True,False,0
8822,297.4,308.7,1623,33.8,127,11.300000000000011,5744.653494501223,True,False,False,0
8823,297.4,308.8,1462,49.7,132,11.400000000000034,7609.084014651647,False,True,False,0
8824,297.3,308.8,1447,57.4,134,11.5,8697.792476777677,False,False,True,0
8825,297.3,308.9,1799,24.5,137,11.599999999999966,4615.575566776564,False,False,True,0
8826,297.3,308.8,1548,41.3,140,11.5,6694.985272212135,False,False,True,0
8827,297.2,308.8,1485,47.9,143,11.600000000000023,7448.8732612940785,False,False,True,0
8828,297.2,308.7,1463,49.9,146,11.5,7644.929586829106,False,True,False,0
8829,297.3,308.7,1587,35.8,148,11.399999999999977,5949.6109992214215,False,True,False,0
8830,297.3,308.8,1469,44.1,150,11.5,6784.0494239414065,False,False,True,0
8831,297.3,308.7,1430,42.8,153,11.399999999999977,6409.267892343655,True,False,False,0
8832,297.4,308.7,1726,26.8,158,11.300000000000011,4844.000768619078,True,False,False,0
8833,297.4,308.8,1651,34.1,163,11.400000000000034,5895.627965457238,False,True,False,0
8834,297.4,308.8,1529,41.3,165,11.400000000000034,6612.8116803697385,False,True,False,0
8835,297.4,308.8,1473,46.2,167,11.400000000000034,7126.451607256159,False,True,False,0
8836,297.4,308.8,1324,53.5,169,11.400000000000034,7417.71913414598,True,False,False,0
8837,297.4,308.9,1708,28.8,174,11.5,5151.206642238112,False,True,False,0
8838,297.5,309.1,1540,38.5,176,11.600000000000023,6208.8342810446275,False,False,True,0
8839,297.5,309.0,1320,54.7,179,11.5,7561.185198659914,False,True,False,0
8840,297.4,308.9,1376,39.0,181,11.5,5619.680938741421,False,False,True,0
8841,297.3,308.7,1542,37.0,184,11.399999999999977,5974.680908597068,False,False,True,0
8842,297.3,308.7,1506,39.3,187,11.399999999999977,6197.922482561158,False,True,False,0
8843,297.3,308.7,1492,43.6,189,11.399999999999977,6812.145734240012,False,True,False,0
8844,297.3,308.8,1564,38.0,191,11.5,6223.704486271619,True,False,False,0
8845,297.4,308.9,1645,30.8,196,11.5,5305.731112892681,True,False,False,0
8846,297.4,308.9,1348,59.1,201,11.5,8342.687787166911,False,False,True,0
8847,297.4,308.8,1325,62.4,204,11.400000000000034,8658.22935329347,False,False,True,1
8848,297.5,308.9,1443,43.5,0,11.399999999999977,6573.3113887386035,False,True,False,0
8849,297.5,308.9,1436,44.8,2,11.399999999999977,6736.915062162047,False,False,True,0
8850,297.5,308.9,1596,30.7,5,11.399999999999977,5130.974785548993,False,True,False,0
8851,297.6,309.0,1491,43.2,7,11.399999999999977,6745.12509096343,False,True,False,0
8852,297.7,308.9,1573,35.1,9,11.199999999999989,5781.818535593191,False,False,True,0
8853,297.7,308.9,1575,39.9,12,11.199999999999989,6580.851211107219,False,True,False,0
8854,297.7,308.9,1458,41.1,14,11.199999999999989,6275.205661839468,False,True,False,0
8855,297.7,309.0,1433,41.8,16,11.300000000000011,6272.650499814547,False,False,True,0
8856,297.7,308.9,1662,28.1,19,11.199999999999989,4890.642947549375,False,True,False,0
8857,297.7,308.9,1327,63.7,21,11.199999999999989,8851.950428289329,False,False,True,0
8858,297.7,308.9,1742,26.3,24,11.199999999999989,4797.693692905164,False,True,False,0
8859,297.8,308.9,1506,33.5,26,11.099999999999966,5283.2163655419545,False,True,False,0
8860,297.9,309.1,1457,44.4,28,11.200000000000045,6774.404734494886,False,True,False,0
8861,297.9,309.1,1488,37.3,30,11.200000000000045,5812.197736553404,False,False,True,0
8862,297.9,309.1,1619,34.7,33,11.200000000000045,5883.082538793902,False,True,False,0
8863,298.0,309.2,1558,41.7,35,11.199999999999989,6803.4958824671285,False,False,True,0
8864,298.0,309.2,1731,28.7,38,11.199999999999989,5202.446018418161,False,True,False,0
8865,298.0,309.1,1574,34.8,40,11.100000000000023,5736.0455306303875,False,False,True,0
8866,297.9,309.0,1290,49.8,43,11.100000000000023,6727.406508397182,False,True,False,0
8867,297.9,308.9,1416,39.6,45,11.0,5872.013660677753,True,False,False,0
8868,297.9,308.9,1566,41.9,50,11.0,6871.228620078523,False,True,False,0
8869,297.9,309.0,1456,46.5,52,11.100000000000023,7089.946300621445,False,True,False,0
8870,297.9,309.0,1528,37.5,54,11.100000000000023,6000.441968356505,False,True,False,0
8871,297.9,309.1,1338,49.6,56,11.200000000000045,6949.705604565197,False,False,True,0
8872,297.9,309.1,1558,39.2,59,11.200000000000045,6395.612436276053,False,False,True,0
8873,297.9,309.1,1614,38.1,62,11.200000000000045,6439.573789475286,False,False,True,0
8874,298.0,309.1,1557,36.4,65,11.100000000000023,5934.971177455693,True,False,False,0
8875,298.1,309.3,1443,45.3,70,11.199999999999989,6845.310480686407,False,True,False,0
8876,298.1,309.3,1332,51.0,72,11.199999999999989,7113.822404788727,True,False,False,0
8877,298.1,309.3,1752,25.2,77,11.199999999999989,4623.419076435027,False,False,True,0
8878,298.1,309.2,1460,45.8,80,11.099999999999966,7002.400585341409,False,False,True,0
8879,298.1,309.2,1802,26.9,83,11.099999999999966,5076.164465719363,False,True,False,0
8880,298.0,309.2,1527,39.5,85,11.199999999999989,6316.329109674958,False,True,False,0
8881,298.0,309.2,1458,39.8,87,11.199999999999989,6076.7198379856645,False,True,False,0
8882,298.0,309.2,1520,37.9,89,11.199999999999989,6032.69565293336,True,False,False,0
8883,298.0,309.2,1378,49.7,94,11.199999999999989,7171.899980978091,False,True,False,0
8884,297.9,309.2,1529,38.1,96,11.300000000000011,6100.438862520268,False,False,True,0
8885,298.0,309.2,1527,32.4,99,11.199999999999989,5180.988940594142,False,True,False,0
8886,298.0,309.2,1438,42.9,101,11.199999999999989,6460.182637282835,False,False,True,0
8887,297.9,309.0,1583,36.7,104,11.100000000000023,6083.809365407266,False,True,False,0
8888,297.8,308.9,1530,37.6,106,11.099999999999966,6024.318072523787,False,True,False,0
8889,297.7,308.9,1530,39.1,108,11.199999999999989,6264.649910523406,False,False,True,0
8890,297.7,308.8,2089,19.1,111,11.100000000000023,4178.307757298913,False,False,True,0
8891,297.7,308.8,1616,34.2,114,11.100000000000023,5787.567650149261,False,True,False,0
8892,297.7,308.9,1681,28.3,116,11.199999999999989,4981.7596064789905,False,False,True,0
8893,297.6,308.8,1475,43.0,119,11.199999999999989,6641.85046846442,False,True,False,0
8894,297.5,308.7,1371,46.5,121,11.199999999999989,6676.04146851099,False,True,False,0
8895,297.5,308.7,1546,38.0,123,11.199999999999989,6152.076173769772,False,False,True,0
8896,297.4,308.6,1461,40.1,126,11.200000000000045,6135.122045415899,True,False,False,0
8897,297.4,308.7,1638,31.9,131,11.300000000000011,5471.837588463486,False,True,False,0
8898,297.3,308.7,1577,35.6,133,11.399999999999977,5879.092716123843,False,False,True,0
8899,297.4,308.6,1532,38.7,136,11.200000000000045,6208.666729436436,False,True,False,0
8900,297.3,308.5,1710,27.7,138,11.199999999999989,4960.260640752924,False,False,True,0
8901,297.3,308.6,1584,29.4,141,11.300000000000011,4876.757108020507,False,False,True,0
8902,297.3,308.6,1446,50.1,144,11.300000000000011,7586.380771741705,False,True,False,0
8903,297.4,308.7,1522,46.3,146,11.300000000000011,7379.454535625256,True,False,False,0
8904,297.4,308.7,1382,49.9,151,11.300000000000011,7221.662808610953,False,False,True,0
8905,297.4,308.7,1584,38.2,154,11.300000000000011,6336.466718584469,False,True,False,0
8906,297.3,308.6,1385,55.2,156,11.300000000000011,8006.034718408228,False,True,False,0
8907,297.3,308.7,1592,34.4,158,11.399999999999977,5734.956445177143,False,True,False,0
8908,297.2,308.6,1404,43.7,160,11.400000000000034,6425.059631415701,False,False,True,0
8909,297.2,308.5,1518,44.3,163,11.300000000000011,7042.131260433807,False,True,False,0
8910,297.1,308.4,1529,40.4,165,11.299999999999955,6468.706825349575,False,True,False,0
8911,297.1,308.4,1550,37.0,167,11.299999999999955,6005.677956112488,False,True,False,0
8912,297.1,308.3,1773,23.8,169,11.199999999999989,4418.9013946863315,False,True,False,0
8913,297.2,308.5,1446,43.7,171,11.300000000000011,6617.262269962325,False,True,False,0
8914,297.2,308.5,1487,46.9,173,11.300000000000011,7303.1871379716085,False,False,True,0
8915,297.3,308.5,1524,49.3,176,11.199999999999989,7867.930305356421,False,False,True,0
8916,297.1,308.3,1403,54.1,179,11.199999999999989,7948.4702690189515,False,True,False,0
8917,297.1,308.2,2267,15.7,181,11.099999999999966,3727.1750522434186,False,True,False,0
8918,297.1,308.2,1529,37.9,183,11.099999999999966,6068.415561404676,False,False,True,0
8919,297.1,308.2,1402,51.2,186,11.099999999999966,7517.035349901466,False,True,False,0
8920,297.2,308.3,1693,28.0,188,11.100000000000023,4964.135271692351,False,True,False,0
8921,297.1,308.3,1496,45.8,190,11.199999999999989,7175.0625175827045,False,True,False,0
8922,297.1,308.1,1633,33.3,192,11.0,5694.545091676466,False,True,False,0
8923,297.1,308.2,1399,42.6,194,11.099999999999966,6241.025133768411,False,True,False,0
8924,297.0,308.1,1363,45.3,196,11.100000000000023,6465.80608813276,False,False,True,0
8925,297.1,308.2,1527,42.2,199,11.099999999999966,6748.078188057803,True,False,False,0
8926,297.2,308.2,1405,42.5,204,11.0,6253.078377582684,False,False,True,0
8927,297.3,308.3,1459,59.6,207,11.0,9106.052914087184,False,False,True,1
8928,297.4,308.4,1789,25.0,210,11.0,4683.5910477267835,False,False,True,0
8929,297.4,308.4,1531,41.5,213,11.0,6653.526721160263,False,True,False,0
8930,297.4,308.4,1620,35.8,215,11.0,6073.326917919787,False,False,True,0
8931,297.4,308.4,1571,39.4,0,11.0,6481.880570543628,False,True,False,0
8932,297.4,308.4,1434,39.9,2,11.0,5991.708340779524,False,True,False,0
8933,297.4,308.4,1474,43.6,4,11.0,6729.9616704221025,False,True,False,0
8934,297.3,308.3,1544,41.7,6,11.0,6742.360489428271,False,False,True,0
8935,297.3,308.2,1601,35.7,9,10.899999999999977,5985.330907692738,False,True,False,0
8936,297.4,308.3,1801,26.9,11,10.900000000000034,5073.347504306644,False,True,False,0
8937,297.4,308.3,1465,42.0,13,10.900000000000034,6443.406532512666,False,True,False,0
8938,297.4,308.4,1340,52.6,15,11.0,7381.067219854099,False,False,True,0
8939,297.4,308.4,1517,41.0,18,11.0,6513.254609177478,False,False,True,0
8940,297.3,308.4,1434,44.8,21,11.099999999999966,6727.532172103326,False,False,True,0
8941,297.3,308.3,1935,19.3,24,11.0,3910.811614821254,True,False,False,0
8942,297.3,308.3,1595,32.2,29,11.0,5378.301903190607,False,False,True,0
8943,297.3,308.3,2188,17.0,32,11.0,3895.1560114308645,False,True,False,0
8944,297.3,308.4,1449,44.4,34,11.099999999999966,6737.208277476383,False,False,True,0
8945,297.3,308.3,1471,38.2,37,11.0,5884.433423634946,False,True,False,0
8946,297.4,308.2,1639,33.8,39,10.800000000000011,5801.285938069936,False,True,False,0
8947,297.3,308.2,1846,24.5,41,10.899999999999977,4736.160364796852,False,False,True,0
8948,297.3,308.2,1452,38.2,44,10.899999999999977,5808.427825369096,False,False,True,0
8949,297.4,308.3,1483,41.9,47,10.900000000000034,6507.0447276988825,False,False,True,0
8950,297.4,308.3,1284,60.3,50,10.900000000000034,8107.947984090681,False,True,False,0
8951,297.4,308.2,1419,50.0,52,10.800000000000011,7429.86662573986,False,True,False,0
8952,297.3,308.1,1763,28.4,54,10.800000000000011,5243.234363037269,False,True,False,0
8953,297.2,308.0,1478,42.5,56,10.800000000000011,6577.971417841428,False,False,True,0
8954,297.3,308.0,1518,36.0,59,10.699999999999989,5722.725177779167,False,True,False,0
8955,297.3,308.0,1447,49.0,61,10.699999999999989,7424.944797249236,False,True,False,0
8956,297.4,308.0,1355,55.1,63,10.600000000000023,7818.429277111358,False,False,True,0
8957,297.4,308.1,1348,57.4,66,10.700000000000045,8102.711996334698,False,True,False,0
8958,297.4,308.1,1348,53.7,68,10.700000000000045,7580.411745699884,False,True,False,0
8959,297.4,308.1,1734,27.7,70,10.700000000000045,5029.878333956473,False,False,True,0
8960,297.3,308.0,1420,46.5,73,10.699999999999989,6914.645430551134,False,True,False,0
8961,297.3,307.9,1797,24.7,75,10.599999999999966,4648.080578765706,False,True,False,0
8962,297.3,308.0,1403,45.0,77,10.699999999999989,6611.481739479719,False,False,True,0
8963,297.3,307.9,1628,30.2,80,10.599999999999966,5148.609592311144,False,True,False,0
8964,297.2,307.9,1687,30.4,82,10.699999999999989,5370.531697360727,False,False,True,0
8965,297.2,307.9,1456,44.9,85,10.699999999999989,6845.991159094686,False,False,True,0
8966,297.1,307.9,1496,44.7,88,10.799999999999955,7002.735688557792,False,True,False,0
8967,297.1,307.8,1636,30.3,90,10.699999999999989,5191.042037085631,False,True,False,0
8968,297.1,307.8,1536,40.4,92,10.699999999999989,6498.321572097414,False,True,False,0
8969,297.1,307.8,1454,50.6,94,10.699999999999989,7704.483711565657,False,True,False,0
8970,297.0,307.8,1396,50.0,96,10.800000000000011,7309.438907352252,False,True,False,0
8971,297.0,307.6,1575,37.4,98,10.600000000000023,6168.517175323558,False,True,False,0
8972,296.9,307.6,1514,35.7,100,10.700000000000045,5660.081820266587,False,True,False,0
8973,296.8,307.4,1455,49.9,102,10.599999999999966,7603.125460585337,False,False,True,0
8974,296.8,307.4,1549,48.3,105,10.599999999999966,7834.786502861049,False,True,False,0
8975,296.8,307.5,1474,42.4,107,10.699999999999989,6544.733367566448,False,True,False,0
8976,296.7,307.4,1661,34.2,109,10.699999999999989,5948.731353278417,True,False,False,0
8977,296.7,307.4,1535,34.6,114,10.699999999999989,5561.77091416025,False,True,False,0
8978,296.9,307.5,1556,31.2,116,10.600000000000023,5083.850895745146,False,False,True,0
8979,296.9,307.6,1435,45.0,119,10.700000000000045,6762.27818685203,False,True,False,0
8980,296.9,307.5,1332,51.1,121,10.600000000000023,7127.771076170666,False,False,True,0
8981,297.0,307.6,1513,42.4,124,10.600000000000023,6717.897954632317,False,True,False,0
8982,297.0,307.7,1502,39.4,126,10.699999999999989,6197.189444275321,False,True,False,0
8983,297.0,307.7,1315,60.1,128,10.699999999999989,8276.159326739391,False,True,False,0
8984,297.0,307.7,1261,51.1,130,10.699999999999989,6747.8373326210285,False,False,True,0
8985,297.1,307.8,1406,60.4,133,10.699999999999989,8893.052932173794,False,True,False,0
8986,297.1,307.8,1584,42.3,135,10.699999999999989,7016.5586962335865,False,True,False,0
8987,297.1,307.8,1443,43.9,137,10.699999999999989,6633.75563139367,False,False,True,0
8988,297.2,307.9,1580,35.8,140,10.699999999999989,5923.368228588434,False,True,False,0
8989,297.2,307.9,1825,24.6,142,10.699999999999989,4701.393406097125,False,True,False,0
8990,297.2,307.9,1469,48.2,144,10.699999999999989,7414.766037051606,False,True,False,0
8991,297.2,307.9,1493,38.4,146,10.699999999999989,6003.709224716237,False,True,False,0
8992,297.3,308.0,1598,29.4,148,10.699999999999989,4919.859759227759,False,False,True,0
8993,297.2,307.9,1450,37.2,151,10.699999999999989,5648.583591154448,True,False,False,0
8994,297.2,307.9,1632,37.5,156,10.699999999999989,6408.849013323178,False,False,True,0
8995,297.1,307.9,1980,20.3,159,10.799999999999955,4209.105837279604,False,False,True,0
8996,297.2,308.0,1474,43.7,162,10.800000000000011,6745.39736232674,False,True,False,0
8997,297.2,307.9,1540,37.1,164,10.699999999999989,5983.058489006641,False,True,False,0
8998,297.1,307.9,1609,38.9,166,10.799999999999955,6554.4199449150165,False,False,True,0
8999,297.1,308.0,1467,42.8,169,10.899999999999977,6575.10209655115,False,True,False,0
9000,297.1,307.9,1492,39.4,171,10.799999999999955,6155.929860758175,False,True,False,0
9001,297.0,307.9,1493,46.1,173,10.899999999999977,7207.578001547359,False,True,False,0
9002,297.0,307.8,1500,39.9,175,10.800000000000011,6267.477343911637,False,True,False,0
9003,297.1,307.8,1477,36.6,177,10.699999999999989,5660.961466209592,False,True,False,0
9004,297.1,307.9,1342,49.1,179,10.799999999999955,6900.215048295645,False,True,False,0
9005,297.1,307.8,1538,34.3,181,10.699999999999989,5524.323129729459,False,False,True,0
9006,297.2,307.9,1337,58.1,184,10.699999999999989,8134.599161768634,False,True,False,0
9007,297.3,307.9,1417,41.8,186,10.599999999999966,6202.61392759052,False,True,False,0
9008,297.4,308.0,1383,46.2,188,10.600000000000023,6691.026865468613,False,True,False,0
9009,297.4,308.0,1440,42.4,190,10.600000000000023,6393.769368585947,False,False,True,0
9010,297.3,307.9,1579,34.4,193,10.599999999999966,5688.125770687631,False,True,False,0
9011,297.2,307.9,1441,40.0,195,10.699999999999989,6036.046685097189,False,True,False,0
9012,297.2,307.9,1530,35.9,197,10.699999999999989,5751.941989457552,False,False,True,0
9013,297.2,308.0,1705,26.0,200,10.800000000000011,4642.226744454518,False,True,False,0
9014,297.2,308.0,1435,43.0,202,10.800000000000011,6461.732489658606,True,False,False,0
9015,297.2,308.1,1340,61.3,207,10.900000000000034,8601.890125039092,False,False,True,1
9016,297.2,308.1,1431,49.7,210,10.900000000000034,7447.742287938786,False,True,False,1
9017,297.3,308.2,1396,52.7,212,10.899999999999977,7704.148608349273,False,True,False,1
9018,297.3,308.1,1369,52.0,214,10.800000000000011,7454.78992745834,False,False,True,0
9019,297.3,308.1,1615,35.4,217,10.800000000000011,5986.9331199460685,False,True,False,1
9020,297.2,308.1,1662,31.3,0,10.900000000000034,5447.584493177773,False,True,False,0
9021,297.3,308.2,1553,33.5,2,10.899999999999977,5448.097619977859,False,True,False,0
9022,297.4,308.2,1536,34.6,4,10.800000000000011,5565.394217687391,False,False,True,0
9023,297.4,308.3,1548,46.6,7,10.900000000000034,7554.148031115873,False,True,False,0
9024,297.4,308.3,1706,30.9,9,10.900000000000034,5520.343779034912,False,True,False,0
9025,297.4,308.3,1366,45.5,11,10.900000000000034,6508.646939952214,False,True,False,0
9026,297.5,308.4,1440,35.9,13,10.899999999999977,5413.592460665931,False,True,False,0
9027,297.5,308.4,1685,28.1,15,10.899999999999977,4958.323325283211,False,False,True,0
9028,297.4,308.3,1444,44.0,18,10.900000000000034,6653.474361282703,False,False,True,0
9029,297.4,308.3,1395,48.7,21,10.900000000000034,7114.293643686766,False,True,False,0
9030,297.4,308.3,1483,38.8,23,10.900000000000034,6025.61659748727,False,True,False,0
9031,297.5,308.4,1403,44.3,25,10.899999999999977,6508.636467976701,False,False,True,0
9032,297.5,308.4,1793,23.9,28,10.899999999999977,4487.524250216244,True,False,False,0
9033,297.4,308.3,1723,28.8,33,10.900000000000034,5196.445576449805,False,True,False,0
9034,297.4,308.2,1386,41.0,35,10.800000000000011,5950.804804429786,False,True,False,0
9035,297.4,308.2,1585,46.2,37,10.800000000000011,7668.313508147326,True,False,False,0
9036,297.3,308.1,1731,27.7,42,10.800000000000011,5021.17612230603,False,False,True,0
9037,297.3,308.3,1519,37.7,45,11.0,5996.912912608972,False,True,False,0
9038,297.3,308.2,1896,24.4,47,10.899999999999977,4844.587199247748,False,True,False,0
9039,297.3,308.3,2358,14.9,49,11.0,3679.2448203251506,False,True,False,0
9040,297.3,308.3,1341,51.9,51,11.0,7288.275044842568,False,False,True,0
9041,297.3,308.3,1550,37.0,54,11.0,6005.677956112488,False,True,False,0
9042,297.3,308.3,1309,61.5,56,11.0,8430.30680627553,False,True,False,0
9043,297.3,308.4,1599,32.9,58,11.099999999999966,5509.0026295554535,False,False,True,0
9044,297.4,308.4,1343,40.0,61,11.0,5625.545245028123,False,True,False,0
9045,297.4,308.4,1378,39.9,63,11.0,5757.722519940157,False,True,False,0
9046,297.4,308.4,1603,34.6,65,11.0,5808.155554005785,False,True,False,0
9047,297.4,308.4,1664,28.1,67,11.0,4896.528197787099,False,True,False,0
9048,297.3,308.4,1488,37.4,69,11.099999999999966,5827.780036115209,False,True,False,0
9049,297.3,308.4,1370,50.5,71,11.099999999999966,7245.036257953661,False,False,True,0
9050,297.3,308.5,1545,34.3,74,11.199999999999989,5549.466342933689,False,True,False,0
9051,297.4,308.5,1566,31.4,76,11.100000000000023,5149.321686645957,False,False,True,0
9052,297.4,308.6,1820,24.6,79,11.200000000000045,4688.512876217407,False,True,False,0
9053,297.4,308.6,1901,22.1,81,11.200000000000045,4399.496824062659,False,False,True,0
9054,297.4,308.5,1638,32.2,84,11.100000000000023,5523.296876129288,False,False,True,0
9055,297.3,308.4,1521,38.2,87,11.099999999999966,6084.4481559134965,False,False,True,0
9056,297.3,308.4,1864,23.1,90,11.099999999999966,4509.065103844358,True,False,False,0
9057,297.3,308.3,1430,41.9,95,11.0,6274.4935675046545,False,True,False,0
9058,297.3,308.4,1686,34.5,97,11.099999999999966,6091.23399604525,False,False,True,0
9059,297.2,308.3,1326,57.2,100,11.100000000000023,7942.700210511858,False,False,True,0
9060,297.2,308.3,1805,25.6,103,11.100000000000023,4838.890444569239,False,True,False,0
9061,297.2,308.3,1453,45.8,105,11.100000000000023,6968.827431850045,True,False,False,0
9062,297.2,308.4,1863,26.0,110,11.199999999999989,5072.41549848608,False,False,True,0
9063,297.2,308.3,1576,35.3,113,11.100000000000023,5825.853192621007,False,True,False,0
9064,297.2,308.3,1419,39.7,115,11.100000000000023,5899.31410083745,False,True,False,0
9065,297.2,308.4,1833,25.2,117,11.199999999999989,4837.173040585276,False,True,False,0
9066,297.2,308.4,2182,17.3,119,11.199999999999989,3953.0241481099883,True,False,False,0
9067,297.2,308.3,1656,30.3,124,11.100000000000023,5254.5022086881445,False,True,False,0
9068,297.1,308.2,1351,56.6,126,11.099999999999966,8007.563626832976,False,True,False,0
9069,297.1,308.2,1790,30.3,128,11.099999999999966,5679.685358424987,True,False,False,0
9070,297.2,308.2,1678,28.1,133,11.0,4937.724949451173,False,False,True,0
9071,297.1,308.2,1427,45.2,136,11.099999999999966,6754.466093120103,False,True,False,0
9072,297.0,308.1,1429,54.0,138,11.100000000000023,8080.804623563666,False,True,False,0
9073,297.2,308.1,1770,27.2,140,10.900000000000034,5041.6278904809,True,False,False,0
9074,297.2,308.1,1689,31.2,145,10.900000000000034,5518.395991589687,False,True,False,0
9075,297.2,308.1,1554,41.3,147,10.900000000000034,6720.9348275307875,False,False,True,0
9076,297.3,308.1,1506,36.0,150,10.800000000000011,5677.486243567474,False,True,False,0
9077,297.2,308.1,1474,44.3,152,10.900000000000034,6838.011513754567,False,True,False,0
9078,297.3,308.1,1762,26.1,154,10.800000000000011,4815.873042393938,False,True,False,0
9079,297.3,308.1,1566,35.7,156,10.800000000000011,5854.483573670724,False,True,False,0
9080,297.3,308.1,1554,42.4,158,10.800000000000011,6899.942776932333,True,False,False,0
9081,297.2,308.0,1869,25.4,163,10.800000000000011,4971.31904689356,False,True,False,0
9082,297.3,308.0,1527,35.1,165,10.699999999999989,5612.738018976988,False,True,False,0
9083,297.2,307.9,1309,49.6,167,10.699999999999989,6799.076708801078,False,True,False,0
9084,297.2,307.9,1541,35.7,169,10.699999999999989,5761.021192226427,False,False,True,0
9085,297.2,307.9,1326,75.4,172,10.699999999999989,10469.923004765633,False,True,False,1
9086,297.1,307.9,1365,54.0,174,10.799999999999955,7718.893149870121,True,False,False,0
9087,297.1,307.8,1428,43.7,179,10.699999999999989,6534.889710585201,False,True,False,0
9088,297.1,307.8,1681,27.6,181,10.699999999999989,4858.535870629687,False,True,False,0
9089,297.1,307.9,1662,26.9,183,10.799999999999955,4681.7898679387245,False,False,True,0
9090,297.2,307.9,1989,20.3,186,10.699999999999989,4228.238136539967,False,True,False,0
9091,297.2,307.9,1747,29.0,188,10.699999999999989,5305.416953627323,False,False,True,0
9092,297.2,308.0,1765,31.1,191,10.800000000000011,5748.224438150804,False,False,True,0
9093,297.3,308.1,1568,34.4,194,10.800000000000011,5648.499815350352,False,True,False,0
9094,297.3,308.1,1709,30.6,196,10.800000000000011,5476.361481884655,False,False,True,0
9095,297.3,308.1,1370,58.8,199,10.800000000000011,8435.804593419312,False,False,True,0
9096,297.3,308.1,1458,45.7,202,10.800000000000011,6977.540115476003,False,True,False,0
9097,297.2,308.1,1712,30.9,204,10.900000000000034,5539.758821634097,False,True,False,0
9098,297.3,308.1,1642,36.9,206,10.800000000000011,6344.949018749161,False,True,False,0
9099,297.3,308.1,1468,49.8,0,10.800000000000011,7655.684305679894,False,True,False,0
9100,297.3,308.1,1477,52.3,2,10.800000000000011,8089.297395703869,True,False,False,0
9101,297.3,308.2,1446,53.5,7,10.899999999999977,8101.224975811999,False,True,False,0
9102,297.3,308.2,1653,31.4,9,10.899999999999977,5435.395113681844,True,False,False,0
9103,297.3,308.3,1494,38.2,14,11.0,5976.440200483079,False,True,False,0
9104,297.3,308.2,1490,41.0,16,10.899999999999977,6397.329840260015,False,True,False,0
9105,297.4,308.3,1550,47.8,18,10.900000000000034,7758.686656815592,False,False,True,0
9106,297.3,308.2,1677,34.9,21,10.899999999999977,6128.964523814862,False,False,True,0
9107,297.4,308.3,1854,21.8,24,10.900000000000034,4232.479286622313,False,True,False,0
9108,297.5,308.5,1662,30.3,26,11.0,5273.540260168898,False,False,True,0
9109,297.5,308.6,1440,38.8,29,11.100000000000023,5850.90215804563,False,False,True,0
9110,297.5,308.6,1513,39.7,32,11.100000000000023,6290.107282992996,False,True,False,0
9111,297.6,308.6,1389,49.0,34,11.0,7127.331253199163,False,False,True,0
9112,297.6,308.6,1351,51.0,37,11.0,7215.295847499678,False,True,False,0
9113,297.6,308.6,1482,38.3,39,11.0,5943.95613244496,False,False,True,0
9114,297.6,308.6,1744,28.5,42,11.0,5204.990708467569,False,True,False,0
9115,297.6,308.7,1476,39.0,44,11.099999999999966,6028.087983708095,False,True,False,0
9116,297.6,308.6,1444,48.2,46,11.0,7288.578732132416,False,False,True,0
9117,297.6,308.7,1659,32.1,49,11.099999999999966,5576.73536716685,True,False,False,0
9118,297.6,308.7,1475,46.6,54,11.099999999999966,7197.912368149814,False,False,True,0
9119,297.6,308.6,1526,42.1,57,11.0,6727.678779760494,False,True,False,0
9120,297.4,308.4,1675,29.5,59,11.0,5174.464899850188,False,False,True,0
9121,297.4,308.4,1525,38.7,62,11.0,6180.298147774521,False,True,False,0
9122,297.3,308.3,1396,45.9,64,11.0,6710.064916949367,False,True,False,0
9123,297.4,308.4,1580,41.2,66,11.0,6816.837179269373,False,True,False,0
9124,297.4,308.5,1462,42.8,68,11.100000000000023,6552.692068955542,False,True,False,0
9125,297.4,308.4,1426,50.4,70,11.0,7526.2506883519945,False,True,False,0
9126,297.4,308.5,1569,34.2,72,11.100000000000023,5619.24111576992,False,True,False,0
9127,297.4,308.5,1477,40.7,74,11.100000000000023,6295.112887287715,False,True,False,0
9128,297.4,308.5,1761,27.2,76,11.100000000000023,5015.992494427607,False,True,False,0
9129,297.5,308.6,1486,45.9,78,11.100000000000023,7142.662225348681,False,False,True,0
9130,297.6,308.6,1664,30.1,81,11.0,5245.035542825327,False,True,False,0
9131,297.6,308.6,1576,32.7,83,11.0,5396.7535240426905,False,True,False,0
9132,297.6,308.6,1463,46.7,85,11.0,7154.673581260907,True,False,False,0
9133,297.6,308.6,1585,42.0,90,11.0,6971.194098315751,False,False,True,0
9134,297.7,308.7,1479,45.7,93,11.0,7078.03966446434,False,True,False,0
9135,297.7,308.7,1449,40.2,95,11.0,6099.904791769158,False,True,False,0
9136,297.7,308.8,1404,50.3,97,11.100000000000023,7395.434770256516,True,False,False,0
9137,297.7,308.7,1694,29.1,102,11.0,5162.202216525676,False,True,False,0
9138,297.7,308.7,1731,28.4,104,11.0,5148.065049584521,False,True,False,0
9139,297.6,308.6,1522,37.0,106,11.0,5897.1882898085205,False,True,False,0
9140,297.5,308.5,1536,36.9,108,11.0,5935.3481685741235,False,True,False,0
9141,297.5,308.5,1373,39.9,110,11.0,5736.830928793785,False,True,False,0
9142,297.5,308.5,1597,36.4,112,11.0,6087.443140909917,False,True,False,0
9143,297.6,308.5,1678,34.2,114,10.899999999999977,6009.615418904988,False,True,False,0
9144,297.6,308.5,1452,42.6,116,10.899999999999977,6477.461396877579,False,True,False,0
9145,297.5,308.5,1447,41.6,118,11.0,6303.626603378944,False,False,True,0
9146,297.6,308.5,1574,37.1,121,10.899999999999977,6115.1519881145805,False,True,False,0
9147,297.6,308.6,1528,40.0,123,11.0,6400.471432913605,False,True,False,0
9148,297.7,308.7,1688,27.2,125,11.0,4808.060948662011,False,True,False,0
9149,297.6,308.6,1393,40.4,127,11.0,5893.334602820116,False,True,False,0
9150,297.5,308.6,1429,50.5,129,11.100000000000023,7557.048768332687,False,False,True,0
9151,297.5,308.6,1347,57.0,132,11.100000000000023,8040.278078332357,False,False,True,0
9152,297.6,308.6,1553,40.5,135,11.0,6586.5060778836805,False,True,False,0
9153,297.5,308.6,1260,53.6,137,11.100000000000023,7072.353381761342,False,True,False,0
9154,297.5,308.6,1546,33.8,139,11.100000000000023,5472.109859826796,False,True,False,0
9155,297.5,308.6,1596,36.0,141,11.100000000000023,6016.778250155172,False,True,False,0
9156,297.5,308.5,1340,57.4,143,11.0,8054.62468478375,False,True,False,0
9157,297.5,308.4,1369,54.8,145,10.899999999999977,7856.201692783019,False,False,True,0
9158,297.5,308.5,1462,52.3,148,11.0,8007.144747812496,False,True,False,0
9159,297.4,308.4,1487,46.2,150,11.0,7194.184344867555,True,False,False,0
9160,297.5,308.6,1510,35.5,155,11.100000000000023,5613.502473189362,False,False,True,0
9161,297.5,308.5,1671,28.0,158,11.0,4899.627902538641,True,False,False,0
9162,297.5,308.5,1612,30.0,163,11.0,5064.247357586746,False,False,True,0
9163,297.6,308.6,1509,39.7,166,11.0,6273.4777858799935,False,False,True,0
9164,297.6,308.6,1415,47.3,169,11.0,7008.840850281268,False,True,False,0
9165,297.6,308.6,2384,14.4,171,11.0,3594.9873053558717,False,True,False,0
9166,297.6,308.6,1326,62.4,173,11.0,8664.763866012936,False,True,False,0
9167,297.6,308.6,1390,53.4,175,11.0,7772.928543511865,False,False,True,0
9168,297.6,308.7,1392,41.2,178,11.099999999999966,6005.719844014536,False,False,True,0
9169,297.6,308.8,1385,44.4,181,11.199999999999989,6439.636621328357,True,False,False,0
9170,297.7,308.8,1896,24.5,186,11.100000000000023,4864.442064818435,False,True,False,0
9171,297.7,308.7,1474,46.8,188,11.0,7223.903811370513,False,True,False,0
9172,297.7,308.8,1388,45.6,190,11.100000000000023,6628.006516837602,False,False,True,0
9173,297.7,308.9,1715,27.2,193,11.199999999999989,4884.967136821889,False,True,False,0
9174,297.8,308.9,1650,32.2,195,11.099999999999966,5563.760589507524,True,False,False,0
9175,297.8,308.9,1871,25.6,200,11.099999999999966,5015.824942819416,False,True,False,1
9176,297.8,309.0,1403,64.2,0,11.199999999999989,9432.380614991067,False,True,False,1
9177,297.8,308.9,1518,40.4,2,11.099999999999966,6422.169366174398,False,True,False,0
9178,297.9,309.1,1504,43.0,4,11.200000000000045,6772.436003098636,False,True,False,0
9179,297.8,309.0,1340,56.9,6,11.199999999999989,7984.462448853578,False,True,False,0
9180,297.9,309.1,1435,44.7,8,11.200000000000045,6717.196332273016,True,False,False,0
9181,297.9,309.1,1507,36.9,13,11.200000000000045,5823.2875586205755,False,True,False,0
9182,297.9,309.1,1521,36.1,15,11.200000000000045,5749.96278608579,False,True,False,0
9183,297.8,309.0,1576,45.0,17,11.199999999999989,7426.725033086271,False,False,True,0
9184,297.9,309.1,1543,36.6,20,11.200000000000045,5913.922506676642,False,True,False,0
9185,298.0,309.2,1665,36.6,22,11.199999999999989,6381.517157236946,False,True,False,0
9186,297.9,309.1,1442,50.3,24,11.200000000000045,7595.596110192233,False,True,False,0
9187,297.9,309.0,1629,29.0,26,11.100000000000023,4947.065951607847,False,True,False,0
9188,297.9,309.0,1379,47.3,28,11.100000000000023,6830.524051263511,False,True,False,0
9189,297.9,309.0,1502,40.2,30,11.100000000000023,6323.020702027105,False,True,False,0
9190,297.9,309.1,1595,32.0,32,11.200000000000045,5344.896301307434,False,True,False,0
9191,298.0,309.0,1439,38.5,34,11.0,5801.63151326183,False,False,True,0
9192,297.9,309.0,1970,21.6,37,11.100000000000023,4456.035019851763,False,False,True,0
9193,297.9,309.0,1562,35.8,40,11.100000000000023,5855.886818389326,False,True,False,0
9194,297.9,309.0,1530,40.9,42,11.100000000000023,6553.048116122949,False,False,True,0
9195,297.9,308.9,1393,40.6,45,11.0,5922.509526596454,False,True,False,0
9196,297.9,309.0,1532,37.6,47,11.100000000000023,6032.192998108786,False,True,False,0
9197,298.0,308.9,1607,37.7,49,10.899999999999977,6344.331172193955,False,True,False,0
9198,297.9,308.8,1469,49.0,51,10.900000000000034,7537.832693268229,False,False,True,0
9199,297.9,308.8,1538,37.6,54,10.900000000000034,6055.817774863781,False,False,True,0
9200,297.9,308.8,1613,31.4,57,10.900000000000034,5303.8671012515515,False,True,False,0
9201,297.9,308.8,1602,32.1,59,10.900000000000034,5385.1296312244085,False,False,True,0
9202,297.8,308.7,1404,44.2,62,10.899999999999977,6498.572899509702,False,True,False,0
9203,297.8,308.8,1548,36.9,64,11.0,5981.718076141109,False,True,False,0
9204,297.8,308.8,1559,35.2,66,11.0,5746.685057750546,False,True,False,0
9205,297.8,308.8,1621,36.1,68,11.0,6128.001102067763,False,True,False,0
9206,297.8,308.8,1579,32.9,70,11.0,5440.097030686717,False,True,False,0
9207,297.9,308.9,1547,44.0,72,11.0,7128.064291485001,False,False,True,0
9208,297.9,308.8,1386,48.6,75,10.900000000000034,7053.880816958234,False,True,False,0
9209,298.0,308.9,1406,40.9,77,10.899999999999977,6021.951406058083,False,True,False,0
9210,298.0,309.0,1393,55.9,79,11.0,8154.39119548625,False,False,True,0
9211,297.9,309.0,2456,13.9,82,11.100000000000023,3574.964888176993,False,False,True,0
9212,298.0,309.0,1409,49.1,85,11.0,7244.711626712791,False,False,True,0
9213,298.0,308.9,1390,53.9,88,10.899999999999977,7845.70877332003,False,True,False,0
9214,298.0,309.0,1679,32.4,90,11.0,5696.712790607443,False,True,False,0
9215,298.0,308.9,1508,37.1,92,10.899999999999977,5858.735195728581,False,True,False,0
9216,297.9,308.8,1681,31.7,94,10.900000000000034,5580.274894889893,False,True,False,0
9217,297.7,308.8,1469,43.7,96,11.100000000000023,6722.516095833095,True,False,False,0
9218,297.8,308.8,1421,49.6,101,11.0,7380.815892441812,False,True,False,0
9219,297.7,308.8,1354,50.2,103,11.100000000000023,7117.88553128737,False,True,False,0
9220,297.7,308.8,1350,57.0,105,11.100000000000023,8058.185156457819,False,False,True,0
9221,297.8,308.9,1282,58.1,108,11.099999999999966,7799.9671842837615,False,True,False,0
9222,297.8,309.0,1675,30.0,110,11.199999999999989,5262.167694762903,False,False,True,0
9223,297.9,309.0,1525,38.5,113,11.100000000000023,6148.358622463024,False,False,True,0
9224,297.9,309.0,1382,43.9,116,11.100000000000023,6353.326599158733,False,True,False,0
9225,297.9,309.0,1450,46.8,118,11.100000000000023,7106.282582420112,False,True,False,0
9226,298.0,309.1,1820,23.6,120,11.100000000000023,4497.922921899626,False,True,False,0
9227,298.0,309.1,1822,23.5,122,11.100000000000023,4483.785754958472,False,True,False,0
9228,298.0,309.1,1473,44.3,124,11.100000000000023,6833.3724286027655,False,True,False,0
9229,298.1,309.1,1572,37.5,126,11.0,6173.229564303943,False,False,True,0
9230,298.1,309.0,2042,17.8,129,10.899999999999977,3806.311771187345,False,False,True,0
9231,298.2,309.2,1922,22.6,132,11.0,4548.732947083686,False,True,False,0
9232,298.2,309.1,1539,36.5,134,10.900000000000034,5882.475164214208,False,True,False,0
9233,298.2,309.1,1350,52.0,136,10.900000000000034,7351.326809400116,False,True,False,0
9234,298.3,309.1,1403,45.1,138,10.800000000000011,6626.173921123008,False,True,False,0
9235,298.3,309.1,1904,20.3,140,10.800000000000011,4047.544199080994,False,True,False,0
9236,298.2,308.9,1592,35.2,142,10.699999999999989,5868.327525297542,False,False,True,0
9237,298.1,308.7,1556,31.6,145,10.599999999999966,5149.028471331623,False,True,False,0
9238,298.1,308.8,1811,25.4,147,10.699999999999989,4817.045903651277,False,False,True,0
9239,298.2,308.8,1456,41.2,150,10.600000000000023,6281.844894314055,False,False,True,0
9240,298.2,308.8,1436,51.9,153,10.600000000000023,7804.595797460051,True,False,False,0
9241,298.1,308.7,1362,49.6,158,10.599999999999966,7074.364001059639,False,False,True,0
9242,298.1,308.7,1683,29.1,161,10.599999999999966,5128.681422911874,False,True,False,0
9243,298.2,308.7,1269,60.9,163,10.5,8092.962587133057,False,False,True,0
9244,298.3,308.8,1454,49.0,166,10.5,7460.8636732552795,False,True,False,0
9245,298.3,308.8,1767,27.3,168,10.5,5051.5867391927795,False,True,False,0
9246,298.3,308.9,1708,27.3,170,10.599999999999966,4882.914629621544,False,True,False,0
9247,298.3,308.9,1862,27.0,172,10.599999999999966,5264.680968885775,False,True,False,0
9248,298.3,308.9,1695,30.7,174,10.599999999999966,5449.249537284176,False,True,False,0
9249,298.3,309.1,1488,40.6,176,10.800000000000011,6326.413622092982,False,False,True,0
9250,298.3,309.0,1657,32.2,179,10.699999999999989,5587.364422311495,False,True,False,0
9251,298.3,309.0,1823,25.9,181,10.699999999999989,4944.416541803319,True,False,False,0
9252,298.2,309.1,1651,28.8,186,10.900000000000034,4979.298692233679,False,False,True,0
9253,298.1,309.0,1533,36.1,189,10.899999999999977,5795.327384003627,False,False,True,0
9254,298.2,309.0,1508,40.5,192,10.800000000000011,6395.654324178101,False,False,True,0
9255,298.3,309.1,1616,31.1,195,10.800000000000011,5262.963564901814,False,True,False,0
9256,298.2,309.0,1651,31.5,197,10.800000000000011,5446.107944630586,False,True,False,0
9257,298.2,309.1,1569,35.2,199,10.900000000000034,5783.546411552666,False,True,False,0
9258,298.3,309.1,1296,58.7,201,10.800000000000011,7966.5763146791405,False,False,True,0
9259,298.3,309.0,1379,43.2,0,10.699999999999989,6238.449027792468,True,False,False,0
9260,298.2,309.0,1694,28.0,5,10.800000000000011,4967.067424835702,False,False,True,0
9261,298.2,309.0,1377,57.8,8,10.800000000000011,8334.708141826792,False,True,False,0
9262,298.3,309.0,1470,38.4,10,10.699999999999989,5911.2207369945545,True,False,False,0
9263,298.3,309.1,1404,47.0,15,10.800000000000011,6910.247200836108,False,False,True,0
9264,298.3,309.1,1593,40.1,18,10.800000000000011,6689.424653215282,False,True,False,0
9265,298.3,309.0,1526,36.9,20,10.699999999999989,5896.70657893497,False,False,True,0
9266,298.3,308.9,1390,49.7,23,10.599999999999966,7234.354842931456,False,False,True,0
9267,298.2,308.9,1737,25.5,26,10.699999999999989,4638.40447339265,False,True,False,0
9268,298.2,308.8,1362,57.3,28,10.600000000000023,8172.601960901558,False,True,False,0
9269,298.2,308.8,1666,31.5,30,10.600000000000023,5495.588028924625,False,True,False,0
9270,298.2,308.8,1354,60.9,32,10.600000000000023,8635.044399509976,False,True,False,0
9271,298.2,308.8,1302,60.4,34,10.600000000000023,8235.24531841414,False,True,False,0
9272,298.2,308.7,1991,20.5,36,10.5,4274.189165086474,False,True,False,0
9273,298.2,308.6,1353,54.1,38,10.400000000000034,7665.203331420272,False,True,False,0
9274,298.2,308.7,1520,35.7,40,10.5,5682.512791813218,True,False,False,0
9275,298.2,308.7,1428,54.9,45,10.5,8209.73558606699,False,True,False,0
9276,298.2,308.7,1605,29.4,47,10.5,4941.411084831386,False,True,False,0
9277,298.1,308.7,1691,30.3,49,10.599999999999966,5365.557508992543,False,True,False,0
9278,298.2,308.7,1447,48.4,51,10.5,7334.0271058543485,False,True,False,0
9279,298.2,308.8,1606,39.9,53,10.600000000000023,6710.3790762147255,True,False,False,0
9280,298.2,308.8,1645,28.2,58,10.600000000000023,4857.8447202458965,False,False,True,0
9281,298.2,308.8,1470,43.3,61,10.600000000000023,6665.517133121463,True,False,False,0
9282,298.2,308.9,1336,45.0,66,10.699999999999989,6295.751677793945,False,True,False,0
9283,298.2,308.9,1414,44.3,68,10.699999999999989,6559.666404646511,False,False,True,0
9284,298.3,309.0,1802,27.5,71,10.699999999999989,5189.38746495474,False,False,True,0
9285,298.2,308.9,1683,31.7,74,10.699999999999989,5586.91412736448,False,True,False,0
9286,298.2,309.0,1410,47.6,76,10.800000000000011,7028.371084611085,False,False,True,0
9287,298.2,308.9,1605,32.0,79,10.699999999999989,5378.406622945726,False,True,False,0
9288,298.2,308.9,1709,28.1,81,10.699999999999989,5028.946328135909,False,True,False,0
9289,298.2,308.9,1444,53.1,83,10.699999999999989,8029.533831457081,False,True,False,0
9290,298.2,308.9,1367,45.0,85,10.699999999999989,6441.835736185871,False,True,False,0
9291,298.2,309.0,1418,44.2,87,10.800000000000011,6563.373483977748,False,True,False,0
9292,298.2,309.0,1353,57.8,89,10.800000000000011,8189.4408975248,False,True,False,0
9293,298.2,309.0,1643,34.1,91,10.800000000000011,5867.060416260594,False,True,False,0
9294,298.3,309.1,1437,38.0,93,10.800000000000011,5718.326948064141,False,True,False,0
9295,298.1,309.0,1437,36.2,95,10.899999999999977,5447.4588294716295,False,True,False,0
9296,298.2,309.0,1413,47.9,97,10.800000000000011,7087.715769837396,False,False,True,0
9297,298.2,309.0,1524,39.1,100,10.800000000000011,6240.082655972335,True,False,False,0
9298,298.1,308.9,1479,43.4,105,10.799999999999955,6721.8144734737925,False,False,True,0
9299,298.1,308.9,1313,50.6,108,10.799999999999955,6957.350146688932,False,True,False,0
9300,298.1,308.9,1335,50.4,110,10.799999999999955,7045.964003471187,False,False,True,0
9301,298.1,308.9,1367,41.9,113,10.799999999999955,5998.064829915288,False,True,False,0
9302,298.1,308.9,1459,50.3,115,10.799999999999955,7685.141972795054,False,False,True,0
9303,298.1,308.9,1804,25.1,118,10.799999999999955,4741.7523997202425,False,False,True,0
9304,298.2,309.0,1491,38.3,121,10.800000000000011,5980.053032034706,False,True,False,0
9305,298.3,309.1,1537,43.0,123,10.800000000000011,6921.033335613433,False,True,False,0
9306,298.3,309.1,1646,30.2,125,10.800000000000011,5205.535251194191,True,False,False,0
9307,298.3,309.2,1783,28.3,130,10.899999999999977,5284.0436516074005,False,False,True,0
9308,298.3,309.1,1395,49.8,133,10.800000000000011,7274.986107917884,False,True,False,0
9309,298.4,309.1,1423,48.0,135,10.700000000000045,7152.778153693241,False,True,False,0
9310,298.3,309.2,1562,37.6,137,10.899999999999977,6150.316881883762,False,True,False,0
9311,298.4,309.3,1549,40.8,139,10.900000000000034,6618.204747758401,False,True,False,0
9312,298.4,309.4,1540,43.2,141,11.0,6966.795868600725,False,True,False,0
9313,298.5,309.4,1573,33.6,143,10.899999999999977,5534.732273388354,True,False,False,0
9314,298.5,309.4,1418,45.1,148,10.899999999999977,6697.016835461458,False,True,False,0
9315,298.5,309.4,1565,33.7,150,10.899999999999977,5522.972244888417,False,False,True,0
9316,298.5,309.5,1569,41.0,153,11.0,6736.517127092593,False,True,False,0
9317,298.5,309.4,1417,41.2,155,10.899999999999977,6113.581191787785,True,False,False,0
9318,298.5,309.5,1480,38.1,160,11.0,5904.937551687375,False,True,False,0
9319,298.5,309.4,1364,44.5,162,10.899999999999977,6356.279696253108,False,True,False,0
9320,298.5,309.4,1911,21.5,164,10.899999999999977,4302.568218723901,False,True,False,0
9321,298.4,309.3,1409,43.1,166,10.900000000000034,6359.410816931187,False,True,False,0
9322,298.4,309.2,1335,53.5,168,10.800000000000011,7479.346710033899,False,True,False,0
9323,298.5,309.3,1512,38.1,170,10.800000000000011,6032.611877129265,False,False,True,0
9324,298.6,309.4,1447,40.2,173,10.799999999999955,6091.485323457537,False,True,False,0
9325,298.6,309.3,1537,37.6,175,10.699999999999989,6051.880312071282,False,True,False,0
9326,298.6,309.3,1510,40.8,177,10.699999999999989,6451.574673411998,False,False,True,0
9327,298.6,309.3,1677,31.2,180,10.699999999999989,5479.188915272886,False,True,False,0
9328,298.5,309.2,1504,33.7,182,10.699999999999989,5307.699844288932,False,True,False,0
9329,298.5,309.1,2051,19.0,184,10.600000000000023,4080.8241372580214,True,False,False,0
9330,298.5,309.1,1474,41.3,189,10.600000000000023,6374.940756615431,False,True,False,0
9331,298.4,309.0,1507,36.1,191,10.600000000000023,5697.037421848315,False,False,True,0
9332,298.4,308.9,1496,37.9,194,10.5,5937.442563676517,False,True,False,0
9333,298.5,309.0,1921,22.0,196,10.5,4425.666290867061,False,False,True,0
9334,298.5,309.0,1450,40.5,199,10.5,6149.66761940202,False,True,False,0
9335,298.4,308.9,1402,44.8,201,10.5,6577.405931163782,False,True,False,0
9336,298.4,308.9,1501,50.0,203,10.5,7859.217621730465,False,True,False,0
9337,298.5,308.9,1725,31.9,205,10.399999999999977,5762.466324847078,False,True,False,0
9338,298.5,308.9,1500,40.3,207,10.399999999999977,6330.309196983432,True,False,False,0
9339,298.5,309.0,1531,30.8,212,10.5,4938.039108716533,True,False,False,0
9340,298.5,309.0,1458,44.8,217,10.5,6840.126852807984,False,True,False,0
9341,298.4,308.9,1577,37.1,0,10.5,6126.807296859399,True,False,False,0
9342,298.3,308.9,1363,46.1,5,10.599999999999966,6579.992509115238,False,False,True,0
9343,298.3,308.9,1706,31.8,8,10.599999999999966,5681.130491045638,True,False,False,0
9344,298.3,308.8,1391,50.4,13,10.5,7341.525040320915,False,False,True,0
9345,298.2,308.8,1616,33.7,16,10.600000000000023,5702.954088012576,False,True,False,0
9346,298.2,308.8,1442,47.0,18,10.600000000000023,7097.276683479821,False,True,False,0
9347,298.2,308.8,1626,40.4,20,10.600000000000023,6879.082601712497,False,False,True,0
9348,298.2,308.7,1426,42.6,23,10.5,6361.473796107043,False,False,True,0
9349,298.2,308.7,1436,49.1,26,10.5,7383.538606074923,False,True,False,0
9350,298.2,308.7,1599,36.2,28,10.5,6061.5773613953625,False,False,True,0
9351,298.2,308.7,2186,17.8,31,10.5,4074.7294475100575,False,True,False,0
9352,298.3,308.8,1645,30.4,33,10.5,5236.825514023945,False,True,False,0
9353,298.2,308.7,1780,27.9,35,10.5,5200.592478752544,False,True,False,0
9354,298.2,308.8,1345,44.3,37,10.600000000000023,6239.569529172247,False,True,False,0
9355,298.2,308.8,1607,31.9,39,10.600000000000023,5368.2802226256545,False,False,True,0
9356,298.3,308.9,1708,28.0,42,10.599999999999966,5008.117568842608,False,True,False,0
9357,298.3,308.9,1270,52.7,44,10.599999999999966,7008.788490403708,False,True,False,0
9358,298.3,308.9,1646,25.4,46,10.599999999999966,4378.165409944782,False,False,True,0
9359,298.2,308.7,1407,45.1,49,10.5,6645.065364946595,False,True,False,0
9360,298.1,308.7,1581,47.4,51,10.599999999999966,7847.63561681423,False,False,True,0
9361,298.0,308.6,1532,42.6,54,10.600000000000023,6834.346322325379,False,True,False,0
9362,298.0,308.6,1610,33.1,56,10.600000000000023,5580.620470081789,False,True,False,0
9363,298.0,308.5,1682,33.0,58,10.5,5812.574727671835,False,False,True,0
9364,297.9,308.5,1519,34.3,61,10.600000000000023,5456.0772653179765,False,True,False,0
9365,297.9,308.5,1683,28.5,63,10.600000000000023,5022.93541419204,False,True,False,0
9366,298.0,308.6,1254,55.8,65,10.600000000000023,7327.576368938976,False,False,True,0
9367,298.0,308.5,1461,48.0,68,10.5,7343.7869870315,False,True,False,0
9368,297.9,308.5,1472,45.1,70,10.600000000000023,6952.0513270798765,False,True,False,0
9369,297.7,308.4,1510,38.6,72,10.699999999999989,6103.695646904489,False,True,False,0
9370,297.7,308.3,1547,36.8,74,10.600000000000023,5961.653771060182,False,False,True,0
9371,297.7,308.4,1418,51.9,77,10.699999999999989,7706.766602227264,True,False,False,0
9372,297.7,308.4,1289,51.3,82,10.699999999999989,6924.667111116086,False,True,False,0
9373,297.7,308.4,1487,41.4,84,10.699999999999989,6446.73662072547,False,True,False,0
9374,297.7,308.5,1453,45.5,86,10.800000000000011,6923.180090593387,False,True,False,0
9375,297.8,308.5,1466,44.7,88,10.699999999999989,6862.3064969423285,False,False,True,0
9376,297.7,308.4,1288,49.5,91,10.699999999999989,6676.512707409028,True,False,False,0
9377,297.7,308.4,1738,27.7,96,10.699999999999989,5041.481282823732,True,False,False,0
9378,297.7,308.3,1488,41.0,101,10.600000000000023,6388.742820340203,True,False,False,0
9379,297.6,308.3,1816,28.8,106,10.699999999999989,5476.926968562302,False,True,False,0
9380,297.5,308.2,1419,48.5,108,10.699999999999989,7206.970626967664,False,True,False,0
9381,297.4,308.1,1435,45.7,110,10.700000000000045,6867.469180869728,False,True,False,0
9382,297.5,308.1,1480,42.4,112,10.600000000000023,6571.374073268889,False,False,True,0
9383,297.5,308.2,1610,33.6,115,10.699999999999989,5664.9198729531145,False,True,False,0
9384,297.5,308.1,1548,38.2,117,10.600000000000023,6192.456111343913,True,False,False,0
9385,297.6,308.1,1379,57.4,122,10.5,8289.05032859462,False,False,True,0
9386,297.5,308.1,1907,23.5,125,10.600000000000023,4692.963465809992,False,False,True,0
9387,297.5,308.0,2033,16.7,128,10.5,3555.3508780430807,False,False,True,0
9388,297.4,307.9,1390,52.0,131,10.5,7569.143900049008,True,False,False,0
9389,297.5,307.9,1544,37.9,136,10.399999999999977,6127.948742190202,False,False,True,0
9390,297.6,308.0,1258,57.4,139,10.399999999999977,7561.729741386535,False,True,False,0
9391,297.5,308.0,1560,39.0,141,10.5,6371.1499014801,False,False,True,0
9392,297.6,308.2,2071,18.5,144,10.599999999999966,4012.1803377770843,True,False,False,0
9393,297.6,308.1,1437,46.3,149,10.5,6967.329939351835,False,True,False,0
9394,297.7,308.2,1489,43.0,151,10.5,6704.891761046456,True,False,False,0
9395,297.7,308.2,1334,53.0,156,10.5,7403.896126470185,False,True,False,0
9396,297.7,308.2,1500,39.9,158,10.5,6267.477343911637,False,True,False,0
9397,297.8,308.3,1498,47.3,160,10.5,7419.96013690554,False,True,False,0
9398,297.7,308.2,1370,53.4,162,10.5,7661.08784504407,False,False,True,0
9399,297.7,308.2,1526,40.1,165,10.5,6408.074087135292,True,False,False,0
9400,297.8,308.3,1477,44.8,170,10.5,6929.264308365838,False,True,False,0
9401,297.7,308.2,1446,43.9,172,10.5,6647.54722314293,False,True,False,0
9402,297.7,308.2,1720,25.6,174,10.5,4611.020257428859,False,False,True,0
9403,297.7,308.1,1734,30.7,177,10.400000000000034,5574.630500088943,False,True,False,0
9404,297.7,308.1,1697,29.1,179,10.400000000000034,5171.344251147622,False,True,False,0
9405,297.7,308.2,2007,19.3,181,10.5,4056.330186535533,False,True,False,0
9406,297.7,308.1,1469,48.8,183,10.400000000000034,7507.066029214073,False,False,True,0
9407,297.7,308.1,2189,15.6,186,10.400000000000034,3576.0120857281895,False,False,True,0
9408,297.8,308.3,1435,50.1,189,10.5,7528.669714695259,False,True,False,0
9409,297.9,308.4,1637,34.5,191,10.5,5914.205250015465,True,False,False,0
9410,298.0,308.5,1664,28.3,196,10.5,4931.378932290922,False,True,False,0
9411,298.0,308.5,1666,31.0,198,10.5,5408.356472909948,False,False,True,0
9412,298.0,308.5,1404,46.6,201,10.5,6851.436586360908,False,True,False,0
9413,298.0,308.5,1702,26.7,203,10.5,4758.821719804747,False,True,False,0
9414,298.1,308.6,1439,44.9,205,10.5,6766.058570011849,False,True,False,0
9415,298.1,308.6,1354,53.9,207,10.5,7642.510560485841,False,True,False,1
9416,298.2,308.7,1361,44.2,0,10.5,6299.5425329292775,False,False,True,0
9417,298.1,308.5,1463,45.9,3,10.399999999999977,7032.109579868857,False,False,True,0
9418,298.1,308.4,1515,43.8,6,10.299999999999955,6948.888790475263,True,False,False,0
9419,298.0,308.4,1432,46.2,11,10.399999999999977,6928.0914471085,False,True,False,0
9420,298.0,308.4,1911,22.0,13,10.399999999999977,4402.627944740736,False,True,False,0
9421,298.0,308.4,1472,42.0,15,10.399999999999977,6474.194140517845,False,True,False,0
9422,298.1,308.5,1382,54.5,17,10.399999999999977,7887.387235857654,False,False,True,0
9423,298.1,308.5,1665,29.6,20,10.399999999999977,5161.008411317312,False,True,False,0
9424,298.1,308.5,1676,30.5,22,10.399999999999977,5353.064442206768,False,True,False,0
9425,298.0,308.5,1585,33.0,24,10.5,5477.366791533804,False,False,True,0
9426,298.1,308.6,1415,46.3,27,10.5,6860.662396786949,False,False,True,0
9427,298.1,308.7,1341,55.7,30,10.599999999999966,7821.905972981331,False,True,False,0
9428,298.2,308.8,1540,34.8,32,10.600000000000023,5612.141116372805,False,True,False,0
9429,298.2,308.8,1837,28.4,34,10.600000000000023,5463.313400396745,True,False,False,0
9430,298.2,308.8,1498,36.0,39,10.600000000000023,5647.326954093011,False,True,False,0
9431,298.1,308.7,1671,28.8,41,10.599999999999966,5039.617271182603,False,True,False,0
9432,298.0,308.6,1430,57.0,43,10.600000000000023,8535.707239803467,False,True,False,0
9433,298.0,308.7,1619,40.1,45,10.699999999999989,6798.605469903039,False,True,False,0
9434,298.0,308.7,1430,51.9,47,10.699999999999989,7771.986065715789,False,False,True,0
9435,298.0,308.6,1626,33.3,50,10.600000000000023,5670.134916758073,False,True,False,0
9436,298.0,308.7,1443,49.3,52,10.699999999999989,7449.7529072370835,False,True,False,0
9437,298.0,308.6,1481,42.5,54,10.600000000000023,6591.3231866191845,False,True,False,0
9438,298.1,308.7,1527,43.0,56,10.599999999999966,6876.00384091198,False,False,True,0
9439,298.1,308.7,1315,56.8,59,10.599999999999966,7821.7279493976275,False,False,True,0
9440,298.1,308.8,1433,48.2,62,10.699999999999989,7233.056317967972,False,False,True,0
9441,298.1,308.8,1378,53.5,65,10.699999999999989,7720.254506686677,False,False,True,0
9442,298.1,308.8,1432,43.4,68,10.699999999999989,6508.20711698071,False,True,False,0
9443,298.1,308.8,1394,47.9,70,10.699999999999989,6992.410320702993,False,False,True,0
9444,298.0,308.8,1411,53.8,73,10.800000000000011,7949.465106692589,True,False,False,0
9445,298.1,308.9,2136,15.9,78,10.799999999999955,3556.534211275933,False,True,False,0
9446,298.2,309.0,1446,45.8,80,10.800000000000011,6935.254278358684,False,False,True,0
9447,298.1,308.9,1388,53.5,83,10.799999999999955,7776.279575675695,True,False,False,0
9448,298.1,308.9,1323,51.7,88,10.799999999999955,7162.737002405121,False,False,True,0
9449,298.2,309.0,1780,29.3,91,10.800000000000011,5461.554108510735,False,True,False,0
9450,298.1,308.8,1434,41.8,93,10.699999999999989,6277.02778557855,False,False,True,0
9451,298.0,308.7,1494,42.6,96,10.699999999999989,6664.825982737674,False,False,True,0
9452,298.0,308.7,1536,39.6,99,10.699999999999989,6369.641937006378,True,False,False,0
9453,298.0,308.7,1392,53.4,104,10.699999999999989,7784.112613358646,False,False,True,0
9454,298.2,309.0,1360,56.8,107,10.800000000000011,8089.391643483477,True,False,False,0
9455,298.4,309.2,1583,35.4,112,10.800000000000011,5868.306581346517,False,True,False,0
9456,298.5,309.2,1983,20.2,114,10.699999999999989,4194.717342926163,False,True,False,0
9457,298.5,309.3,1630,33.3,116,10.800000000000011,5684.083588140012,False,True,False,0
9458,298.5,309.3,1692,26.7,118,10.800000000000011,4730.861545187798,False,False,True,0
9459,298.4,309.1,1417,40.6,121,10.700000000000045,6024.548455985051,False,True,False,0
9460,298.4,309.1,1579,36.1,123,10.700000000000045,5969.225009355334,False,True,False,0
9461,298.4,309.2,1399,45.2,125,10.800000000000011,6621.9327710406615,False,False,True,0
9462,298.4,309.2,1414,46.4,128,10.800000000000011,6870.621245498828,False,False,True,0
9463,298.5,309.3,1570,40.1,131,10.800000000000011,6592.84162306842,False,True,False,0
9464,298.5,309.3,1552,36.8,133,10.800000000000011,5980.9222060022,False,False,True,0
9465,298.6,309.4,1440,48.2,136,10.799999999999955,7268.388763345345,False,True,False,0
9466,298.6,309.4,1460,43.8,138,10.799999999999955,6696.618900392002,False,False,True,0
9467,298.6,309.4,1471,48.0,141,10.799999999999955,7394.052469488936,False,True,False,0
9468,298.6,309.3,1702,27.6,143,10.699999999999989,4919.231440697042,False,True,False,0
9469,298.6,309.4,1375,55.4,145,10.799999999999955,7977.027346240083,False,True,False,0
9470,298.6,309.4,1698,33.2,147,10.799999999999955,5903.429587213653,False,True,False,0
9471,298.6,309.4,1439,47.1,149,10.799999999999955,7097.580370769669,True,False,False,0
9472,298.6,309.4,1774,27.5,154,10.799999999999955,5108.753253512602,False,False,True,0
9473,298.7,309.4,1375,48.3,157,10.699999999999989,6954.700736884404,False,False,True,0
9474,298.7,309.5,1446,40.0,160,10.800000000000011,6056.990636121121,False,True,False,0
9475,298.7,309.6,1455,46.8,162,10.900000000000034,7130.787005118112,False,False,True,0
9476,298.8,309.6,1523,41.9,165,10.800000000000011,6682.555037279432,False,True,False,0
9477,298.8,309.6,1692,31.9,167,10.800000000000011,5652.227838632612,False,False,True,0
9478,298.8,309.6,1693,33.3,170,10.800000000000011,5903.775162405546,False,False,True,0
9479,298.8,309.6,1890,24.0,173,10.800000000000011,4750.0880922277665,False,True,False,0
9480,298.9,309.6,1600,33.5,175,10.700000000000045,5612.978874413763,True,False,False,0
9481,298.9,309.6,1434,43.8,180,10.700000000000045,6577.364043261734,False,False,True,0
9482,298.9,309.6,1365,50.9,183,10.700000000000045,7275.771506081281,False,True,False,0
9483,298.8,309.6,1309,57.4,185,10.800000000000011,7868.286352523827,True,False,False,0
9484,298.9,309.6,1546,35.3,190,10.700000000000045,5714.954971949288,True,False,False,0
9485,298.9,309.6,1663,33.7,195,10.700000000000045,5868.819708146605,False,True,False,0
9486,298.9,309.6,1589,34.2,197,10.700000000000045,5690.869428271767,False,True,False,0
9487,298.9,309.6,1472,46.0,199,10.700000000000045,7090.7840586624025,False,False,True,0
9488,298.9,309.6,1583,39.8,202,10.700000000000045,6597.700619705972,False,True,False,0
9489,298.9,309.6,1567,34.5,204,10.700000000000045,5661.3070414014865,False,False,True,0
9490,298.9,309.7,1407,41.9,207,10.800000000000011,6173.575139495838,False,True,False,0
9491,299.0,309.7,1418,44.7,209,10.699999999999989,6637.619790357587,False,False,True,0
9492,299.0,309.7,1489,40.7,212,10.699999999999989,6346.258015688158,False,False,True,0
9493,299.1,309.9,1586,36.6,215,10.799999999999955,6078.730457283963,False,True,False,0
9494,299.1,309.8,1398,55.4,217,10.699999999999989,8110.461258213553,False,True,False,1
9495,299.2,309.9,1516,41.4,219,10.699999999999989,6572.463158722134,False,True,False,0
9496,299.3,310.0,1373,44.8,221,10.699999999999989,6441.354025312319,True,False,False,0
9497,299.2,310.0,1349,50.4,226,10.800000000000011,7119.854262683619,False,False,True,0
9498,299.1,309.9,1443,40.3,0,10.799999999999955,6089.757447498062,True,False,False,0
9499,299.2,310.1,1542,36.1,5,10.900000000000034,5829.3508324420045,True,False,False,0
9500,299.2,310.1,1534,37.7,10,10.900000000000034,6056.13193412914,False,True,False,0
9501,299.2,310.2,1697,30.6,12,11.0,5437.908387804717,False,True,False,0
9502,299.3,310.3,1396,47.4,14,11.0,6929.348084169934,False,True,False,0
9503,299.3,310.2,1495,49.2,16,10.899999999999977,7702.556868071454,False,True,False,0
9504,299.2,310.3,1551,44.8,18,11.100000000000023,7276.4312405385335,False,False,True,0
9505,299.2,310.3,1440,47.0,21,11.100000000000023,7087.433026498573,False,True,False,0
9506,299.2,310.3,1429,40.1,23,11.100000000000023,6000.745655646352,False,True,False,0
9507,299.3,310.4,1548,41.6,25,11.099999999999966,6743.617126489707,True,False,False,0
9508,299.3,310.5,1505,38.8,30,11.199999999999989,6115.005380457412,False,True,False,0
9509,299.2,310.4,1611,36.4,32,11.199999999999989,6140.808328118896,False,True,False,0
9510,299.2,310.4,1502,39.8,34,11.199999999999989,6260.105073151213,False,False,True,0
9511,299.2,310.4,1504,43.3,37,11.199999999999989,6819.685556608627,False,False,True,0
9512,299.1,310.3,1449,40.7,40,11.199999999999989,6175.774254353351,False,True,False,0
9513,299.0,310.2,1575,37.8,42,11.199999999999989,6234.4906210489435,False,True,False,0
9514,299.0,310.2,1598,33.4,44,11.199999999999989,5589.228433952624,False,False,True,0
9515,299.0,310.1,1416,45.9,47,11.100000000000023,6806.197652149215,False,True,False,0
9516,299.0,310.2,1682,28.8,49,11.199999999999989,5072.792489604511,False,True,False,0
9517,298.9,310.1,1341,54.5,51,11.200000000000045,7653.390943042774,False,True,False,0
9518,298.9,310.1,1523,39.1,53,11.200000000000045,6235.988113547156,False,True,False,0
9519,299.0,310.1,1580,41.9,55,11.100000000000023,6932.657228431716,False,True,False,0
9520,299.0,310.1,1531,36.0,57,11.100000000000023,5771.734023175168,False,True,False,0
9521,299.0,310.1,1375,48.9,59,11.100000000000023,7041.094534858124,False,True,False,0
9522,298.9,310.1,1484,40.4,61,11.200000000000045,6278.326310542034,False,False,True,0
9523,299.0,310.2,1657,32.3,64,11.199999999999989,5604.7164857348225,False,False,True,0
9524,299.0,310.2,1494,40.6,67,11.199999999999989,6351.92335444013,False,True,False,0
9525,299.0,310.3,1658,27.6,69,11.300000000000011,4792.059770079727,True,False,False,0
9526,299.1,310.3,1411,42.1,74,11.199999999999989,6220.678085348661,False,True,False,0
9527,299.2,310.4,1395,55.4,76,11.199999999999989,8093.056834912666,False,False,True,0
9528,299.1,310.4,1550,43.9,79,11.299999999999955,7125.6557371172485,False,True,False,0
9529,299.1,310.3,1233,59.0,81,11.199999999999989,7618.048025689889,False,False,True,0
9530,299.1,310.3,1459,46.7,84,11.199999999999989,7135.111931004554,False,True,False,0
9531,299.1,310.4,1405,53.6,86,11.299999999999955,7886.2353185513375,True,False,False,0
9532,299.2,310.5,1458,44.1,91,11.300000000000011,6733.24987073286,False,True,False,0
9533,299.2,310.5,1384,48.7,93,11.300000000000011,7058.195270869164,False,True,False,0
9534,299.2,310.5,1705,29.5,95,11.300000000000011,5267.1418831310875,False,True,False,0
9535,299.3,310.6,1443,45.7,97,11.300000000000011,6905.754723341476,False,True,False,0
9536,299.3,310.6,1609,31.4,99,11.300000000000011,5290.7143000085225,False,False,True,0
9537,299.3,310.5,1818,26.0,102,11.199999999999989,4949.893384996078,False,True,False,0
9538,299.3,310.6,1457,42.1,104,11.300000000000011,6423.478363113394,False,False,True,0
9539,299.3,310.6,1480,45.1,107,11.300000000000011,6989.8342147270505,False,True,False,0
9540,299.4,310.8,1424,47.7,109,11.400000000000034,7113.068422551866,False,True,False,0
9541,299.4,310.8,1628,40.2,111,11.400000000000034,6853.447205659206,False,False,True,0
9542,299.5,310.8,1754,31.3,114,11.300000000000011,5749.135500020346,False,False,True,0
9543,299.6,310.9,1716,28.5,117,11.299999999999955,5121.42434388208,False,True,False,0
9544,299.5,310.9,1378,48.7,119,11.399999999999977,7027.5961584232,False,False,True,0
9545,299.6,311.0,1708,31.0,122,11.399999999999977,5544.701594075746,False,True,False,0
9546,299.6,311.0,1430,38.3,124,11.399999999999977,5735.396268148645,False,True,False,0
9547,299.7,311.2,1560,43.9,126,11.5,7171.62770961478,False,False,True,0
9548,299.6,311.1,1679,30.7,129,11.5,5397.811193569398,False,True,False,0
9549,299.6,311.1,1521,37.2,131,11.5,5925.169408376493,False,True,False,0
9550,299.6,311.1,1649,33.8,133,11.5,5836.68121530038,False,False,True,0
9551,299.5,311.0,1451,43.3,136,11.5,6579.364190584519,False,False,True,0
9552,299.4,310.8,1391,48.9,139,11.400000000000034,7123.027271263744,False,True,False,0
9553,299.3,310.8,1523,40.9,141,11.5,6523.0668502321905,False,False,True,0
9554,299.3,310.7,1495,39.2,144,11.399999999999977,6136.996529032542,False,True,False,0
9555,299.3,310.7,1440,45.5,146,11.399999999999977,6861.238355440108,False,False,True,0
9556,299.4,310.8,1585,31.4,149,11.400000000000034,5211.797492550347,True,False,False,0
9557,299.5,310.8,1374,48.3,154,11.300000000000011,6949.6427727121245,False,True,False,0
9558,299.5,310.8,1507,40.2,156,11.300000000000011,6344.069372806156,False,False,True,0
9559,299.5,310.9,1577,34.6,159,11.399999999999977,5713.94966230014,False,False,True,0
9560,299.5,310.9,1496,38.5,162,11.399999999999977,6031.439015871924,False,True,False,0
9561,299.6,310.9,1487,42.5,164,11.299999999999955,6618.026724174698,False,True,False,0
9562,299.6,310.9,1853,26.3,166,11.299999999999955,5103.4020740259875,False,True,False,0
9563,299.7,311.0,1435,50.1,168,11.300000000000011,7528.669714695259,False,False,True,0
9564,299.8,311.1,1763,25.5,171,11.300000000000011,4707.833671036984,False,False,True,0
9565,299.8,311.1,1820,24.9,174,11.300000000000011,4745.6898625127415,False,True,False,0
9566,299.8,311.1,1498,38.1,176,11.300000000000011,5976.754359748438,False,False,True,0
9567,299.8,311.1,1603,35.1,179,11.300000000000011,5892.088437734193,False,True,False,0
9568,299.8,311.1,1412,42.5,181,11.300000000000011,6284.232504730782,False,True,False,0
9569,299.8,311.1,1588,38.0,183,11.300000000000011,6319.208902940749,False,True,False,0
9570,299.8,311.0,1948,20.0,185,11.199999999999989,4079.8816594619443,False,False,True,0
9571,299.7,310.9,1384,48.2,188,11.199999999999989,6985.72920032636,False,True,False,0
9572,299.7,310.8,1589,36.0,190,11.100000000000023,5990.388871865017,False,True,False,0
9573,299.7,310.8,1405,47.6,192,11.100000000000023,7003.447782892606,False,False,True,0
9574,299.7,310.9,1491,40.1,195,11.199999999999989,6261.09991082485,False,True,False,0
9575,299.7,310.8,1418,46.6,197,11.100000000000023,6919.755754600974,True,False,False,0
9576,299.6,310.8,1603,35.4,202,11.199999999999989,5942.448167971237,False,False,True,0
9577,299.6,310.7,1922,23.3,205,11.099999999999966,4689.622905621675,False,True,False,1
9578,299.5,310.7,1364,49.5,0,11.199999999999989,7070.468426169188,False,False,True,0
9579,299.4,310.7,1551,41.2,3,11.300000000000011,6691.718015852403,False,True,False,0
9580,299.5,310.7,1589,33.5,5,11.199999999999989,5574.3896446521685,False,True,False,0
9581,299.5,310.7,1423,56.5,7,11.199999999999989,8419.415951743085,False,False,True,0
9582,299.4,310.6,1418,53.1,10,11.200000000000045,7884.957737538878,False,True,False,0
9583,299.3,310.5,1404,47.5,12,11.199999999999989,6983.76046893011,False,False,True,0
9584,299.3,310.5,1281,59.8,15,11.199999999999989,8021.931177235393,False,True,False,0
9585,299.3,310.5,1529,41.3,17,11.199999999999989,6612.8116803697385,False,True,False,0
9586,299.3,310.5,1563,42.1,19,11.199999999999989,6890.800742310388,False,False,True,0
9587,299.4,310.6,1348,54.5,22,11.200000000000045,7693.341529620924,False,True,False,0
9588,299.3,310.5,1462,40.5,24,11.199999999999989,6200.561420390174,False,False,True,0
9589,299.3,310.4,1510,45.5,27,11.099999999999966,7194.770775496224,True,False,False,0
9590,299.2,310.4,1472,43.3,32,11.199999999999989,6674.585863914826,False,True,False,0
9591,299.2,310.4,1325,52.0,34,11.199999999999989,7215.191127744558,False,False,True,0
9592,299.2,310.4,1570,37.3,37,11.199999999999989,6132.493579562395,False,True,False,0
9593,299.2,310.4,1379,46.8,39,11.199999999999989,6758.319780108506,False,True,False,0
9594,299.1,310.2,1352,52.8,41,11.099999999999966,7475.482551069983,False,True,False,0
9595,299.1,310.3,1727,28.7,43,11.199999999999989,5190.424190530424,False,True,False,0
9596,299.0,310.1,1432,50.0,45,11.100000000000023,7497.934466567639,True,False,False,0
9597,298.9,310.1,1466,43.4,50,11.200000000000045,6662.731587635281,False,True,False,0
9598,298.9,310.1,1510,38.0,52,11.200000000000045,6008.819548766078,False,True,False,0
9599,299.0,310.2,1490,41.1,54,11.199999999999989,6412.933083772845,False,True,False,0
9600,299.0,310.1,1463,37.4,56,11.100000000000023,5729.867065078327,False,True,False,0
9601,298.9,310.0,1561,45.3,58,11.100000000000023,7405.079459703035,False,False,True,0
9602,298.9,310.1,2109,18.0,61,11.200000000000045,3975.371343852524,False,True,False,0
9603,298.9,310.2,1705,32.5,63,11.300000000000011,5802.783430568147,False,True,False,0
9604,298.9,310.1,1549,40.2,65,11.200000000000045,6520.87820735019,False,False,True,0
9605,299.0,310.2,1637,38.0,68,11.199999999999989,6514.197086973555,True,False,False,0
9606,298.9,310.1,1484,37.9,73,11.200000000000045,5889.816019048096,False,False,True,0
9607,298.9,310.1,1401,44.4,76,11.200000000000045,6514.029535365364,False,True,False,0
9608,298.9,310.1,1571,36.8,78,11.200000000000045,6054.142258781866,False,True,False,0
9609,298.9,310.1,1513,41.5,80,11.200000000000045,6575.3010640858765,False,False,True,0
9610,299.0,310.1,1470,40.3,83,11.100000000000023,6203.703013043763,False,True,False,0
9611,299.0,310.1,1505,41.3,85,11.100000000000023,6509.013459095131,False,True,False,0
9612,299.0,310.2,1432,42.2,87,11.199999999999989,6328.2566897830875,False,True,False,0
9613,299.0,310.2,1625,31.8,89,11.199999999999989,5411.393345808418,False,False,True,0
9614,299.0,310.2,1377,62.5,92,11.199999999999989,9012.443924985719,False,True,False,1
9615,299.1,310.3,1441,43.9,94,11.199999999999989,6624.561236894165,False,False,True,0
9616,299.0,310.2,1564,39.9,97,11.199999999999989,6534.8897105852,False,False,True,0
9617,298.9,310.1,1580,37.3,100,11.200000000000045,6171.554048222028,False,True,False,0
9618,299.0,310.2,1516,35.3,102,11.199999999999989,5604.056751277568,False,True,False,0
9619,299.0,310.1,1447,42.8,104,11.100000000000023,6485.461986168721,False,True,False,0
9620,298.9,310.0,1323,52.9,106,11.100000000000023,7328.990085633091,False,False,True,0
9621,298.9,310.0,1470,45.9,109,11.100000000000023,7065.756037188803,False,True,False,0
9622,299.0,310.0,2049,19.5,111,11.0,4184.1301756835655,False,False,True,0
9623,298.9,310.0,1794,27.2,114,11.100000000000023,5109.988946623013,False,True,False,0
9624,298.9,310.1,1356,47.8,116,11.200000000000045,6787.599423639963,False,True,False,0
9625,299.0,310.1,1555,38.6,118,11.100000000000023,6285.593861547338,True,False,False,0
9626,299.0,310.1,1487,47.5,123,11.100000000000023,7396.618103489368,False,False,True,0
9627,299.0,310.0,1341,58.9,126,11.0,8271.279386150814,False,False,True,0
9628,298.9,310.0,1487,36.6,129,11.100000000000023,5699.288896583387,False,False,True,0
9629,299.0,310.0,1569,34.3,132,11.0,5635.671645348193,True,False,False,0
9630,299.0,310.1,2053,19.7,137,11.100000000000023,4235.296248035032,True,False,False,0
9631,299.0,310.1,1583,35.8,142,11.100000000000023,5934.615130288285,False,True,False,0
9632,299.0,310.0,1672,33.2,144,11.0,5813.035494594362,False,True,False,0
9633,299.0,310.0,1337,57.4,146,11.0,8036.5919429521455,False,False,True,0
9634,299.1,310.1,1421,41.2,149,11.0,6130.839007431506,True,False,False,0
9635,299.1,310.2,1425,52.7,154,11.099999999999966,7864.1918100986495,False,True,False,0
9636,299.2,310.2,1609,33.2,156,11.0,5594.003654786082,False,True,False,0
9637,299.2,310.3,1507,41.3,158,11.100000000000023,6517.663310868016,False,True,False,0
9638,299.2,310.3,1463,38.9,160,11.100000000000023,5959.674567688421,False,True,False,0
9639,299.3,310.4,1393,44.9,162,11.099999999999966,6549.770387787704,True,False,False,0
9640,299.3,310.4,1725,26.8,167,11.099999999999966,4841.194279181871,False,True,False,0
9641,299.4,310.5,1514,36.1,169,11.100000000000023,5723.500103967052,False,True,False,0
9642,299.3,310.4,1365,53.9,171,11.099999999999966,7704.598903296288,False,True,False,0
9643,299.4,310.5,1372,46.3,173,11.100000000000023,6652.175836319219,False,True,False,0
9644,299.4,310.4,1509,40.6,175,11.0,6415.697685308003,False,True,False,0
9645,299.3,310.4,1629,32.6,177,11.099999999999966,5561.18448353158,False,True,False,0
9646,299.4,310.5,1749,28.1,179,11.100000000000023,5146.651332890407,False,True,False,0
9647,299.4,310.4,1582,31.7,181,11.0,5251.6328873978655,False,True,False,0
9648,299.2,310.2,1458,47.0,183,11.0,7176.025939329805,False,True,False,0
9649,299.1,310.1,1416,41.2,185,11.0,6109.266737876856,False,True,False,0
9650,299.1,310.0,1657,33.1,187,10.899999999999977,5743.532993121444,True,False,False,0
9651,299.1,310.0,1437,41.1,192,10.899999999999977,6184.82204119569,False,False,True,0
9652,299.1,310.0,1580,36.0,195,10.899999999999977,5956.459671206248,False,False,True,0
9653,299.0,310.0,1488,46.3,198,11.0,7214.604697115888,False,False,True,0
9654,299.0,309.9,1373,55.7,201,10.899999999999977,8008.558464506613,False,True,False,1
9655,299.1,310.0,1367,56.3,203,10.899999999999977,8059.452265494766,False,True,False,1
9656,299.1,310.0,1431,49.5,205,10.899999999999977,7417.77149402354,True,False,False,0
9657,299.0,310.1,1623,33.0,210,11.100000000000023,5608.685364453858,False,True,False,0
9658,299.0,310.0,1484,39.6,212,11.0,6154.003017263974,False,True,False,0
9659,299.0,309.9,1548,34.5,214,10.899999999999977,5592.66324192055,False,True,False,0
9660,298.9,309.8,1287,61.9,216,10.900000000000034,8342.530707534232,False,True,False,1
9661,298.9,309.8,1392,43.1,218,10.900000000000034,6282.682652355012,False,False,True,0
9662,299.0,310.0,1458,44.9,221,11.0,6855.394993104431,True,False,False,0
9663,299.1,310.1,1570,30.9,226,11.0,5080.269480120054,False,False,True,0
9664,299.1,310.1,1435,48.8,229,11.0,7333.315011519534,False,True,False,1
9665,299.1,310.2,1317,54.8,231,11.099999999999966,7557.792278594035,False,True,False,1
9666,299.2,310.3,1610,33.3,233,11.100000000000023,5614.340231230318,False,True,False,0
9667,299.1,310.3,1838,24.0,235,11.199999999999989,4619.397837838432,False,False,True,0
9668,299.2,310.3,1352,48.9,238,11.100000000000023,6923.316226275042,False,True,False,1
9669,299.1,310.3,1619,35.2,240,11.199999999999989,5967.8531805632665,False,True,False,0
9670,299.1,310.3,1619,31.1,242,11.199999999999989,5272.733918054477,False,True,False,0
9671,299.0,310.2,1690,30.7,244,11.199999999999989,5433.175054873308,False,True,False,0
9672,299.0,310.2,1412,44.1,246,11.199999999999989,6520.815375497118,False,True,False,0
9673,299.0,310.2,1744,31.5,0,11.199999999999989,5752.884467253629,True,False,False,0
9674,299.0,310.1,1593,35.4,5,11.100000000000023,5905.377374658877,False,False,True,0
9675,299.1,310.2,1695,29.6,8,11.099999999999966,5253.999553863569,False,True,False,0
9676,299.0,310.2,1298,57.2,10,11.199999999999989,7774.981050712212,False,False,True,0
9677,299.0,310.1,1886,21.2,13,11.100000000000023,4187.03091290038,False,True,False,0
9678,299.0,310.1,2033,19.3,15,11.100000000000023,4108.878559654579,False,True,False,0
9679,299.1,310.2,1711,28.1,17,11.099999999999966,5034.831578373634,False,False,True,0
9680,299.1,310.2,1598,33.4,20,11.099999999999966,5589.228433952624,False,True,False,0
9681,299.1,310.1,1894,24.2,22,11.0,4799.809031958581,False,True,False,0
9682,299.1,310.1,1412,44.4,24,11.0,6565.174663765805,False,False,True,0
9683,299.1,310.0,1394,46.6,27,10.899999999999977,6802.637180475146,False,True,False,0
9684,299.0,310.0,1338,56.4,29,11.0,7902.487824545909,False,False,True,0
9685,298.9,309.9,1376,51.0,32,11.0,7348.813535277243,True,False,False,0
9686,299.0,310.0,1360,48.1,37,11.0,6850.347500907663,False,True,False,0
9687,299.1,310.1,1486,40.7,39,11.0,6333.471733588047,False,True,False,0
9688,299.1,310.1,1649,31.6,41,11.0,5456.778887677279,False,False,True,0
9689,299.1,310.1,1367,45.6,44,11.0,6527.726879335016,False,True,False,0
9690,299.0,310.1,1362,59.5,46,11.100000000000023,8486.384235142108,False,True,False,0
9691,298.9,310.0,1520,35.6,48,11.100000000000023,5666.595389035029,False,False,True,0
9692,299.0,310.0,1582,31.9,51,11.0,5284.766217917725,False,True,False,0
9693,299.0,310.0,1667,30.0,53,11.0,5237.034953534185,False,False,True,0
9694,298.9,310.0,1693,28.8,56,11.100000000000023,5105.967708026419,False,True,False,0
9695,298.9,310.0,1559,33.4,58,11.100000000000023,5452.820480933756,False,True,False,0
9696,298.9,309.9,1592,32.0,60,11.0,5334.8432048159475,False,True,False,0
9697,298.9,309.9,1404,39.8,62,11.0,5851.656140282492,False,True,False,0
9698,298.8,309.8,1413,45.5,64,11.0,6732.590136275606,False,False,True,0
9699,298.8,309.8,1663,28.2,67,11.0,4911.000467944636,False,True,False,0
9700,298.8,309.8,1508,36.3,69,11.0,5732.401283152223,False,True,False,0
9701,298.9,309.8,1353,53.7,71,10.900000000000034,7608.528999949513,False,False,True,0
9702,298.8,309.8,1485,42.4,74,11.0,6593.574661354258,False,True,False,0
9703,298.9,310.0,1633,31.2,76,11.100000000000023,5335.429635444617,False,True,False,0
9704,298.9,310.0,1422,43.6,78,11.100000000000023,6492.541041614811,False,True,False,0
9705,298.9,310.1,1577,41.4,80,11.200000000000045,6836.922428301323,False,True,False,0
9706,298.9,310.0,1482,41.1,82,11.100000000000023,6378.5012282895,False,True,False,0
9707,299.0,310.1,1705,30.1,84,11.100000000000023,5374.270192618499,False,False,True,0
9708,299.0,310.1,1699,32.9,87,11.100000000000023,5853.530623899133,False,True,False,0
9709,299.0,310.1,1664,29.7,89,11.100000000000023,5175.334073817681,False,True,False,0
9710,299.0,310.0,1486,34.6,91,11.0,5384.229041330378,False,False,True,0
9711,299.1,310.1,1336,61.3,94,11.0,8576.212841083752,False,True,False,0
9712,299.1,310.1,1429,42.9,96,11.0,6419.750339831134,True,False,False,0
9713,299.1,310.2,1456,48.4,101,11.099999999999966,7379.643031184471,False,False,True,0
9714,299.1,310.2,1496,45.0,104,11.099999999999966,7049.733914655495,False,True,False,0
9715,299.1,310.1,1894,20.1,106,11.0,3986.618245552376,False,True,False,0
9716,299.1,310.1,1373,55.6,108,11.0,7994.180442128683,False,True,False,0
9717,299.0,310.0,1387,45.2,110,11.0,6565.132775863758,True,False,False,0
9718,298.9,309.9,1500,44.2,115,11.0,6942.919764433443,False,True,False,0
9719,298.9,309.9,1517,36.6,117,11.0,5814.271187704774,False,True,False,0
9720,298.9,309.9,1309,56.2,119,11.0,7703.792561181866,False,True,False,0
9721,298.9,309.9,1357,54.5,121,11.0,7744.706569507118,False,False,True,0
9722,298.8,309.8,1490,40.6,124,11.0,6334.916866208698,False,True,False,0
9723,298.8,309.8,1911,21.6,126,11.0,4322.580163927269,True,False,False,0
9724,298.8,309.8,1599,33.6,131,11.0,5626.215451460888,False,True,False,0
9725,298.8,309.7,2098,19.0,133,10.899999999999977,4174.338878579878,False,False,True,0
9726,298.7,309.7,1629,27.9,136,11.0,4759.418622408929,False,False,True,0
9727,298.8,309.8,1557,37.2,139,11.0,6065.410104432742,False,True,False,0
9728,298.8,309.8,1461,39.4,141,11.0,6028.025151855023,False,True,False,0
9729,298.8,309.8,1563,33.7,143,11.0,5515.914133393351,False,True,False,0
9730,298.7,309.8,1695,29.0,145,11.100000000000023,5147.499562906876,False,True,False,0
9731,298.8,310.0,1528,36.7,147,11.199999999999989,5872.432539698233,False,True,False,0
9732,298.8,310.0,1389,49.6,149,11.199999999999989,7214.6046971158885,False,True,False,0
9733,298.9,310.0,2231,17.4,151,11.100000000000023,4065.15806189212,False,True,False,0
9734,298.9,310.1,1442,42.9,153,11.200000000000045,6478.152547261368,False,False,True,0
9735,298.9,310.1,1458,44.3,156,11.200000000000045,6763.786151325752,True,False,False,0
9736,299.0,310.1,1444,47.7,161,11.100000000000023,7212.971068936022,False,True,False,0
9737,298.9,310.0,1348,58.2,163,11.100000000000023,8215.64178025574,False,False,True,0
9738,298.9,310.0,1791,27.6,166,11.100000000000023,5176.465047172975,False,True,False,0
9739,299.0,310.0,1509,38.0,168,11.0,6004.840198071531,False,True,False,0
9740,298.9,310.0,1515,42.9,170,11.100000000000023,6806.103404369607,False,True,False,0
9741,298.9,310.1,1655,31.5,172,11.200000000000045,5459.302633775663,False,False,True,0
9742,298.9,310.1,1495,42.9,175,11.200000000000045,6716.253854476939,False,True,False,0
9743,298.9,310.2,1623,37.2,177,11.300000000000011,6322.51804720253,False,True,False,0
9744,298.9,310.2,1562,42.5,179,11.300000000000011,6951.8209436186135,False,True,False,0
9745,298.8,310.1,1574,36.2,181,11.300000000000011,5966.80598301207,False,True,False,0
9746,298.8,310.0,1611,32.4,183,11.199999999999989,5465.994226127808,False,True,False,0
9747,298.8,310.0,1403,45.6,185,11.199999999999989,6699.634829339449,False,True,False,0
9748,298.8,310.1,1481,47.4,187,11.300000000000011,7351.263977547043,False,True,False,0
9749,298.9,310.1,1441,41.2,189,11.200000000000045,6217.128085650105,False,False,True,0
9750,298.8,310.1,1483,45.4,192,11.300000000000011,7050.5926166474765,True,False,False,0
9751,298.7,310.0,1555,32.6,197,11.300000000000011,5308.558546280912,False,True,False,0
9752,298.6,309.9,1615,28.8,199,11.299999999999955,4870.725250125615,False,True,False,0
9753,298.6,309.8,1561,32.6,201,11.199999999999989,5329.041730382319,False,True,False,0
9754,298.5,309.8,1593,35.1,203,11.300000000000011,5855.331803687192,False,True,False,0
9755,298.5,309.7,1552,34.0,205,11.199999999999989,5525.852038154207,False,False,True,0
9756,298.5,309.7,1561,35.3,208,11.199999999999989,5770.4040822851475,True,False,False,0
9757,298.6,309.8,1597,35.9,213,11.199999999999989,6003.824416446869,False,True,False,0
9758,298.6,309.9,1517,34.0,215,11.299999999999955,5401.235529561812,False,False,True,0
9759,298.6,309.8,2271,16.2,218,11.199999999999989,3852.6607348033062,False,True,False,1
9760,298.5,309.7,1613,36.7,0,11.199999999999989,6199.1058157940115,False,True,False,0
9761,298.5,309.6,1509,47.3,2,11.100000000000023,7474.445825494299,False,False,True,0
9762,298.6,309.7,1703,26.1,5,11.099999999999966,4654.615091485173,False,True,False,0
9763,298.6,309.7,1925,22.1,7,11.099999999999966,4455.040182178125,False,True,False,0
9764,298.6,309.6,1635,29.7,9,11.0,5085.138948733118,False,False,True,0
9765,298.5,309.5,1294,66.7,12,11.0,9038.34112042681,False,True,False,1
9766,298.6,309.6,1472,39.1,14,11.0,6027.1664498630425,False,True,False,0
9767,298.6,309.6,1449,42.5,16,11.0,6448.904319656447,True,False,False,0
9768,298.6,309.6,1563,35.0,21,11.0,5728.694203820987,False,True,False,0
9769,298.6,309.6,1611,35.7,23,11.0,6022.715860270457,False,True,False,0
9770,298.6,309.6,1386,48.6,25,11.0,7053.880816958234,False,True,False,0
9771,298.6,309.5,1584,31.8,27,10.899999999999977,5274.859729083407,True,False,False,0
9772,298.7,309.6,1424,50.4,32,10.900000000000034,7515.6949370359325,False,False,True,0
9773,298.5,309.5,1561,34.8,35,11.0,5688.670313414253,False,True,False,0
9774,298.5,309.4,1560,37.9,37,10.899999999999977,6191.450801694764,False,True,False,0
9775,298.6,309.5,1375,41.0,39,10.899999999999977,5903.57619487082,True,False,False,0
9776,298.6,309.5,1684,27.8,44,10.899999999999977,4902.476279877897,False,False,True,0
9777,298.6,309.6,1397,54.1,47,11.0,7914.47823650711,False,False,True,0
9778,298.6,309.6,1387,57.6,50,11.0,8366.186900215762,False,True,False,0
9779,298.7,309.7,1311,54.5,52,11.0,7482.17414342213,True,False,False,0
9780,298.8,309.8,1509,36.2,57,11.0,5720.40039921551,False,True,False,0
9781,298.8,309.8,1477,46.7,59,11.0,7223.139357158141,False,False,True,0
9782,298.8,309.9,1441,41.6,62,11.099999999999966,6277.488552501076,False,True,False,0
9783,298.7,309.9,1404,47.1,64,11.199999999999989,6924.94985445491,False,True,False,0
9784,298.8,309.9,1466,44.6,66,11.099999999999966,6846.954580841786,True,False,False,0
9785,298.7,309.8,1435,48.8,71,11.100000000000023,7333.315011519534,False,False,True,0
9786,298.7,309.7,1697,29.8,74,11.0,5295.740848254266,True,False,False,0
9787,298.7,309.6,1738,27.3,79,10.900000000000034,4968.680109064545,False,False,True,0
9788,298.6,309.5,1420,50.4,82,10.899999999999977,7494.58343440381,True,False,False,0
9789,298.5,309.5,1535,39.8,87,11.0,6397.643999525373,False,False,True,0
9790,298.6,309.6,1715,28.4,90,11.0,5100.480392858149,False,True,False,0
9791,298.6,309.5,1483,43.2,92,10.899999999999977,6708.933943594076,False,True,False,0
9792,298.5,309.4,1521,37.5,94,10.899999999999977,5972.953032637594,False,False,True,0
9793,298.5,309.4,1573,36.0,97,10.899999999999977,5930.070292916093,True,False,False,0
9794,298.5,309.4,1414,46.7,102,10.899999999999977,6915.04336562059,True,False,False,0
9795,298.5,309.3,1590,33.9,107,10.800000000000011,5644.499520704781,False,True,False,0
9796,298.5,309.3,1623,33.1,109,10.800000000000011,5625.681380709779,False,True,False,0
9797,298.4,309.3,1694,30.9,111,10.900000000000034,5481.513693836542,True,False,False,0
9798,298.4,309.2,1597,33.5,116,10.800000000000011,5602.454539024237,False,False,True,0
9799,298.5,309.3,1471,44.7,119,10.800000000000011,6885.711362211572,False,True,False,0
9800,298.5,309.3,1551,34.7,121,10.800000000000011,5635.985804613553,False,False,True,0
9801,298.5,309.3,1421,50.3,124,10.800000000000011,7484.980632859338,True,False,False,0
9802,298.4,309.3,1496,45.6,129,10.900000000000034,7143.730366850903,False,False,True,0
9803,298.4,309.3,1984,19.2,132,10.900000000000034,3989.068687822175,True,False,False,0
9804,298.4,309.2,1692,29.8,137,10.800000000000011,5280.137604741437,False,True,False,0
9805,298.4,309.1,1467,42.5,139,10.700000000000045,6529.014932322987,False,True,False,0
9806,298.4,309.2,1651,28.5,141,10.800000000000011,4927.430997522911,False,True,False,0
9807,298.3,309.1,1417,60.5,143,10.800000000000011,8977.467526775752,False,True,False,0
9808,298.2,309.0,1413,55.0,145,10.800000000000011,8138.295769124359,False,True,False,0
9809,298.2,309.0,1441,44.2,147,10.800000000000011,6669.831587032394,False,False,True,0
9810,298.2,309.0,1353,50.3,150,10.800000000000011,7126.797182448053,False,False,True,0
9811,298.1,309.0,1502,40.9,153,10.899999999999977,6433.123052559914,False,True,False,0
9812,298.2,309.0,1610,31.7,155,10.800000000000011,5344.582142042075,False,True,False,0
9813,298.2,309.1,1411,45.8,157,10.900000000000034,6767.388510901868,False,False,True,0
9814,298.3,309.1,1387,52.3,160,10.800000000000011,7596.38150835563,False,True,False,0
9815,298.3,309.1,1430,40.9,162,10.800000000000011,6124.74431768354,True,False,False,0
9816,298.4,309.1,1576,38.8,167,10.700000000000045,6403.487361861051,False,False,True,0
9817,298.5,309.2,1721,29.4,170,10.699999999999989,5298.547337691472,False,False,True,0
9818,298.5,309.3,1465,42.4,173,10.800000000000011,6504.772309012786,False,False,True,0
9819,298.6,309.4,1407,45.1,176,10.799999999999955,6645.065364946595,False,False,True,0
9820,298.6,309.4,1464,36.9,179,10.799999999999955,5657.128723172212,False,False,True,0
9821,298.6,309.5,1568,36.7,182,10.899999999999977,6026.161140213893,False,False,True,0
9822,298.6,309.4,1667,35.6,185,10.799999999999955,6214.6148115272335,False,True,False,0
9823,298.5,309.4,1360,60.9,187,10.899999999999977,8673.308998030701,False,True,False,1
9824,298.5,309.3,1488,43.7,189,10.800000000000011,6809.464908508949,False,False,True,0
9825,298.4,309.3,1504,39.3,192,10.900000000000034,6189.691509808754,False,True,False,0
9826,298.4,309.2,1610,32.4,194,10.800000000000011,5462.601306061932,False,True,False,0
9827,298.4,309.2,1345,52.7,196,10.800000000000011,7422.693322514164,False,True,False,0
9828,298.3,309.3,1376,57.0,198,11.0,8213.379833545156,False,False,True,0
9829,298.4,309.4,1385,50.0,201,11.0,7251.843042036438,False,True,False,0
9830,298.4,309.4,1429,41.8,203,11.0,6255.1413567585405,False,False,True,0
9831,298.3,309.3,1337,56.1,206,11.0,7854.578536578664,False,True,False,1
9832,298.4,309.3,1542,35.4,208,10.900000000000034,5716.3163287658435,False,True,False,0
9833,298.4,309.2,2118,17.7,210,10.800000000000011,3925.797011778877,False,True,False,0
9834,298.3,309.1,1386,45.3,212,10.800000000000011,6574.913600991934,False,True,False,0
9835,298.3,309.1,1632,32.7,0,10.800000000000011,5588.516339617811,False,False,True,0
9836,298.4,309.3,1545,36.9,3,10.900000000000034,5970.125599249363,False,True,False,0
9837,298.4,309.3,1390,53.6,5,10.900000000000034,7802.040635435131,False,False,True,0
9838,298.4,309.3,1355,50.6,8,10.900000000000034,7179.900570269233,False,False,True,0
9839,298.4,309.2,1425,45.5,11,10.800000000000011,6789.76712257094,False,True,False,0
9840,298.4,309.2,1491,51.2,13,10.800000000000011,7994.2223300307305,False,False,True,0
9841,298.3,309.2,1486,42.4,16,10.899999999999977,6598.014778971331,True,False,False,0
9842,298.3,309.2,1359,51.4,21,10.899999999999977,7314.947166471545,False,False,True,0
9843,298.4,309.3,1395,47.6,24,10.900000000000034,6953.601179455648,False,True,False,0
9844,298.3,309.2,1383,52.1,26,10.899999999999977,7545.508651318501,False,True,False,0
9845,298.3,309.1,1484,37.0,28,10.800000000000011,5749.952314110278,True,False,False,0
9846,298.3,309.1,1421,47.4,33,10.800000000000011,7053.440993986731,False,True,False,0
9847,298.3,309.0,1339,58.8,35,10.699999999999989,8244.921423787197,False,True,False,0
9848,298.4,309.1,1362,46.1,37,10.700000000000045,6575.164928404221,False,True,False,0
9849,298.5,309.2,1568,40.6,39,10.699999999999989,6666.543386721637,True,False,False,0
9850,298.6,309.4,2312,15.5,44,10.799999999999955,3752.7371444681276,False,True,False,0
9851,298.5,309.3,1498,34.6,46,10.800000000000011,5427.708683656062,False,False,True,0
9852,298.5,309.3,1761,27.2,49,10.800000000000011,5015.992494427607,False,False,True,0
9853,298.6,309.4,1316,51.4,52,10.799999999999955,7083.495563706073,False,True,False,0
9854,298.6,309.4,1525,37.8,54,10.799999999999955,6036.570283872787,False,True,False,0
9855,298.6,309.4,1362,45.3,56,10.799999999999955,6461.06228322584,True,False,False,0
9856,298.7,309.6,1516,38.5,61,10.900000000000034,6112.073227314062,False,True,False,0
9857,298.6,309.5,1450,44.2,63,10.899999999999977,6711.489105618995,False,True,False,0
9858,298.6,309.5,1366,55.0,65,10.899999999999977,7867.595202140038,False,False,True,0
9859,298.5,309.5,1547,33.1,68,11.0,5362.248364730763,False,True,False,0
9860,298.6,309.5,1580,33.9,70,10.899999999999977,5608.999523719216,False,False,True,0
9861,298.7,309.6,1755,26.9,73,10.900000000000034,4943.767279321578,True,False,False,0
9862,298.7,309.6,1800,24.8,78,10.900000000000034,4674.689868541612,False,False,True,0
9863,298.8,309.7,1439,45.8,81,10.899999999999977,6901.68112486732,False,False,True,0
9864,298.9,309.8,1411,56.3,84,10.900000000000034,8318.864042877189,False,True,False,0
9865,298.9,309.9,1645,31.4,86,11.0,5409.089511195786,False,False,True,0
9866,298.9,309.8,2450,13.9,89,10.900000000000034,3566.2312606000132,False,False,True,0
9867,299.0,309.9,1630,34.0,92,10.899999999999977,5803.568828731544,False,True,False,0
9868,299.0,309.9,1411,44.7,94,10.899999999999977,6604.852978980645,False,True,False,0
9869,298.9,309.9,1526,35.4,96,11.0,5657.003059466068,False,True,False,0
9870,298.9,309.9,1590,31.3,98,11.0,5211.588053040107,False,True,False,0
9871,299.0,309.9,1884,25.6,100,10.899999999999977,5050.675677323238,True,False,False,0
9872,298.9,309.8,1947,21.7,105,10.900000000000034,4424.399181830113,False,False,True,0
9873,298.9,309.9,1373,52.1,108,11.0,7490.949658901158,False,True,False,0
9874,298.9,309.8,1616,36.5,110,10.900000000000034,6176.7900359780115,False,True,False,0
9875,298.9,309.9,1449,44.1,112,11.0,6691.686599925867,False,False,True,0
9876,298.9,309.8,1363,50.6,115,10.900000000000034,7222.2911271416715,False,False,True,0
9877,298.8,309.7,1461,55.1,118,10.899999999999977,8430.055478863243,True,False,False,0
9878,298.8,309.7,1374,58.6,123,10.899999999999977,8431.657691116574,False,True,False,0
9879,298.7,309.7,1293,59.1,125,11.0,8002.296223150457,False,True,False,0
9880,298.8,309.8,1490,38.6,127,11.0,6022.851995952112,False,False,True,0
9881,298.8,309.8,1753,27.5,130,11.0,5048.277594930998,False,True,False,0
9882,298.8,309.8,1493,38.5,132,11.0,6019.3438841556035,False,True,False,0
9883,298.8,309.8,1895,22.0,134,11.0,4365.766590938616,False,True,False,0
9884,298.7,309.6,1654,34.3,136,10.900000000000034,5940.982091399562,True,False,False,0
9885,298.7,309.5,1673,30.8,141,10.800000000000011,5396.041429707877,False,True,False,0
9886,298.8,309.6,1613,27.7,143,10.800000000000011,4678.88913072191,False,True,False,0
9887,298.8,309.6,1903,22.3,145,10.800000000000011,4443.98177603749,False,True,False,0
9888,298.8,309.5,1368,44.7,147,10.699999999999989,6403.571137665147,False,True,False,0
9889,298.8,309.6,1575,34.4,149,10.800000000000011,5673.716332383166,False,False,True,0
9890,298.8,309.6,1516,40.2,152,10.800000000000011,6381.95698020845,True,False,False,0
9891,298.8,309.5,1645,32.8,157,10.699999999999989,5650.259107236361,False,True,False,0
9892,298.8,309.5,1374,48.1,159,10.699999999999989,6920.865784005243,False,True,False,0
9893,298.9,309.7,1407,48.6,161,10.800000000000011,7160.757799033358,True,False,False,0
9894,298.9,309.6,1284,55.3,166,10.700000000000045,7435.647156222465,False,False,True,0
9895,298.9,309.5,1645,31.1,169,10.600000000000023,5357.410312044234,False,True,False,0
9896,298.8,309.4,1387,54.1,171,10.599999999999966,7857.824848987374,False,True,False,0
9897,298.8,309.3,1618,35.1,173,10.5,5947.223388804694,False,False,True,0
9898,298.8,309.3,1357,47.1,176,10.5,6693.131732546519,False,True,False,0
9899,298.7,309.2,1396,44.8,178,10.5,6549.257260987617,False,True,False,0
9900,298.7,309.2,1586,31.4,180,10.5,5215.085692861104,False,True,False,0
9901,298.7,309.2,1449,42.3,182,10.5,6418.5565346227695,True,False,False,0
9902,298.7,309.2,1423,48.9,187,10.5,7286.8927440749885,False,False,True,0
9903,298.7,309.3,1402,45.3,190,10.600000000000023,6650.814479502664,True,False,False,0
9904,298.7,309.2,1437,45.7,195,10.5,6877.040566487665,False,False,True,0
9905,298.6,309.1,1537,35.7,198,10.5,5746.067211195339,False,True,False,0
9906,298.7,309.1,1423,49.5,200,10.400000000000034,7376.302470996155,False,False,True,0
9907,298.6,309.1,1587,37.3,203,10.5,6198.896376283772,False,False,True,0
9908,298.6,309.1,1487,43.2,206,10.5,6727.029517278752,False,False,True,0
9909,298.6,309.0,1456,47.7,0,10.399999999999977,7272.912656766514,False,True,False,0
9910,298.7,309.1,1607,32.7,2,10.400000000000034,5502.907939807489,False,True,False,0
9911,298.6,309.0,1469,46.0,4,10.399999999999977,7076.332732455889,False,True,False,0
9912,298.6,309.0,1481,40.8,6,10.399999999999977,6327.670259154417,False,False,True,0
9913,298.6,308.9,1327,58.8,9,10.299999999999955,8171.031164574763,False,True,False,0
9914,298.5,308.8,1589,30.6,11,10.300000000000011,5091.8305410852645,False,True,False,0
9915,298.5,308.8,1670,29.6,13,10.300000000000011,5176.506935075022,False,True,False,0
9916,298.5,308.7,1662,28.3,15,10.199999999999989,4925.451794151149,False,False,True,0
9917,298.5,308.8,1553,34.9,18,10.300000000000011,5675.779311559023,False,False,True,0
9918,298.5,308.8,1557,36.0,21,10.300000000000011,5869.751713967169,False,False,True,0
9919,298.4,308.8,1352,56.7,24,10.400000000000034,8027.6488758649275,False,True,False,0
9920,298.5,308.8,1305,58.7,26,10.300000000000011,8021.899761308857,False,True,False,0
9921,298.5,308.7,1450,43.9,28,10.199999999999989,6665.936012141942,True,False,False,0
9922,298.5,308.7,1347,48.5,33,10.199999999999989,6841.289242089812,False,False,True,0
9923,298.6,308.8,1566,39.1,36,10.199999999999989,6412.05343782984,True,False,False,0
9924,298.5,308.7,1615,33.3,41,10.199999999999989,5631.776070457741,False,False,True,0
9925,298.5,308.6,1384,54.4,44,10.100000000000023,7884.308475057135,False,False,True,0
9926,298.5,308.7,1367,47.3,47,10.199999999999989,6771.0851182575925,False,False,True,0
9927,298.5,308.6,1897,20.2,50,10.100000000000023,4012.7981843322905,False,False,True,0
9928,298.5,308.6,1522,36.9,53,10.100000000000023,5881.249943079308,False,True,False,0
9929,298.4,308.5,1576,27.4,55,10.100000000000023,4522.050353479195,False,False,True,0
9930,298.4,308.4,1479,39.2,58,10.0,6071.31629862149,True,False,False,0
9931,298.3,308.3,1452,45.5,63,10.0,6918.415341735442,False,True,False,0
9932,298.3,308.3,1432,46.9,65,10.0,7033.062529640446,False,True,False,0
9933,298.3,308.2,1663,28.4,67,9.899999999999977,4945.830258497434,False,True,False,0
9934,298.3,308.3,1597,32.4,69,10.0,5418.493345205531,False,True,False,0
9935,298.3,308.2,1472,44.3,71,9.899999999999977,6828.733343450966,False,True,False,0
9936,298.4,308.3,1452,48.5,73,9.900000000000034,7374.57459503668,False,True,False,0
9937,298.3,308.2,1534,33.2,75,9.899999999999977,5333.251464538129,True,False,False,0
9938,298.3,308.1,1505,46.1,80,9.800000000000011,7265.508970079554,False,True,False,0
9939,298.3,308.1,1528,33.9,82,9.800000000000011,5424.39953939428,False,True,False,0
9940,298.3,308.1,2636,12.8,84,9.800000000000011,3533.3283135414167,True,False,False,0
9941,298.3,308.1,1722,28.6,89,9.800000000000011,5157.364163839148,False,False,True,0
9942,298.4,308.1,1395,44.0,92,9.700000000000045,6427.698569244716,False,True,False,0
9943,298.4,308.1,1375,50.8,94,9.700000000000045,7314.6748951082345,False,True,False,0
9944,298.3,308.0,1766,26.0,96,9.699999999999989,4808.312276074298,False,False,True,0
9945,298.3,307.9,1399,47.8,99,9.599999999999966,7002.840408312912,False,True,False,0
9946,298.3,308.0,1578,37.8,101,9.699999999999989,6246.365841279513,False,True,False,0
9947,298.3,307.9,1502,42.0,103,9.599999999999966,6606.1410319686165,False,True,False,0
9948,298.2,307.9,1529,36.6,105,9.699999999999989,5860.264104153328,False,False,True,0
9949,298.2,307.8,1804,25.1,108,9.600000000000023,4741.7523997202425,False,True,False,0
9950,298.2,307.8,1411,53.4,110,9.600000000000023,7890.3612769030515,False,False,True,0
9951,298.1,307.8,1413,54.1,113,9.699999999999989,8005.123656538688,False,True,False,0
9952,298.2,307.8,1355,59.4,115,9.600000000000023,8428.578930316056,False,True,False,0
9953,298.2,307.8,1429,46.9,117,9.600000000000023,7018.328460095108,False,True,False,0
9954,298.1,307.8,1565,35.3,119,9.699999999999989,5785.190511708043,False,True,False,0
9955,298.1,307.9,1446,42.8,121,9.799999999999955,6480.9799806495985,False,False,True,0
9956,298.2,307.9,1462,38.8,124,9.699999999999989,5940.290941015772,False,False,True,0
9957,298.2,307.8,1578,34.5,127,9.600000000000023,5701.048188469397,False,False,True,0
9958,298.1,307.8,1606,33.0,130,9.699999999999989,5549.9375818317285,False,True,False,0
9959,298.1,307.8,1525,35.9,132,9.699999999999989,5733.144793413573,False,False,True,0
9960,298.1,307.8,1379,49.1,135,9.699999999999989,7090.459427421532,False,True,False,0
9961,298.2,307.8,1575,35.0,137,9.600000000000023,5772.676500971244,False,True,False,0
9962,298.2,307.9,1399,54.9,139,9.699999999999989,8043.011263940979,False,True,False,0
9963,298.2,307.9,1429,49.4,141,9.699999999999989,7392.439785260093,False,True,False,0
9964,298.3,307.9,1435,39.9,143,9.599999999999966,5995.886659008799,False,True,False,0
9965,298.3,307.9,1766,26.5,145,9.599999999999966,4900.779819844957,False,True,False,0
9966,298.3,307.9,1703,28.9,147,9.599999999999966,5153.960771797759,False,True,False,0
9967,298.3,307.9,1507,41.2,149,9.599999999999966,6501.882043771484,False,True,False,0
9968,298.3,307.9,1609,32.4,151,9.599999999999966,5459.208385996055,False,False,True,0
9969,298.4,308.0,1605,32.4,154,9.600000000000023,5445.636705732547,False,True,False,0
9970,298.4,308.1,1491,50.0,156,9.700000000000045,7806.857744170636,False,True,False,0
9971,298.4,308.1,1891,24.7,158,9.700000000000045,4891.218906202532,True,False,False,0
9972,298.5,308.2,1563,44.6,163,9.699999999999989,7299.993185440459,True,False,False,0
9973,298.6,308.2,1390,51.4,168,9.599999999999966,7481.807624279211,False,True,False,0
9974,298.5,308.2,1444,40.5,170,9.699999999999989,6124.220718907943,False,True,False,0
9975,298.6,308.2,1361,68.2,172,9.599999999999966,9720.108614157843,False,True,False,1
9976,298.6,308.3,1589,34.1,174,9.699999999999989,5674.229459183252,False,False,True,0
9977,298.6,308.2,1705,26.3,177,9.599999999999966,4695.790899198223,False,True,False,0
9978,298.6,308.3,1422,40.4,179,9.699999999999989,6016.024267918309,False,True,False,0
9979,298.6,308.3,1377,52.1,181,9.699999999999989,7512.773255868095,True,False,False,0
9980,298.5,308.3,1334,49.8,186,9.800000000000011,6956.8684358153805,False,True,False,0
9981,298.6,308.4,1559,36.6,188,9.799999999999955,5975.246395274715,False,True,False,0
9982,298.7,308.5,1353,47.0,190,9.800000000000011,6659.233947814284,False,True,False,0
9983,298.7,308.4,1507,45.7,192,9.699999999999989,7212.039063115457,False,False,True,0
9984,298.7,308.4,1694,28.7,195,9.699999999999989,5091.244110456594,False,True,False,0
9985,298.7,308.4,1432,42.8,197,9.699999999999989,6418.231903381899,True,False,False,0
9986,298.7,308.5,1572,35.6,202,9.800000000000011,5860.452599712544,True,False,False,0
9987,298.8,308.6,1507,42.3,207,9.800000000000011,6675.475981833343,False,False,True,0
9988,298.8,308.6,1500,37.1,210,9.800000000000011,5827.654372409066,False,False,True,0
9989,298.9,308.6,1771,24.1,213,9.700000000000045,4469.554340237711,False,True,False,0
9990,298.8,308.5,1577,33.2,0,9.699999999999989,5482.7493869469545,False,False,True,0
9991,298.8,308.5,1527,36.2,3,9.699999999999989,5788.635791651481,False,True,False,0
9992,298.9,308.4,1827,26.1,5,9.5,4993.53010695444,False,False,True,0
9993,298.8,308.4,1484,39.2,8,9.599999999999966,6091.841370624944,False,True,False,0
9994,298.8,308.4,1401,47.3,10,9.599999999999966,6939.49542844103,False,True,False,0
9995,298.8,308.3,1634,27.9,12,9.5,4774.0270282481215,False,True,False,0
9996,298.8,308.4,1604,29.5,14,9.599999999999966,4955.129372752061,False,False,True,0
9997,298.9,308.4,1632,31.8,17,9.5,5434.703963298054,True,False,False,0
9998,299.0,308.6,1645,33.4,22,9.600000000000023,5753.617505539467,False,False,True,0
9999,299.0,308.7,1408,48.5,25,9.699999999999989,7151.102637611326,True,False,False,0
10000,299.0,308.7,1500,40.2,30,9.699999999999989,6314.601233715484,False,False,True,0
